Copyright 1986-2022 Xilinx, Inc. All Rights Reserved. Copyright 2022-2025 Advanced Micro Devices, Inc. All Rights Reserved.
------------------------------------------------------------------------------------------------------------------------------------------------------
| Tool Version      : Vivado v.2025.2 (lin64) Build 6299465 Fri Nov 14 12:34:56 MST 2025
| Date              : Sun Jul  5 19:35:10 2026
| Host              : barnard3.esat.kuleuven.be running 64-bit Rocky Linux release 8.10 (Green Obsidian)
| Command           : report_timing -delay_type max -max_paths 50 -sort_by slack -file HeMAiA/target/fpga/hemaia_system/post_physopt_timing_paths.rpt
| Design            : hemaia_system_wrapper
| Device            : xcvp1802-lsvc4072
| Speed File        : -2MP  PRODUCTION 2.08 2024-04-16
| Design State      : Physopt postPlace
| Temperature Grade : E
------------------------------------------------------------------------------------------------------------------------------------------------------

Timing Report

Slack (VIOLATED) :        -0.581ns  (required time - arrival time)
  Source:                 hemaia_system_wrapper/hemaia_system/hemaia_system_axis_vio_0_0/<hidden>/<hidden>
                            (rising edge-triggered cell FDRE clocked by clk_pl_0  {rise@0.000ns fall@2.083ns period=4.166ns})
  Destination:            hemaia_system_i/occamy_chip/inst/i_hemaia_clk_rst_controller/mst_rst_n_d1_mst_clk_reg/CLR
                            (recovery check against rising-edge clock clk_main  {rise@0.000ns fall@2.083ns period=4.166ns})
  Path Group:             **async_default**
  Path Type:              Recovery (Max at Slow Process Corner)
  Requirement:            4.166ns  (clk_main rise@4.166ns - clk_pl_0 rise@0.000ns)
  Data Path Delay:        4.321ns  (logic 0.133ns (3.078%)  route 4.188ns (96.922%))
  Logic Levels:           2  (BUFG_FABRIC=1 LUT2=1)
  Clock Path Skew:        -0.054ns (DCD - SCD + CPR)
    Destination Clock Delay (DCD):    4.467ns = ( 8.633 - 4.166 ) 
    Source Clock Delay      (SCD):    4.970ns
    Clock Pessimism Removal (CPR):    0.449ns
  Clock Uncertainty:      0.266ns  (CJ)/2 + PE + PJ
    Clock Jitter             (CJ):    0.531ns
    Phase Error              (PE):    0.000ns
    Phase Jitter             (PJ):    0.000ns
  Clock Net Delay (Source):      4.865ns (routing 1.923ns, distribution 2.942ns)
  Clock Net Delay (Destination): 4.410ns (routing 1.732ns, distribution 2.677ns)

    Location             Delay type                Incr(ns)  Path(ns)    Netlist Resource(s)
  -------------------------------------------------------------------    -------------------
                         (clock clk_pl_0 rise edge)
                                                      0.000     0.000 r  
    PS9_X0Y0             PS9                          0.000     0.000 r  hemaia_system_i/versal_cips_0/inst/pspmc_0/inst/PS9_inst/PMCRCLKCLK[0]
                         net (fo=1, estimated)        0.000     0.000    hemaia_system_i/versal_cips_0/inst/pspmc_0/inst/pmc_pl_ref_clk[0]
    BUFG_PS_X0Y6         BUFG_PS (Prop_BUFG_PS_I_O)
                                                      0.105     0.105 r  hemaia_system_i/versal_cips_0/inst/pspmc_0/inst/buffer_pl_clk_0.PL_CLK_0_BUFG/O
    X7Y4 (CLOCK_ROOT)    net (fo=705, estimated)      4.865     4.970    hemaia_system_wrapper/hemaia_system/hemaia_system_axis_vio_0_0/<hidden>/<hidden>
    SLR Crossing[0->1]   
    SLICE_X241Y575       FDRE                                         r  hemaia_system_wrapper/hemaia_system/hemaia_system_axis_vio_0_0/<hidden>/<hidden>
  -------------------------------------------------------------------    -------------------
    SLICE_X241Y575       FDRE (Prop_HFF_SLICEM_C_Q)
                                                      0.090     5.060 f  hemaia_system_wrapper/hemaia_system/hemaia_system_axis_vio_0_0/<hidden>/<hidden>
                         net (fo=14, estimated)       0.217     5.277    hemaia_system_i/rst_or_core/Op1[1]
    SLICE_X242Y575       LUT2 (Prop_D6LUT_SLICEL_I1_O)
                                                      0.027     5.304 f  hemaia_system_i/rst_or_core/Res_INST_0/O
                         net (fo=1, estimated)        0.425     5.729    hemaia_system_i/rst_or_core/Res
    BUFG_FABRIC_X3Y161   BUFG_FABRIC (Prop_BUFG_FABRIC_I_O)
                                                      0.016     5.745 f  hemaia_system_i/rst_or_core/Res_BUFG_inst/O
                         net (fo=25326, estimated)    3.546     9.290    hemaia_system_i/occamy_chip/inst/i_hemaia_clk_rst_controller/lopt
    SLICE_X244Y571       FDCE                                         f  hemaia_system_i/occamy_chip/inst/i_hemaia_clk_rst_controller/mst_rst_n_d1_mst_clk_reg/CLR
  -------------------------------------------------------------------    -------------------

                         (clock clk_main rise edge)
                                                      4.166     4.166 r  
    PS9_X0Y0             PS9                          0.000     4.166 r  hemaia_system_i/versal_cips_0/inst/pspmc_0/inst/PS9_inst/PMCRCLKCLK[0]
                         net (fo=1, estimated)        0.000     4.166    hemaia_system_i/versal_cips_0/inst/pspmc_0/inst/pmc_pl_ref_clk[0]
    BUFG_PS_X0Y6         BUFG_PS (Prop_BUFG_PS_I_O)
                                                      0.057     4.223 r  hemaia_system_i/versal_cips_0/inst/pspmc_0/inst/buffer_pl_clk_0.PL_CLK_0_BUFG/O
    X7Y4 (CLOCK_ROOT)    net (fo=705, estimated)      4.410     8.633    hemaia_system_i/occamy_chip/inst/i_hemaia_clk_rst_controller/clk_i
    SLR Crossing[0->1]   
    SLICE_X244Y571       FDCE                                         r  hemaia_system_i/occamy_chip/inst/i_hemaia_clk_rst_controller/mst_rst_n_d1_mst_clk_reg/C
                         clock pessimism              0.449     9.082    
                         clock uncertainty           -0.266     8.816    
    SLICE_X244Y571       FDCE (Recov_AFF_SLICEL_C_CLR)
                                                     -0.107     8.709    hemaia_system_i/occamy_chip/inst/i_hemaia_clk_rst_controller/mst_rst_n_d1_mst_clk_reg
  -------------------------------------------------------------------
                         required time                          8.709    
                         arrival time                          -9.290    
  -------------------------------------------------------------------
                         slack                                 -0.581    

Slack (VIOLATED) :        -0.581ns  (required time - arrival time)
  Source:                 hemaia_system_wrapper/hemaia_system/hemaia_system_axis_vio_0_0/<hidden>/<hidden>
                            (rising edge-triggered cell FDRE clocked by clk_pl_0  {rise@0.000ns fall@2.083ns period=4.166ns})
  Destination:            hemaia_system_i/occamy_chip/inst/i_hemaia_clk_rst_controller/mst_rst_n_d2_mst_clk_reg/CLR
                            (recovery check against rising-edge clock clk_main  {rise@0.000ns fall@2.083ns period=4.166ns})
  Path Group:             **async_default**
  Path Type:              Recovery (Max at Slow Process Corner)
  Requirement:            4.166ns  (clk_main rise@4.166ns - clk_pl_0 rise@0.000ns)
  Data Path Delay:        4.321ns  (logic 0.133ns (3.078%)  route 4.188ns (96.922%))
  Logic Levels:           2  (BUFG_FABRIC=1 LUT2=1)
  Clock Path Skew:        -0.054ns (DCD - SCD + CPR)
    Destination Clock Delay (DCD):    4.467ns = ( 8.633 - 4.166 ) 
    Source Clock Delay      (SCD):    4.970ns
    Clock Pessimism Removal (CPR):    0.449ns
  Clock Uncertainty:      0.266ns  (CJ)/2 + PE + PJ
    Clock Jitter             (CJ):    0.531ns
    Phase Error              (PE):    0.000ns
    Phase Jitter             (PJ):    0.000ns
  Clock Net Delay (Source):      4.865ns (routing 1.923ns, distribution 2.942ns)
  Clock Net Delay (Destination): 4.410ns (routing 1.732ns, distribution 2.677ns)

    Location             Delay type                Incr(ns)  Path(ns)    Netlist Resource(s)
  -------------------------------------------------------------------    -------------------
                         (clock clk_pl_0 rise edge)
                                                      0.000     0.000 r  
    PS9_X0Y0             PS9                          0.000     0.000 r  hemaia_system_i/versal_cips_0/inst/pspmc_0/inst/PS9_inst/PMCRCLKCLK[0]
                         net (fo=1, estimated)        0.000     0.000    hemaia_system_i/versal_cips_0/inst/pspmc_0/inst/pmc_pl_ref_clk[0]
    BUFG_PS_X0Y6         BUFG_PS (Prop_BUFG_PS_I_O)
                                                      0.105     0.105 r  hemaia_system_i/versal_cips_0/inst/pspmc_0/inst/buffer_pl_clk_0.PL_CLK_0_BUFG/O
    X7Y4 (CLOCK_ROOT)    net (fo=705, estimated)      4.865     4.970    hemaia_system_wrapper/hemaia_system/hemaia_system_axis_vio_0_0/<hidden>/<hidden>
    SLR Crossing[0->1]   
    SLICE_X241Y575       FDRE                                         r  hemaia_system_wrapper/hemaia_system/hemaia_system_axis_vio_0_0/<hidden>/<hidden>
  -------------------------------------------------------------------    -------------------
    SLICE_X241Y575       FDRE (Prop_HFF_SLICEM_C_Q)
                                                      0.090     5.060 f  hemaia_system_wrapper/hemaia_system/hemaia_system_axis_vio_0_0/<hidden>/<hidden>
                         net (fo=14, estimated)       0.217     5.277    hemaia_system_i/rst_or_core/Op1[1]
    SLICE_X242Y575       LUT2 (Prop_D6LUT_SLICEL_I1_O)
                                                      0.027     5.304 f  hemaia_system_i/rst_or_core/Res_INST_0/O
                         net (fo=1, estimated)        0.425     5.729    hemaia_system_i/rst_or_core/Res
    BUFG_FABRIC_X3Y161   BUFG_FABRIC (Prop_BUFG_FABRIC_I_O)
                                                      0.016     5.745 f  hemaia_system_i/rst_or_core/Res_BUFG_inst/O
                         net (fo=25326, estimated)    3.546     9.290    hemaia_system_i/occamy_chip/inst/i_hemaia_clk_rst_controller/lopt
    SLICE_X244Y571       FDCE                                         f  hemaia_system_i/occamy_chip/inst/i_hemaia_clk_rst_controller/mst_rst_n_d2_mst_clk_reg/CLR
  -------------------------------------------------------------------    -------------------

                         (clock clk_main rise edge)
                                                      4.166     4.166 r  
    PS9_X0Y0             PS9                          0.000     4.166 r  hemaia_system_i/versal_cips_0/inst/pspmc_0/inst/PS9_inst/PMCRCLKCLK[0]
                         net (fo=1, estimated)        0.000     4.166    hemaia_system_i/versal_cips_0/inst/pspmc_0/inst/pmc_pl_ref_clk[0]
    BUFG_PS_X0Y6         BUFG_PS (Prop_BUFG_PS_I_O)
                                                      0.057     4.223 r  hemaia_system_i/versal_cips_0/inst/pspmc_0/inst/buffer_pl_clk_0.PL_CLK_0_BUFG/O
    X7Y4 (CLOCK_ROOT)    net (fo=705, estimated)      4.410     8.633    hemaia_system_i/occamy_chip/inst/i_hemaia_clk_rst_controller/clk_i
    SLR Crossing[0->1]   
    SLICE_X244Y571       FDCE                                         r  hemaia_system_i/occamy_chip/inst/i_hemaia_clk_rst_controller/mst_rst_n_d2_mst_clk_reg/C
                         clock pessimism              0.449     9.082    
                         clock uncertainty           -0.266     8.816    
    SLICE_X244Y571       FDCE (Recov_AFF2_SLICEL_C_CLR)
                                                     -0.107     8.709    hemaia_system_i/occamy_chip/inst/i_hemaia_clk_rst_controller/mst_rst_n_d2_mst_clk_reg
  -------------------------------------------------------------------
                         required time                          8.709    
                         arrival time                          -9.290    
  -------------------------------------------------------------------
                         slack                                 -0.581    

Slack (MET) :             0.004ns  (required time - arrival time)
  Source:                 hemaia_system_wrapper/hemaia_system/hemaia_system_axis_vio_0_0/<hidden>/<hidden>
                            (rising edge-triggered cell FDRE clocked by clk_pl_0  {rise@0.000ns fall@2.083ns period=4.166ns})
  Destination:            u_ila_0/inst/axis_mu0_3/inst/ALLX.u_allx_carry/co_temp_reg/D
                            (rising edge-triggered cell FDRE clocked by clk_pl_0  {rise@0.000ns fall@2.083ns period=4.166ns})
  Path Group:             clk_pl_0
  Path Type:              Setup (Max at Slow Process Corner)
  Requirement:            4.166ns  (clk_pl_0 rise@4.166ns - clk_pl_0 rise@0.000ns)
  Data Path Delay:        3.215ns  (logic 0.294ns (9.145%)  route 2.921ns (90.855%))
  Logic Levels:           3  (LUT2=1 LUT3=1 SRL16E=1)
  Clock Path Skew:        -0.618ns (DCD - SCD + CPR)
    Destination Clock Delay (DCD):    4.090ns = ( 8.256 - 4.166 ) 
    Source Clock Delay      (SCD):    4.970ns
    Clock Pessimism Removal (CPR):    0.262ns
  Clock Uncertainty:      0.107ns  (CJ)/2 + PE + PJ
    Clock Jitter             (CJ):    0.215ns
    Phase Error              (PE):    0.000ns
    Phase Jitter             (PJ):    0.000ns
  Inter-SLR Compensation: 0.230ns  ((DCD - CCD) * PF)
    Destination Clock Delay (DCD):    4.090ns
    Common Clock Delay      (CCD):    1.788ns
    Prorating Factor         (PF):    0.100
  Clock Net Delay (Source):      4.865ns (routing 1.923ns, distribution 2.942ns)
  Clock Net Delay (Destination): 4.033ns (routing 1.731ns, distribution 2.302ns)

    Location             Delay type                Incr(ns)  Path(ns)    Netlist Resource(s)
  -------------------------------------------------------------------    -------------------
                         (clock clk_pl_0 rise edge)
                                                      0.000     0.000 r  
    PS9_X0Y0             PS9                          0.000     0.000 r  hemaia_system_i/versal_cips_0/inst/pspmc_0/inst/PS9_inst/PMCRCLKCLK[0]
                         net (fo=1, estimated)        0.000     0.000    hemaia_system_i/versal_cips_0/inst/pspmc_0/inst/pmc_pl_ref_clk[0]
    BUFG_PS_X0Y6         BUFG_PS (Prop_BUFG_PS_I_O)
                                                      0.105     0.105 r  hemaia_system_i/versal_cips_0/inst/pspmc_0/inst/buffer_pl_clk_0.PL_CLK_0_BUFG/O
    X7Y4 (CLOCK_ROOT)    net (fo=705, estimated)      4.865     4.970    hemaia_system_wrapper/hemaia_system/hemaia_system_axis_vio_0_0/<hidden>/<hidden>
    SLR Crossing[0->1]   
    SLICE_X241Y575       FDRE                                         r  hemaia_system_wrapper/hemaia_system/hemaia_system_axis_vio_0_0/<hidden>/<hidden>
  -------------------------------------------------------------------    -------------------
    SLICE_X241Y575       FDRE (Prop_HFF_SLICEM_C_Q)
                                                      0.090     5.060 r  hemaia_system_wrapper/hemaia_system/hemaia_system_axis_vio_0_0/<hidden>/<hidden>
                         net (fo=14, estimated)       2.352     7.412    u_ila_0/inst/axis_mu0_3/inst/ALLX.L2_NFULL.u_allx/last.l1_last_cfglut/I0
    SLR Crossing[1->0]   
    SLICE_X255Y330       SRL16E (Prop_A5LUT_SLICEM_A0_Q)
                                                      0.127     7.539 r  u_ila_0/inst/axis_mu0_3/inst/ALLX.L2_NFULL.u_allx/last.l1_last_cfglut/S2/Q
                         net (fo=1, estimated)        0.272     7.811    u_ila_0/inst/axis_mu0_3/inst/ALLX.u_allx_carry/DI[0]
    SLICE_X255Y330       LUT3 (Prop_D6LUT_SLICEM_I0_O)
                                                      0.050     7.861 r  u_ila_0/inst/axis_mu0_3/inst/ALLX.u_allx_carry/LA8_TRANSFORM_NIY/O
                         net (fo=1, estimated)        0.239     8.100    u_ila_0/inst/axis_mu0_3/inst/ALLX.u_allx_carry/O52_net_3
    SLICE_X254Y327       LUT2 (Prop_B6LUT_SLICEL_I1_O)
                                                      0.027     8.127 r  u_ila_0/inst/axis_mu0_3/inst/ALLX.u_allx_carry/co_temp_i_1/O
                         net (fo=1, routed)           0.058     8.185    u_ila_0/inst/axis_mu0_3/inst/ALLX.u_allx_carry/co_temp_i_1_n_0
    SLICE_X254Y327       FDRE                                         r  u_ila_0/inst/axis_mu0_3/inst/ALLX.u_allx_carry/co_temp_reg/D
  -------------------------------------------------------------------    -------------------

                         (clock clk_pl_0 rise edge)
                                                      4.166     4.166 r  
    PS9_X0Y0             PS9                          0.000     4.166 r  hemaia_system_i/versal_cips_0/inst/pspmc_0/inst/PS9_inst/PMCRCLKCLK[0]
                         net (fo=1, estimated)        0.000     4.166    hemaia_system_i/versal_cips_0/inst/pspmc_0/inst/pmc_pl_ref_clk[0]
    BUFG_PS_X0Y6         BUFG_PS (Prop_BUFG_PS_I_O)
                                                      0.057     4.223 r  hemaia_system_i/versal_cips_0/inst/pspmc_0/inst/buffer_pl_clk_0.PL_CLK_0_BUFG/O
    X7Y4 (CLOCK_ROOT)    net (fo=705, estimated)      4.033     8.256    u_ila_0/inst/axis_mu0_3/inst/ALLX.u_allx_carry/clk
    SLICE_X254Y327       FDRE                                         r  u_ila_0/inst/axis_mu0_3/inst/ALLX.u_allx_carry/co_temp_reg/C
                         clock pessimism              0.262     8.518    
                         inter-SLR compensation      -0.230     8.288    
                         clock uncertainty           -0.107     8.180    
    SLICE_X254Y327       FDRE (Setup_BFF2_SLICEL_C_D)
                                                      0.008     8.188    u_ila_0/inst/axis_mu0_3/inst/ALLX.u_allx_carry/co_temp_reg
  -------------------------------------------------------------------
                         required time                          8.188    
                         arrival time                          -8.185    
  -------------------------------------------------------------------
                         slack                                  0.004    

Slack (MET) :             0.033ns  (required time - arrival time)
  Source:                 hemaia_system_wrapper/hemaia_system/hemaia_system_axis_vio_0_0/<hidden>/<hidden>
                            (rising edge-triggered cell FDRE clocked by clk_pl_0  {rise@0.000ns fall@2.083ns period=4.166ns})
  Destination:            u_ila_0/inst/axis_mu0_0/inst/ALLX.u_allx_carry/co_temp_reg/D
                            (rising edge-triggered cell FDRE clocked by clk_pl_0  {rise@0.000ns fall@2.083ns period=4.166ns})
  Path Group:             clk_pl_0
  Path Type:              Setup (Max at Slow Process Corner)
  Requirement:            4.166ns  (clk_pl_0 rise@4.166ns - clk_pl_0 rise@0.000ns)
  Data Path Delay:        3.339ns  (logic 0.387ns (11.590%)  route 2.952ns (88.410%))
  Logic Levels:           3  (LUT2=1 LUT3=1 SRL16E=1)
  Clock Path Skew:        -0.447ns (DCD - SCD + CPR)
    Destination Clock Delay (DCD):    4.261ns = ( 8.427 - 4.166 ) 
    Source Clock Delay      (SCD):    4.970ns
    Clock Pessimism Removal (CPR):    0.262ns
  Clock Uncertainty:      0.107ns  (CJ)/2 + PE + PJ
    Clock Jitter             (CJ):    0.215ns
    Phase Error              (PE):    0.000ns
    Phase Jitter             (PJ):    0.000ns
  Inter-SLR Compensation: 0.247ns  ((DCD - CCD) * PF)
    Destination Clock Delay (DCD):    4.261ns
    Common Clock Delay      (CCD):    1.788ns
    Prorating Factor         (PF):    0.100
  Clock Net Delay (Source):      4.865ns (routing 1.923ns, distribution 2.942ns)
  Clock Net Delay (Destination): 4.204ns (routing 1.731ns, distribution 2.473ns)

    Location             Delay type                Incr(ns)  Path(ns)    Netlist Resource(s)
  -------------------------------------------------------------------    -------------------
                         (clock clk_pl_0 rise edge)
                                                      0.000     0.000 r  
    PS9_X0Y0             PS9                          0.000     0.000 r  hemaia_system_i/versal_cips_0/inst/pspmc_0/inst/PS9_inst/PMCRCLKCLK[0]
                         net (fo=1, estimated)        0.000     0.000    hemaia_system_i/versal_cips_0/inst/pspmc_0/inst/pmc_pl_ref_clk[0]
    BUFG_PS_X0Y6         BUFG_PS (Prop_BUFG_PS_I_O)
                                                      0.105     0.105 r  hemaia_system_i/versal_cips_0/inst/pspmc_0/inst/buffer_pl_clk_0.PL_CLK_0_BUFG/O
    X7Y4 (CLOCK_ROOT)    net (fo=705, estimated)      4.865     4.970    hemaia_system_wrapper/hemaia_system/hemaia_system_axis_vio_0_0/<hidden>/<hidden>
    SLR Crossing[0->1]   
    SLICE_X241Y575       FDRE                                         r  hemaia_system_wrapper/hemaia_system/hemaia_system_axis_vio_0_0/<hidden>/<hidden>
  -------------------------------------------------------------------    -------------------
    SLICE_X241Y575       FDRE (Prop_HFF_SLICEM_C_Q)
                                                      0.090     5.060 r  hemaia_system_wrapper/hemaia_system/hemaia_system_axis_vio_0_0/<hidden>/<hidden>
                         net (fo=14, estimated)       2.379     7.439    u_ila_0/inst/axis_mu0_0/inst/ALLX.L2_NFULL.u_allx/last.l1_last_cfglut/I0
    SLR Crossing[1->0]   
    SLICE_X255Y327       SRL16E (Prop_A5LUT_SLICEM_A0_Q)
                                                      0.127     7.566 r  u_ila_0/inst/axis_mu0_0/inst/ALLX.L2_NFULL.u_allx/last.l1_last_cfglut/S2/Q
                         net (fo=1, estimated)        0.233     7.799    u_ila_0/inst/axis_mu0_0/inst/ALLX.u_allx_carry/DI[0]
    SLICE_X255Y326       LUT3 (Prop_B6LUT_SLICEM_I0_O)
                                                      0.050     7.849 r  u_ila_0/inst/axis_mu0_0/inst/ALLX.u_allx_carry/LA8_TRANSFORM_NIY/O
                         net (fo=1, estimated)        0.273     8.122    u_ila_0/inst/axis_mu0_0/inst/ALLX.u_allx_carry/O52_net_3
    SLICE_X255Y322       LUT2 (Prop_A6LUT_SLICEM_I1_O)
                                                      0.120     8.242 r  u_ila_0/inst/axis_mu0_0/inst/ALLX.u_allx_carry/co_temp_i_1/O
                         net (fo=1, routed)           0.067     8.309    u_ila_0/inst/axis_mu0_0/inst/ALLX.u_allx_carry/co_temp_i_1_n_0
    SLICE_X255Y322       FDRE                                         r  u_ila_0/inst/axis_mu0_0/inst/ALLX.u_allx_carry/co_temp_reg/D
  -------------------------------------------------------------------    -------------------

                         (clock clk_pl_0 rise edge)
                                                      4.166     4.166 r  
    PS9_X0Y0             PS9                          0.000     4.166 r  hemaia_system_i/versal_cips_0/inst/pspmc_0/inst/PS9_inst/PMCRCLKCLK[0]
                         net (fo=1, estimated)        0.000     4.166    hemaia_system_i/versal_cips_0/inst/pspmc_0/inst/pmc_pl_ref_clk[0]
    BUFG_PS_X0Y6         BUFG_PS (Prop_BUFG_PS_I_O)
                                                      0.057     4.223 r  hemaia_system_i/versal_cips_0/inst/pspmc_0/inst/buffer_pl_clk_0.PL_CLK_0_BUFG/O
    X7Y4 (CLOCK_ROOT)    net (fo=705, estimated)      4.204     8.427    u_ila_0/inst/axis_mu0_0/inst/ALLX.u_allx_carry/clk
    SLICE_X255Y322       FDRE                                         r  u_ila_0/inst/axis_mu0_0/inst/ALLX.u_allx_carry/co_temp_reg/C
                         clock pessimism              0.262     8.689    
                         inter-SLR compensation      -0.247     8.442    
                         clock uncertainty           -0.107     8.334    
    SLICE_X255Y322       FDRE (Setup_AFF2_SLICEM_C_D)
                                                      0.007     8.341    u_ila_0/inst/axis_mu0_0/inst/ALLX.u_allx_carry/co_temp_reg
  -------------------------------------------------------------------
                         required time                          8.341    
                         arrival time                          -8.309    
  -------------------------------------------------------------------
                         slack                                  0.033    

Slack (MET) :             0.035ns  (required time - arrival time)
  Source:                 hemaia_system_wrapper/hemaia_system/hemaia_system_axis_vio_0_0/<hidden>/<hidden>
                            (rising edge-triggered cell FDRE clocked by clk_pl_0  {rise@0.000ns fall@2.083ns period=4.166ns})
  Destination:            u_ila_0/inst/axis_mu0_1/inst/ALLX.u_allx_carry/co_temp_reg/D
                            (rising edge-triggered cell FDRE clocked by clk_pl_0  {rise@0.000ns fall@2.083ns period=4.166ns})
  Path Group:             clk_pl_0
  Path Type:              Setup (Max at Slow Process Corner)
  Requirement:            4.166ns  (clk_pl_0 rise@4.166ns - clk_pl_0 rise@0.000ns)
  Data Path Delay:        3.248ns  (logic 0.294ns (9.052%)  route 2.954ns (90.948%))
  Logic Levels:           3  (LUT2=1 LUT3=1 SRL16E=1)
  Clock Path Skew:        -0.545ns (DCD - SCD + CPR)
    Destination Clock Delay (DCD):    4.163ns = ( 8.329 - 4.166 ) 
    Source Clock Delay      (SCD):    4.970ns
    Clock Pessimism Removal (CPR):    0.262ns
  Clock Uncertainty:      0.107ns  (CJ)/2 + PE + PJ
    Clock Jitter             (CJ):    0.215ns
    Phase Error              (PE):    0.000ns
    Phase Jitter             (PJ):    0.000ns
  Inter-SLR Compensation: 0.238ns  ((DCD - CCD) * PF)
    Destination Clock Delay (DCD):    4.163ns
    Common Clock Delay      (CCD):    1.788ns
    Prorating Factor         (PF):    0.100
  Clock Net Delay (Source):      4.865ns (routing 1.923ns, distribution 2.942ns)
  Clock Net Delay (Destination): 4.106ns (routing 1.731ns, distribution 2.375ns)

    Location             Delay type                Incr(ns)  Path(ns)    Netlist Resource(s)
  -------------------------------------------------------------------    -------------------
                         (clock clk_pl_0 rise edge)
                                                      0.000     0.000 r  
    PS9_X0Y0             PS9                          0.000     0.000 r  hemaia_system_i/versal_cips_0/inst/pspmc_0/inst/PS9_inst/PMCRCLKCLK[0]
                         net (fo=1, estimated)        0.000     0.000    hemaia_system_i/versal_cips_0/inst/pspmc_0/inst/pmc_pl_ref_clk[0]
    BUFG_PS_X0Y6         BUFG_PS (Prop_BUFG_PS_I_O)
                                                      0.105     0.105 r  hemaia_system_i/versal_cips_0/inst/pspmc_0/inst/buffer_pl_clk_0.PL_CLK_0_BUFG/O
    X7Y4 (CLOCK_ROOT)    net (fo=705, estimated)      4.865     4.970    hemaia_system_wrapper/hemaia_system/hemaia_system_axis_vio_0_0/<hidden>/<hidden>
    SLR Crossing[0->1]   
    SLICE_X241Y575       FDRE                                         r  hemaia_system_wrapper/hemaia_system/hemaia_system_axis_vio_0_0/<hidden>/<hidden>
  -------------------------------------------------------------------    -------------------
    SLICE_X241Y575       FDRE (Prop_HFF_SLICEM_C_Q)
                                                      0.090     5.060 r  hemaia_system_wrapper/hemaia_system/hemaia_system_axis_vio_0_0/<hidden>/<hidden>
                         net (fo=14, estimated)       2.342     7.402    u_ila_0/inst/axis_mu0_1/inst/ALLX.L2_NFULL.u_allx/last.l1_last_cfglut/I0
    SLR Crossing[1->0]   
    SLICE_X251Y329       SRL16E (Prop_A5LUT_SLICEM_A0_Q)
                                                      0.127     7.529 r  u_ila_0/inst/axis_mu0_1/inst/ALLX.L2_NFULL.u_allx/last.l1_last_cfglut/S2/Q
                         net (fo=1, estimated)        0.240     7.769    u_ila_0/inst/axis_mu0_1/inst/ALLX.u_allx_carry/DI[0]
    SLICE_X251Y329       LUT3 (Prop_B6LUT_SLICEM_I0_O)
                                                      0.029     7.798 r  u_ila_0/inst/axis_mu0_1/inst/ALLX.u_allx_carry/LA8_TRANSFORM_NIY/O
                         net (fo=1, estimated)        0.315     8.113    u_ila_0/inst/axis_mu0_1/inst/ALLX.u_allx_carry/O52_net_3
    SLICE_X254Y318       LUT2 (Prop_H6LUT_SLICEL_I1_O)
                                                      0.048     8.161 r  u_ila_0/inst/axis_mu0_1/inst/ALLX.u_allx_carry/co_temp_i_1/O
                         net (fo=1, routed)           0.057     8.218    u_ila_0/inst/axis_mu0_1/inst/ALLX.u_allx_carry/co_temp_i_1_n_0
    SLICE_X254Y318       FDRE                                         r  u_ila_0/inst/axis_mu0_1/inst/ALLX.u_allx_carry/co_temp_reg/D
  -------------------------------------------------------------------    -------------------

                         (clock clk_pl_0 rise edge)
                                                      4.166     4.166 r  
    PS9_X0Y0             PS9                          0.000     4.166 r  hemaia_system_i/versal_cips_0/inst/pspmc_0/inst/PS9_inst/PMCRCLKCLK[0]
                         net (fo=1, estimated)        0.000     4.166    hemaia_system_i/versal_cips_0/inst/pspmc_0/inst/pmc_pl_ref_clk[0]
    BUFG_PS_X0Y6         BUFG_PS (Prop_BUFG_PS_I_O)
                                                      0.057     4.223 r  hemaia_system_i/versal_cips_0/inst/pspmc_0/inst/buffer_pl_clk_0.PL_CLK_0_BUFG/O
    X7Y4 (CLOCK_ROOT)    net (fo=705, estimated)      4.106     8.329    u_ila_0/inst/axis_mu0_1/inst/ALLX.u_allx_carry/clk
    SLICE_X254Y318       FDRE                                         r  u_ila_0/inst/axis_mu0_1/inst/ALLX.u_allx_carry/co_temp_reg/C
                         clock pessimism              0.262     8.591    
                         inter-SLR compensation      -0.238     8.353    
                         clock uncertainty           -0.107     8.246    
    SLICE_X254Y318       FDRE (Setup_HFF2_SLICEL_C_D)
                                                      0.007     8.253    u_ila_0/inst/axis_mu0_1/inst/ALLX.u_allx_carry/co_temp_reg
  -------------------------------------------------------------------
                         required time                          8.253    
                         arrival time                          -8.218    
  -------------------------------------------------------------------
                         slack                                  0.035    

Slack (MET) :             0.210ns  (required time - arrival time)
  Source:                 hemaia_system_wrapper/hemaia_system/hemaia_system_axis_vio_0_0/<hidden>/<hidden>
                            (rising edge-triggered cell FDRE clocked by clk_pl_0  {rise@0.000ns fall@2.083ns period=4.166ns})
  Destination:            u_ila_0/inst/axis_mu0_2/inst/ALLX.u_allx_carry/co_temp_reg/D
                            (rising edge-triggered cell FDRE clocked by clk_pl_0  {rise@0.000ns fall@2.083ns period=4.166ns})
  Path Group:             clk_pl_0
  Path Type:              Setup (Max at Slow Process Corner)
  Requirement:            4.166ns  (clk_pl_0 rise@4.166ns - clk_pl_0 rise@0.000ns)
  Data Path Delay:        3.099ns  (logic 0.247ns (7.970%)  route 2.852ns (92.030%))
  Logic Levels:           2  (LUT4=1 SRL16E=1)
  Clock Path Skew:        -0.515ns (DCD - SCD + CPR)
    Destination Clock Delay (DCD):    4.193ns = ( 8.359 - 4.166 ) 
    Source Clock Delay      (SCD):    4.970ns
    Clock Pessimism Removal (CPR):    0.262ns
  Clock Uncertainty:      0.107ns  (CJ)/2 + PE + PJ
    Clock Jitter             (CJ):    0.215ns
    Phase Error              (PE):    0.000ns
    Phase Jitter             (PJ):    0.000ns
  Inter-SLR Compensation: 0.241ns  ((DCD - CCD) * PF)
    Destination Clock Delay (DCD):    4.193ns
    Common Clock Delay      (CCD):    1.788ns
    Prorating Factor         (PF):    0.100
  Clock Net Delay (Source):      4.865ns (routing 1.923ns, distribution 2.942ns)
  Clock Net Delay (Destination): 4.136ns (routing 1.731ns, distribution 2.405ns)

    Location             Delay type                Incr(ns)  Path(ns)    Netlist Resource(s)
  -------------------------------------------------------------------    -------------------
                         (clock clk_pl_0 rise edge)
                                                      0.000     0.000 r  
    PS9_X0Y0             PS9                          0.000     0.000 r  hemaia_system_i/versal_cips_0/inst/pspmc_0/inst/PS9_inst/PMCRCLKCLK[0]
                         net (fo=1, estimated)        0.000     0.000    hemaia_system_i/versal_cips_0/inst/pspmc_0/inst/pmc_pl_ref_clk[0]
    BUFG_PS_X0Y6         BUFG_PS (Prop_BUFG_PS_I_O)
                                                      0.105     0.105 r  hemaia_system_i/versal_cips_0/inst/pspmc_0/inst/buffer_pl_clk_0.PL_CLK_0_BUFG/O
    X7Y4 (CLOCK_ROOT)    net (fo=705, estimated)      4.865     4.970    hemaia_system_wrapper/hemaia_system/hemaia_system_axis_vio_0_0/<hidden>/<hidden>
    SLR Crossing[0->1]   
    SLICE_X241Y575       FDRE                                         r  hemaia_system_wrapper/hemaia_system/hemaia_system_axis_vio_0_0/<hidden>/<hidden>
  -------------------------------------------------------------------    -------------------
    SLICE_X241Y575       FDRE (Prop_HFF_SLICEM_C_Q)
                                                      0.090     5.060 r  hemaia_system_wrapper/hemaia_system/hemaia_system_axis_vio_0_0/<hidden>/<hidden>
                         net (fo=14, estimated)       2.434     7.494    u_ila_0/inst/axis_mu0_2/inst/ALLX.L2_NFULL.u_allx/last.l1_last_cfglut/I0
    SLR Crossing[1->0]   
    SLICE_X257Y331       SRL16E (Prop_A5LUT_SLICEM_A0_Q)
                                                      0.127     7.621 r  u_ila_0/inst/axis_mu0_2/inst/ALLX.L2_NFULL.u_allx/last.l1_last_cfglut/S2/Q
                         net (fo=1, estimated)        0.367     7.988    u_ila_0/inst/axis_mu0_2/inst/ALLX.u_allx_carry/DI[0]
    SLICE_X257Y318       LUT4 (Prop_H6LUT_SLICEM_I3_O)
                                                      0.030     8.018 r  u_ila_0/inst/axis_mu0_2/inst/ALLX.u_allx_carry/co_temp_i_1_comp/O
                         net (fo=1, routed)           0.051     8.069    u_ila_0/inst/axis_mu0_2/inst/ALLX.u_allx_carry/co_temp_i_1_n_0
    SLICE_X257Y318       FDRE                                         r  u_ila_0/inst/axis_mu0_2/inst/ALLX.u_allx_carry/co_temp_reg/D
  -------------------------------------------------------------------    -------------------

                         (clock clk_pl_0 rise edge)
                                                      4.166     4.166 r  
    PS9_X0Y0             PS9                          0.000     4.166 r  hemaia_system_i/versal_cips_0/inst/pspmc_0/inst/PS9_inst/PMCRCLKCLK[0]
                         net (fo=1, estimated)        0.000     4.166    hemaia_system_i/versal_cips_0/inst/pspmc_0/inst/pmc_pl_ref_clk[0]
    BUFG_PS_X0Y6         BUFG_PS (Prop_BUFG_PS_I_O)
                                                      0.057     4.223 r  hemaia_system_i/versal_cips_0/inst/pspmc_0/inst/buffer_pl_clk_0.PL_CLK_0_BUFG/O
    X7Y4 (CLOCK_ROOT)    net (fo=705, estimated)      4.136     8.359    u_ila_0/inst/axis_mu0_2/inst/ALLX.u_allx_carry/clk
    SLICE_X257Y318       FDRE                                         r  u_ila_0/inst/axis_mu0_2/inst/ALLX.u_allx_carry/co_temp_reg/C
                         clock pessimism              0.262     8.621    
                         inter-SLR compensation      -0.241     8.380    
                         clock uncertainty           -0.107     8.273    
    SLICE_X257Y318       FDRE (Setup_HFF2_SLICEM_C_D)
                                                      0.006     8.279    u_ila_0/inst/axis_mu0_2/inst/ALLX.u_allx_carry/co_temp_reg
  -------------------------------------------------------------------
                         required time                          8.279    
                         arrival time                          -8.069    
  -------------------------------------------------------------------
                         slack                                  0.210    

Slack (MET) :             0.503ns  (required time - arrival time)
  Source:                 hemaia_system_wrapper/hemaia_system/hemaia_system_axis_vio_0_0/<hidden>/<hidden>
                            (rising edge-triggered cell FDRE clocked by clk_pl_0  {rise@0.000ns fall@2.083ns period=4.166ns})
  Destination:            u_ila_0/inst/axis_mem/inst/FF_MEM_PROBE0.shift_probe0_reg[0][0]/D
                            (rising edge-triggered cell FDRE clocked by clk_pl_0  {rise@0.000ns fall@2.083ns period=4.166ns})
  Path Group:             clk_pl_0
  Path Type:              Setup (Max at Slow Process Corner)
  Requirement:            4.166ns  (clk_pl_0 rise@4.166ns - clk_pl_0 rise@0.000ns)
  Data Path Delay:        2.699ns  (logic 0.090ns (3.335%)  route 2.609ns (96.665%))
  Logic Levels:           0  
  Clock Path Skew:        -0.635ns (DCD - SCD + CPR)
    Destination Clock Delay (DCD):    4.073ns = ( 8.239 - 4.166 ) 
    Source Clock Delay      (SCD):    4.970ns
    Clock Pessimism Removal (CPR):    0.262ns
  Clock Uncertainty:      0.107ns  (CJ)/2 + PE + PJ
    Clock Jitter             (CJ):    0.215ns
    Phase Error              (PE):    0.000ns
    Phase Jitter             (PJ):    0.000ns
  Inter-SLR Compensation: 0.229ns  ((DCD - CCD) * PF)
    Destination Clock Delay (DCD):    4.073ns
    Common Clock Delay      (CCD):    1.788ns
    Prorating Factor         (PF):    0.100
  Clock Net Delay (Source):      4.865ns (routing 1.923ns, distribution 2.942ns)
  Clock Net Delay (Destination): 4.016ns (routing 1.731ns, distribution 2.285ns)

    Location             Delay type                Incr(ns)  Path(ns)    Netlist Resource(s)
  -------------------------------------------------------------------    -------------------
                         (clock clk_pl_0 rise edge)
                                                      0.000     0.000 r  
    PS9_X0Y0             PS9                          0.000     0.000 r  hemaia_system_i/versal_cips_0/inst/pspmc_0/inst/PS9_inst/PMCRCLKCLK[0]
                         net (fo=1, estimated)        0.000     0.000    hemaia_system_i/versal_cips_0/inst/pspmc_0/inst/pmc_pl_ref_clk[0]
    BUFG_PS_X0Y6         BUFG_PS (Prop_BUFG_PS_I_O)
                                                      0.105     0.105 r  hemaia_system_i/versal_cips_0/inst/pspmc_0/inst/buffer_pl_clk_0.PL_CLK_0_BUFG/O
    X7Y4 (CLOCK_ROOT)    net (fo=705, estimated)      4.865     4.970    hemaia_system_wrapper/hemaia_system/hemaia_system_axis_vio_0_0/<hidden>/<hidden>
    SLR Crossing[0->1]   
    SLICE_X241Y575       FDRE                                         r  hemaia_system_wrapper/hemaia_system/hemaia_system_axis_vio_0_0/<hidden>/<hidden>
  -------------------------------------------------------------------    -------------------
    SLICE_X241Y575       FDRE (Prop_HFF_SLICEM_C_Q)
                                                      0.090     5.060 r  hemaia_system_wrapper/hemaia_system/hemaia_system_axis_vio_0_0/<hidden>/<hidden>
                         net (fo=14, estimated)       2.609     7.669    u_ila_0/inst/axis_mem/inst/probe0[0]
    SLR Crossing[1->0]   
    SLICE_X263Y316       FDRE                                         r  u_ila_0/inst/axis_mem/inst/FF_MEM_PROBE0.shift_probe0_reg[0][0]/D
  -------------------------------------------------------------------    -------------------

                         (clock clk_pl_0 rise edge)
                                                      4.166     4.166 r  
    PS9_X0Y0             PS9                          0.000     4.166 r  hemaia_system_i/versal_cips_0/inst/pspmc_0/inst/PS9_inst/PMCRCLKCLK[0]
                         net (fo=1, estimated)        0.000     4.166    hemaia_system_i/versal_cips_0/inst/pspmc_0/inst/pmc_pl_ref_clk[0]
    BUFG_PS_X0Y6         BUFG_PS (Prop_BUFG_PS_I_O)
                                                      0.057     4.223 r  hemaia_system_i/versal_cips_0/inst/pspmc_0/inst/buffer_pl_clk_0.PL_CLK_0_BUFG/O
    X7Y4 (CLOCK_ROOT)    net (fo=705, estimated)      4.016     8.239    u_ila_0/inst/axis_mem/inst/clk
    SLICE_X263Y316       FDRE                                         r  u_ila_0/inst/axis_mem/inst/FF_MEM_PROBE0.shift_probe0_reg[0][0]/C
                         clock pessimism              0.262     8.501    
                         inter-SLR compensation      -0.229     8.272    
                         clock uncertainty           -0.107     8.165    
    SLICE_X263Y316       FDRE (Setup_AFF_SLICEM_C_D)
                                                      0.007     8.172    u_ila_0/inst/axis_mem/inst/FF_MEM_PROBE0.shift_probe0_reg[0][0]
  -------------------------------------------------------------------
                         required time                          8.172    
                         arrival time                          -7.669    
  -------------------------------------------------------------------
                         slack                                  0.503    

Slack (MET) :             0.665ns  (required time - arrival time)
  Source:                 hemaia_system_wrapper/hemaia_system/hemaia_system_axis_vio_0_0/<hidden>/<hidden>
                            (rising edge-triggered cell FDRE clocked by clk_pl_0  {rise@0.000ns fall@2.083ns period=4.166ns})
  Destination:            u_ila_0/inst/axis_mu0_2/inst/ALLX.L2_NFULL.u_allx/data_in_dly1_reg[0]/D
                            (rising edge-triggered cell FDRE clocked by clk_pl_0  {rise@0.000ns fall@2.083ns period=4.166ns})
  Path Group:             clk_pl_0
  Path Type:              Setup (Max at Slow Process Corner)
  Requirement:            4.166ns  (clk_pl_0 rise@4.166ns - clk_pl_0 rise@0.000ns)
  Data Path Delay:        2.558ns  (logic 0.090ns (3.518%)  route 2.468ns (96.482%))
  Logic Levels:           0  
  Clock Path Skew:        -0.613ns (DCD - SCD + CPR)
    Destination Clock Delay (DCD):    4.095ns = ( 8.261 - 4.166 ) 
    Source Clock Delay      (SCD):    4.970ns
    Clock Pessimism Removal (CPR):    0.262ns
  Clock Uncertainty:      0.107ns  (CJ)/2 + PE + PJ
    Clock Jitter             (CJ):    0.215ns
    Phase Error              (PE):    0.000ns
    Phase Jitter             (PJ):    0.000ns
  Inter-SLR Compensation: 0.231ns  ((DCD - CCD) * PF)
    Destination Clock Delay (DCD):    4.095ns
    Common Clock Delay      (CCD):    1.788ns
    Prorating Factor         (PF):    0.100
  Clock Net Delay (Source):      4.865ns (routing 1.923ns, distribution 2.942ns)
  Clock Net Delay (Destination): 4.038ns (routing 1.731ns, distribution 2.307ns)

    Location             Delay type                Incr(ns)  Path(ns)    Netlist Resource(s)
  -------------------------------------------------------------------    -------------------
                         (clock clk_pl_0 rise edge)
                                                      0.000     0.000 r  
    PS9_X0Y0             PS9                          0.000     0.000 r  hemaia_system_i/versal_cips_0/inst/pspmc_0/inst/PS9_inst/PMCRCLKCLK[0]
                         net (fo=1, estimated)        0.000     0.000    hemaia_system_i/versal_cips_0/inst/pspmc_0/inst/pmc_pl_ref_clk[0]
    BUFG_PS_X0Y6         BUFG_PS (Prop_BUFG_PS_I_O)
                                                      0.105     0.105 r  hemaia_system_i/versal_cips_0/inst/pspmc_0/inst/buffer_pl_clk_0.PL_CLK_0_BUFG/O
    X7Y4 (CLOCK_ROOT)    net (fo=705, estimated)      4.865     4.970    hemaia_system_wrapper/hemaia_system/hemaia_system_axis_vio_0_0/<hidden>/<hidden>
    SLR Crossing[0->1]   
    SLICE_X241Y575       FDRE                                         r  hemaia_system_wrapper/hemaia_system/hemaia_system_axis_vio_0_0/<hidden>/<hidden>
  -------------------------------------------------------------------    -------------------
    SLICE_X241Y575       FDRE (Prop_HFF_SLICEM_C_Q)
                                                      0.090     5.060 r  hemaia_system_wrapper/hemaia_system/hemaia_system_axis_vio_0_0/<hidden>/<hidden>
                         net (fo=14, estimated)       2.468     7.528    u_ila_0/inst/axis_mu0_2/inst/ALLX.L2_NFULL.u_allx/data_in[0]
    SLR Crossing[1->0]   
    SLICE_X256Y331       FDRE                                         r  u_ila_0/inst/axis_mu0_2/inst/ALLX.L2_NFULL.u_allx/data_in_dly1_reg[0]/D
  -------------------------------------------------------------------    -------------------

                         (clock clk_pl_0 rise edge)
                                                      4.166     4.166 r  
    PS9_X0Y0             PS9                          0.000     4.166 r  hemaia_system_i/versal_cips_0/inst/pspmc_0/inst/PS9_inst/PMCRCLKCLK[0]
                         net (fo=1, estimated)        0.000     4.166    hemaia_system_i/versal_cips_0/inst/pspmc_0/inst/pmc_pl_ref_clk[0]
    BUFG_PS_X0Y6         BUFG_PS (Prop_BUFG_PS_I_O)
                                                      0.057     4.223 r  hemaia_system_i/versal_cips_0/inst/pspmc_0/inst/buffer_pl_clk_0.PL_CLK_0_BUFG/O
    X7Y4 (CLOCK_ROOT)    net (fo=705, estimated)      4.038     8.261    u_ila_0/inst/axis_mu0_2/inst/ALLX.L2_NFULL.u_allx/clk
    SLICE_X256Y331       FDRE                                         r  u_ila_0/inst/axis_mu0_2/inst/ALLX.L2_NFULL.u_allx/data_in_dly1_reg[0]/C
                         clock pessimism              0.262     8.523    
                         inter-SLR compensation      -0.231     8.292    
                         clock uncertainty           -0.107     8.185    
    SLICE_X256Y331       FDRE (Setup_AFF_SLICEL_C_D)
                                                      0.008     8.193    u_ila_0/inst/axis_mu0_2/inst/ALLX.L2_NFULL.u_allx/data_in_dly1_reg[0]
  -------------------------------------------------------------------
                         required time                          8.193    
                         arrival time                          -7.528    
  -------------------------------------------------------------------
                         slack                                  0.665    

Slack (MET) :             0.689ns  (required time - arrival time)
  Source:                 hemaia_system_wrapper/hemaia_system/hemaia_system_axis_vio_0_0/<hidden>/<hidden>
                            (rising edge-triggered cell FDRE clocked by clk_pl_0  {rise@0.000ns fall@2.083ns period=4.166ns})
  Destination:            u_ila_0/inst/axis_mu0_0/inst/ALLX.L2_NFULL.u_allx/data_in_dly1_reg[0]/D
                            (rising edge-triggered cell FDRE clocked by clk_pl_0  {rise@0.000ns fall@2.083ns period=4.166ns})
  Path Group:             clk_pl_0
  Path Type:              Setup (Max at Slow Process Corner)
  Requirement:            4.166ns  (clk_pl_0 rise@4.166ns - clk_pl_0 rise@0.000ns)
  Data Path Delay:        2.530ns  (logic 0.090ns (3.557%)  route 2.440ns (96.443%))
  Logic Levels:           0  
  Clock Path Skew:        -0.618ns (DCD - SCD + CPR)
    Destination Clock Delay (DCD):    4.090ns = ( 8.256 - 4.166 ) 
    Source Clock Delay      (SCD):    4.970ns
    Clock Pessimism Removal (CPR):    0.262ns
  Clock Uncertainty:      0.107ns  (CJ)/2 + PE + PJ
    Clock Jitter             (CJ):    0.215ns
    Phase Error              (PE):    0.000ns
    Phase Jitter             (PJ):    0.000ns
  Inter-SLR Compensation: 0.230ns  ((DCD - CCD) * PF)
    Destination Clock Delay (DCD):    4.090ns
    Common Clock Delay      (CCD):    1.788ns
    Prorating Factor         (PF):    0.100
  Clock Net Delay (Source):      4.865ns (routing 1.923ns, distribution 2.942ns)
  Clock Net Delay (Destination): 4.033ns (routing 1.731ns, distribution 2.302ns)

    Location             Delay type                Incr(ns)  Path(ns)    Netlist Resource(s)
  -------------------------------------------------------------------    -------------------
                         (clock clk_pl_0 rise edge)
                                                      0.000     0.000 r  
    PS9_X0Y0             PS9                          0.000     0.000 r  hemaia_system_i/versal_cips_0/inst/pspmc_0/inst/PS9_inst/PMCRCLKCLK[0]
                         net (fo=1, estimated)        0.000     0.000    hemaia_system_i/versal_cips_0/inst/pspmc_0/inst/pmc_pl_ref_clk[0]
    BUFG_PS_X0Y6         BUFG_PS (Prop_BUFG_PS_I_O)
                                                      0.105     0.105 r  hemaia_system_i/versal_cips_0/inst/pspmc_0/inst/buffer_pl_clk_0.PL_CLK_0_BUFG/O
    X7Y4 (CLOCK_ROOT)    net (fo=705, estimated)      4.865     4.970    hemaia_system_wrapper/hemaia_system/hemaia_system_axis_vio_0_0/<hidden>/<hidden>
    SLR Crossing[0->1]   
    SLICE_X241Y575       FDRE                                         r  hemaia_system_wrapper/hemaia_system/hemaia_system_axis_vio_0_0/<hidden>/<hidden>
  -------------------------------------------------------------------    -------------------
    SLICE_X241Y575       FDRE (Prop_HFF_SLICEM_C_Q)
                                                      0.090     5.060 r  hemaia_system_wrapper/hemaia_system/hemaia_system_axis_vio_0_0/<hidden>/<hidden>
                         net (fo=14, estimated)       2.440     7.500    u_ila_0/inst/axis_mu0_0/inst/ALLX.L2_NFULL.u_allx/data_in[0]
    SLR Crossing[1->0]   
    SLICE_X254Y327       FDRE                                         r  u_ila_0/inst/axis_mu0_0/inst/ALLX.L2_NFULL.u_allx/data_in_dly1_reg[0]/D
  -------------------------------------------------------------------    -------------------

                         (clock clk_pl_0 rise edge)
                                                      4.166     4.166 r  
    PS9_X0Y0             PS9                          0.000     4.166 r  hemaia_system_i/versal_cips_0/inst/pspmc_0/inst/PS9_inst/PMCRCLKCLK[0]
                         net (fo=1, estimated)        0.000     4.166    hemaia_system_i/versal_cips_0/inst/pspmc_0/inst/pmc_pl_ref_clk[0]
    BUFG_PS_X0Y6         BUFG_PS (Prop_BUFG_PS_I_O)
                                                      0.057     4.223 r  hemaia_system_i/versal_cips_0/inst/pspmc_0/inst/buffer_pl_clk_0.PL_CLK_0_BUFG/O
    X7Y4 (CLOCK_ROOT)    net (fo=705, estimated)      4.033     8.256    u_ila_0/inst/axis_mu0_0/inst/ALLX.L2_NFULL.u_allx/clk
    SLICE_X254Y327       FDRE                                         r  u_ila_0/inst/axis_mu0_0/inst/ALLX.L2_NFULL.u_allx/data_in_dly1_reg[0]/C
                         clock pessimism              0.262     8.518    
                         inter-SLR compensation      -0.230     8.288    
                         clock uncertainty           -0.107     8.180    
    SLICE_X254Y327       FDRE (Setup_BFF_SLICEL_C_D)
                                                      0.008     8.188    u_ila_0/inst/axis_mu0_0/inst/ALLX.L2_NFULL.u_allx/data_in_dly1_reg[0]
  -------------------------------------------------------------------
                         required time                          8.188    
                         arrival time                          -7.500    
  -------------------------------------------------------------------
                         slack                                  0.689    

Slack (MET) :             0.722ns  (required time - arrival time)
  Source:                 u_ila_0/inst/tc_axis_mu8/inst/MU_EQ.match_int_reg/C
                            (rising edge-triggered cell FDRE clocked by clk_pl_0  {rise@0.000ns fall@2.083ns period=4.166ns})
  Destination:            u_ila_0/inst/axis_ila_adv_trig/inst/u_count/G_COUNTER[3].U_COUNTER/counter_reg[13]/CE
                            (rising edge-triggered cell FDRE clocked by clk_pl_0  {rise@0.000ns fall@2.083ns period=4.166ns})
  Path Group:             clk_pl_0
  Path Type:              Setup (Max at Slow Process Corner)
  Requirement:            4.166ns  (clk_pl_0 rise@4.166ns - clk_pl_0 rise@0.000ns)
  Data Path Delay:        3.145ns  (logic 0.631ns (20.064%)  route 2.514ns (79.936%))
  Logic Levels:           7  (LUT2=2 LUT4=2 LUT6=2 RAMD64E5=1)
  Clock Path Skew:        -0.102ns (DCD - SCD + CPR)
    Destination Clock Delay (DCD):    3.902ns = ( 8.068 - 4.166 ) 
    Source Clock Delay      (SCD):    4.465ns
    Clock Pessimism Removal (CPR):    0.461ns
  Clock Uncertainty:      0.107ns  (CJ)/2 + PE + PJ
    Clock Jitter             (CJ):    0.215ns
    Phase Error              (PE):    0.000ns
    Phase Jitter             (PJ):    0.000ns
  Clock Net Delay (Source):      4.360ns (routing 1.924ns, distribution 2.435ns)
  Clock Net Delay (Destination): 3.845ns (routing 1.730ns, distribution 2.114ns)

    Location             Delay type                Incr(ns)  Path(ns)    Netlist Resource(s)
  -------------------------------------------------------------------    -------------------
                         (clock clk_pl_0 rise edge)
                                                      0.000     0.000 r  
    PS9_X0Y0             PS9                          0.000     0.000 r  hemaia_system_i/versal_cips_0/inst/pspmc_0/inst/PS9_inst/PMCRCLKCLK[0]
                         net (fo=1, estimated)        0.000     0.000    hemaia_system_i/versal_cips_0/inst/pspmc_0/inst/pmc_pl_ref_clk[0]
    BUFG_PS_X0Y6         BUFG_PS (Prop_BUFG_PS_I_O)
                                                      0.105     0.105 r  hemaia_system_i/versal_cips_0/inst/pspmc_0/inst/buffer_pl_clk_0.PL_CLK_0_BUFG/O
    X7Y4 (CLOCK_ROOT)    net (fo=705, estimated)      4.360     4.465    u_ila_0/inst/tc_axis_mu8/inst/clk
    SLICE_X312Y168       FDRE                                         r  u_ila_0/inst/tc_axis_mu8/inst/MU_EQ.match_int_reg/C
  -------------------------------------------------------------------    -------------------
    SLICE_X312Y168       FDRE (Prop_FFF_SLICEL_C_Q)
                                                      0.092     4.557 r  u_ila_0/inst/tc_axis_mu8/inst/MU_EQ.match_int_reg/Q
                         net (fo=1, estimated)        0.215     4.772    u_ila_0/inst/tc_axis_mu8/inst/match_int
    SLICE_X312Y168       LUT2 (Prop_D6LUT_SLICEL_I1_O)
                                                      0.048     4.820 r  u_ila_0/inst/tc_axis_mu8/inst/match_out_INST_0/O
                         net (fo=1, estimated)        0.288     5.108    u_ila_0/inst/axis_ila_adv_trig/inst/u_adv_trig/TRIGGER_EQ[8]
    SLICE_X316Y166       LUT6 (Prop_D6LUT_SLICEL_I5_O)
                                                      0.087     5.195 r  u_ila_0/inst/axis_ila_adv_trig/inst/u_adv_trig/fsm_mem_data_reg_r1_0_63_0_6_i_6/O
                         net (fo=1, estimated)        0.289     5.484    u_ila_0/inst/axis_ila_adv_trig/inst/u_adv_trig/fsm_mem_data_reg_r1_0_63_0_6_i_6_n_0
    SLICE_X321Y167       LUT6 (Prop_B6LUT_SLICEM_I1_O)
                                                      0.075     5.559 r  u_ila_0/inst/axis_ila_adv_trig/inst/u_adv_trig/fsm_mem_data_reg_r1_0_63_0_6_i_1/O
                         net (fo=48, estimated)       0.456     6.015    u_ila_0/inst/axis_ila_adv_trig/inst/u_adv_trig/fsm_mem_data_reg_r1_64_127_7_13/RAMB/RADR2
    SLICE_X321Y142       RAMD64E5 (Prop_B6LUT_SLICEM_ADR2_O)
                                                      0.089     6.104 r  u_ila_0/inst/axis_ila_adv_trig/inst/u_adv_trig/fsm_mem_data_reg_r1_64_127_7_13/RAMB/RAMD64_INST/O
                         net (fo=1, estimated)        0.215     6.319    u_ila_0/inst/axis_ila_adv_trig/inst/u_adv_trig/fsm_mem_data_reg_r1_64_127_7_13_n_1
    SLICE_X320Y141       LUT4 (Prop_E6LUT_SLICEL_I3_O)
                                                      0.092     6.411 r  u_ila_0/inst/axis_ila_adv_trig/inst/u_adv_trig/CNT_CTRL_O[4]_INST_0/O
                         net (fo=1, estimated)        0.407     6.818    u_ila_0/inst/axis_ila_adv_trig/inst/u_count/G_COUNTER[3].U_COUNTER/CNT_CTRL[0]
    SLICE_X319Y134       LUT4 (Prop_F6LUT_SLICEM_I2_O)
                                                      0.029     6.847 r  u_ila_0/inst/axis_ila_adv_trig/inst/u_count/G_COUNTER[3].U_COUNTER/counter[16]_i_3/O
                         net (fo=18, estimated)       0.308     7.155    u_ila_0/inst/axis_ila_adv_trig/inst/u_count/G_COUNTER[3].U_COUNTER/counter[16]_i_3_n_0
    SLICE_X322Y131       LUT2 (Prop_C6LUT_SLICEL_I1_O)
                                                      0.119     7.274 r  u_ila_0/inst/axis_ila_adv_trig/inst/u_count/G_COUNTER[3].U_COUNTER/counter[16]_i_1/O
                         net (fo=17, estimated)       0.336     7.610    u_ila_0/inst/axis_ila_adv_trig/inst/u_count/G_COUNTER[3].U_COUNTER/counter[16]_i_1_n_0
    SLICE_X322Y128       FDRE                                         r  u_ila_0/inst/axis_ila_adv_trig/inst/u_count/G_COUNTER[3].U_COUNTER/counter_reg[13]/CE
  -------------------------------------------------------------------    -------------------

                         (clock clk_pl_0 rise edge)
                                                      4.166     4.166 r  
    PS9_X0Y0             PS9                          0.000     4.166 r  hemaia_system_i/versal_cips_0/inst/pspmc_0/inst/PS9_inst/PMCRCLKCLK[0]
                         net (fo=1, estimated)        0.000     4.166    hemaia_system_i/versal_cips_0/inst/pspmc_0/inst/pmc_pl_ref_clk[0]
    BUFG_PS_X0Y6         BUFG_PS (Prop_BUFG_PS_I_O)
                                                      0.057     4.223 r  hemaia_system_i/versal_cips_0/inst/pspmc_0/inst/buffer_pl_clk_0.PL_CLK_0_BUFG/O
    X7Y4 (CLOCK_ROOT)    net (fo=705, estimated)      3.845     8.068    u_ila_0/inst/axis_ila_adv_trig/inst/u_count/G_COUNTER[3].U_COUNTER/CLK
    SLICE_X322Y128       FDRE                                         r  u_ila_0/inst/axis_ila_adv_trig/inst/u_count/G_COUNTER[3].U_COUNTER/counter_reg[13]/C
                         clock pessimism              0.461     8.529    
                         clock uncertainty           -0.107     8.421    
    SLICE_X322Y128       FDRE (Setup_EFF_SLICEL_C_CE)
                                                     -0.090     8.331    u_ila_0/inst/axis_ila_adv_trig/inst/u_count/G_COUNTER[3].U_COUNTER/counter_reg[13]
  -------------------------------------------------------------------
                         required time                          8.331    
                         arrival time                          -7.610    
  -------------------------------------------------------------------
                         slack                                  0.722    

Slack (MET) :             0.722ns  (required time - arrival time)
  Source:                 u_ila_0/inst/tc_axis_mu8/inst/MU_EQ.match_int_reg/C
                            (rising edge-triggered cell FDRE clocked by clk_pl_0  {rise@0.000ns fall@2.083ns period=4.166ns})
  Destination:            u_ila_0/inst/axis_ila_adv_trig/inst/u_count/G_COUNTER[3].U_COUNTER/counter_reg[2]/CE
                            (rising edge-triggered cell FDRE clocked by clk_pl_0  {rise@0.000ns fall@2.083ns period=4.166ns})
  Path Group:             clk_pl_0
  Path Type:              Setup (Max at Slow Process Corner)
  Requirement:            4.166ns  (clk_pl_0 rise@4.166ns - clk_pl_0 rise@0.000ns)
  Data Path Delay:        3.146ns  (logic 0.631ns (20.057%)  route 2.515ns (79.943%))
  Logic Levels:           7  (LUT2=2 LUT4=2 LUT6=2 RAMD64E5=1)
  Clock Path Skew:        -0.102ns (DCD - SCD + CPR)
    Destination Clock Delay (DCD):    3.902ns = ( 8.068 - 4.166 ) 
    Source Clock Delay      (SCD):    4.465ns
    Clock Pessimism Removal (CPR):    0.461ns
  Clock Uncertainty:      0.107ns  (CJ)/2 + PE + PJ
    Clock Jitter             (CJ):    0.215ns
    Phase Error              (PE):    0.000ns
    Phase Jitter             (PJ):    0.000ns
  Clock Net Delay (Source):      4.360ns (routing 1.924ns, distribution 2.435ns)
  Clock Net Delay (Destination): 3.845ns (routing 1.730ns, distribution 2.114ns)

    Location             Delay type                Incr(ns)  Path(ns)    Netlist Resource(s)
  -------------------------------------------------------------------    -------------------
                         (clock clk_pl_0 rise edge)
                                                      0.000     0.000 r  
    PS9_X0Y0             PS9                          0.000     0.000 r  hemaia_system_i/versal_cips_0/inst/pspmc_0/inst/PS9_inst/PMCRCLKCLK[0]
                         net (fo=1, estimated)        0.000     0.000    hemaia_system_i/versal_cips_0/inst/pspmc_0/inst/pmc_pl_ref_clk[0]
    BUFG_PS_X0Y6         BUFG_PS (Prop_BUFG_PS_I_O)
                                                      0.105     0.105 r  hemaia_system_i/versal_cips_0/inst/pspmc_0/inst/buffer_pl_clk_0.PL_CLK_0_BUFG/O
    X7Y4 (CLOCK_ROOT)    net (fo=705, estimated)      4.360     4.465    u_ila_0/inst/tc_axis_mu8/inst/clk
    SLICE_X312Y168       FDRE                                         r  u_ila_0/inst/tc_axis_mu8/inst/MU_EQ.match_int_reg/C
  -------------------------------------------------------------------    -------------------
    SLICE_X312Y168       FDRE (Prop_FFF_SLICEL_C_Q)
                                                      0.092     4.557 r  u_ila_0/inst/tc_axis_mu8/inst/MU_EQ.match_int_reg/Q
                         net (fo=1, estimated)        0.215     4.772    u_ila_0/inst/tc_axis_mu8/inst/match_int
    SLICE_X312Y168       LUT2 (Prop_D6LUT_SLICEL_I1_O)
                                                      0.048     4.820 r  u_ila_0/inst/tc_axis_mu8/inst/match_out_INST_0/O
                         net (fo=1, estimated)        0.288     5.108    u_ila_0/inst/axis_ila_adv_trig/inst/u_adv_trig/TRIGGER_EQ[8]
    SLICE_X316Y166       LUT6 (Prop_D6LUT_SLICEL_I5_O)
                                                      0.087     5.195 r  u_ila_0/inst/axis_ila_adv_trig/inst/u_adv_trig/fsm_mem_data_reg_r1_0_63_0_6_i_6/O
                         net (fo=1, estimated)        0.289     5.484    u_ila_0/inst/axis_ila_adv_trig/inst/u_adv_trig/fsm_mem_data_reg_r1_0_63_0_6_i_6_n_0
    SLICE_X321Y167       LUT6 (Prop_B6LUT_SLICEM_I1_O)
                                                      0.075     5.559 r  u_ila_0/inst/axis_ila_adv_trig/inst/u_adv_trig/fsm_mem_data_reg_r1_0_63_0_6_i_1/O
                         net (fo=48, estimated)       0.456     6.015    u_ila_0/inst/axis_ila_adv_trig/inst/u_adv_trig/fsm_mem_data_reg_r1_64_127_7_13/RAMB/RADR2
    SLICE_X321Y142       RAMD64E5 (Prop_B6LUT_SLICEM_ADR2_O)
                                                      0.089     6.104 r  u_ila_0/inst/axis_ila_adv_trig/inst/u_adv_trig/fsm_mem_data_reg_r1_64_127_7_13/RAMB/RAMD64_INST/O
                         net (fo=1, estimated)        0.215     6.319    u_ila_0/inst/axis_ila_adv_trig/inst/u_adv_trig/fsm_mem_data_reg_r1_64_127_7_13_n_1
    SLICE_X320Y141       LUT4 (Prop_E6LUT_SLICEL_I3_O)
                                                      0.092     6.411 r  u_ila_0/inst/axis_ila_adv_trig/inst/u_adv_trig/CNT_CTRL_O[4]_INST_0/O
                         net (fo=1, estimated)        0.407     6.818    u_ila_0/inst/axis_ila_adv_trig/inst/u_count/G_COUNTER[3].U_COUNTER/CNT_CTRL[0]
    SLICE_X319Y134       LUT4 (Prop_F6LUT_SLICEM_I2_O)
                                                      0.029     6.847 r  u_ila_0/inst/axis_ila_adv_trig/inst/u_count/G_COUNTER[3].U_COUNTER/counter[16]_i_3/O
                         net (fo=18, estimated)       0.308     7.155    u_ila_0/inst/axis_ila_adv_trig/inst/u_count/G_COUNTER[3].U_COUNTER/counter[16]_i_3_n_0
    SLICE_X322Y131       LUT2 (Prop_C6LUT_SLICEL_I1_O)
                                                      0.119     7.274 r  u_ila_0/inst/axis_ila_adv_trig/inst/u_count/G_COUNTER[3].U_COUNTER/counter[16]_i_1/O
                         net (fo=17, estimated)       0.337     7.611    u_ila_0/inst/axis_ila_adv_trig/inst/u_count/G_COUNTER[3].U_COUNTER/counter[16]_i_1_n_0
    SLICE_X322Y128       FDRE                                         r  u_ila_0/inst/axis_ila_adv_trig/inst/u_count/G_COUNTER[3].U_COUNTER/counter_reg[2]/CE
  -------------------------------------------------------------------    -------------------

                         (clock clk_pl_0 rise edge)
                                                      4.166     4.166 r  
    PS9_X0Y0             PS9                          0.000     4.166 r  hemaia_system_i/versal_cips_0/inst/pspmc_0/inst/PS9_inst/PMCRCLKCLK[0]
                         net (fo=1, estimated)        0.000     4.166    hemaia_system_i/versal_cips_0/inst/pspmc_0/inst/pmc_pl_ref_clk[0]
    BUFG_PS_X0Y6         BUFG_PS (Prop_BUFG_PS_I_O)
                                                      0.057     4.223 r  hemaia_system_i/versal_cips_0/inst/pspmc_0/inst/buffer_pl_clk_0.PL_CLK_0_BUFG/O
    X7Y4 (CLOCK_ROOT)    net (fo=705, estimated)      3.845     8.068    u_ila_0/inst/axis_ila_adv_trig/inst/u_count/G_COUNTER[3].U_COUNTER/CLK
    SLICE_X322Y128       FDRE                                         r  u_ila_0/inst/axis_ila_adv_trig/inst/u_count/G_COUNTER[3].U_COUNTER/counter_reg[2]/C
                         clock pessimism              0.461     8.529    
                         clock uncertainty           -0.107     8.421    
    SLICE_X322Y128       FDRE (Setup_DFF_SLICEL_C_CE)
                                                     -0.089     8.332    u_ila_0/inst/axis_ila_adv_trig/inst/u_count/G_COUNTER[3].U_COUNTER/counter_reg[2]
  -------------------------------------------------------------------
                         required time                          8.332    
                         arrival time                          -7.611    
  -------------------------------------------------------------------
                         slack                                  0.722    

Slack (MET) :             0.722ns  (required time - arrival time)
  Source:                 u_ila_0/inst/tc_axis_mu8/inst/MU_EQ.match_int_reg/C
                            (rising edge-triggered cell FDRE clocked by clk_pl_0  {rise@0.000ns fall@2.083ns period=4.166ns})
  Destination:            u_ila_0/inst/axis_ila_adv_trig/inst/u_count/G_COUNTER[3].U_COUNTER/counter_reg[3]/CE
                            (rising edge-triggered cell FDRE clocked by clk_pl_0  {rise@0.000ns fall@2.083ns period=4.166ns})
  Path Group:             clk_pl_0
  Path Type:              Setup (Max at Slow Process Corner)
  Requirement:            4.166ns  (clk_pl_0 rise@4.166ns - clk_pl_0 rise@0.000ns)
  Data Path Delay:        3.146ns  (logic 0.631ns (20.057%)  route 2.515ns (79.943%))
  Logic Levels:           7  (LUT2=2 LUT4=2 LUT6=2 RAMD64E5=1)
  Clock Path Skew:        -0.102ns (DCD - SCD + CPR)
    Destination Clock Delay (DCD):    3.902ns = ( 8.068 - 4.166 ) 
    Source Clock Delay      (SCD):    4.465ns
    Clock Pessimism Removal (CPR):    0.461ns
  Clock Uncertainty:      0.107ns  (CJ)/2 + PE + PJ
    Clock Jitter             (CJ):    0.215ns
    Phase Error              (PE):    0.000ns
    Phase Jitter             (PJ):    0.000ns
  Clock Net Delay (Source):      4.360ns (routing 1.924ns, distribution 2.435ns)
  Clock Net Delay (Destination): 3.845ns (routing 1.730ns, distribution 2.114ns)

    Location             Delay type                Incr(ns)  Path(ns)    Netlist Resource(s)
  -------------------------------------------------------------------    -------------------
                         (clock clk_pl_0 rise edge)
                                                      0.000     0.000 r  
    PS9_X0Y0             PS9                          0.000     0.000 r  hemaia_system_i/versal_cips_0/inst/pspmc_0/inst/PS9_inst/PMCRCLKCLK[0]
                         net (fo=1, estimated)        0.000     0.000    hemaia_system_i/versal_cips_0/inst/pspmc_0/inst/pmc_pl_ref_clk[0]
    BUFG_PS_X0Y6         BUFG_PS (Prop_BUFG_PS_I_O)
                                                      0.105     0.105 r  hemaia_system_i/versal_cips_0/inst/pspmc_0/inst/buffer_pl_clk_0.PL_CLK_0_BUFG/O
    X7Y4 (CLOCK_ROOT)    net (fo=705, estimated)      4.360     4.465    u_ila_0/inst/tc_axis_mu8/inst/clk
    SLICE_X312Y168       FDRE                                         r  u_ila_0/inst/tc_axis_mu8/inst/MU_EQ.match_int_reg/C
  -------------------------------------------------------------------    -------------------
    SLICE_X312Y168       FDRE (Prop_FFF_SLICEL_C_Q)
                                                      0.092     4.557 r  u_ila_0/inst/tc_axis_mu8/inst/MU_EQ.match_int_reg/Q
                         net (fo=1, estimated)        0.215     4.772    u_ila_0/inst/tc_axis_mu8/inst/match_int
    SLICE_X312Y168       LUT2 (Prop_D6LUT_SLICEL_I1_O)
                                                      0.048     4.820 r  u_ila_0/inst/tc_axis_mu8/inst/match_out_INST_0/O
                         net (fo=1, estimated)        0.288     5.108    u_ila_0/inst/axis_ila_adv_trig/inst/u_adv_trig/TRIGGER_EQ[8]
    SLICE_X316Y166       LUT6 (Prop_D6LUT_SLICEL_I5_O)
                                                      0.087     5.195 r  u_ila_0/inst/axis_ila_adv_trig/inst/u_adv_trig/fsm_mem_data_reg_r1_0_63_0_6_i_6/O
                         net (fo=1, estimated)        0.289     5.484    u_ila_0/inst/axis_ila_adv_trig/inst/u_adv_trig/fsm_mem_data_reg_r1_0_63_0_6_i_6_n_0
    SLICE_X321Y167       LUT6 (Prop_B6LUT_SLICEM_I1_O)
                                                      0.075     5.559 r  u_ila_0/inst/axis_ila_adv_trig/inst/u_adv_trig/fsm_mem_data_reg_r1_0_63_0_6_i_1/O
                         net (fo=48, estimated)       0.456     6.015    u_ila_0/inst/axis_ila_adv_trig/inst/u_adv_trig/fsm_mem_data_reg_r1_64_127_7_13/RAMB/RADR2
    SLICE_X321Y142       RAMD64E5 (Prop_B6LUT_SLICEM_ADR2_O)
                                                      0.089     6.104 r  u_ila_0/inst/axis_ila_adv_trig/inst/u_adv_trig/fsm_mem_data_reg_r1_64_127_7_13/RAMB/RAMD64_INST/O
                         net (fo=1, estimated)        0.215     6.319    u_ila_0/inst/axis_ila_adv_trig/inst/u_adv_trig/fsm_mem_data_reg_r1_64_127_7_13_n_1
    SLICE_X320Y141       LUT4 (Prop_E6LUT_SLICEL_I3_O)
                                                      0.092     6.411 r  u_ila_0/inst/axis_ila_adv_trig/inst/u_adv_trig/CNT_CTRL_O[4]_INST_0/O
                         net (fo=1, estimated)        0.407     6.818    u_ila_0/inst/axis_ila_adv_trig/inst/u_count/G_COUNTER[3].U_COUNTER/CNT_CTRL[0]
    SLICE_X319Y134       LUT4 (Prop_F6LUT_SLICEM_I2_O)
                                                      0.029     6.847 r  u_ila_0/inst/axis_ila_adv_trig/inst/u_count/G_COUNTER[3].U_COUNTER/counter[16]_i_3/O
                         net (fo=18, estimated)       0.308     7.155    u_ila_0/inst/axis_ila_adv_trig/inst/u_count/G_COUNTER[3].U_COUNTER/counter[16]_i_3_n_0
    SLICE_X322Y131       LUT2 (Prop_C6LUT_SLICEL_I1_O)
                                                      0.119     7.274 r  u_ila_0/inst/axis_ila_adv_trig/inst/u_count/G_COUNTER[3].U_COUNTER/counter[16]_i_1/O
                         net (fo=17, estimated)       0.337     7.611    u_ila_0/inst/axis_ila_adv_trig/inst/u_count/G_COUNTER[3].U_COUNTER/counter[16]_i_1_n_0
    SLICE_X322Y128       FDRE                                         r  u_ila_0/inst/axis_ila_adv_trig/inst/u_count/G_COUNTER[3].U_COUNTER/counter_reg[3]/CE
  -------------------------------------------------------------------    -------------------

                         (clock clk_pl_0 rise edge)
                                                      4.166     4.166 r  
    PS9_X0Y0             PS9                          0.000     4.166 r  hemaia_system_i/versal_cips_0/inst/pspmc_0/inst/PS9_inst/PMCRCLKCLK[0]
                         net (fo=1, estimated)        0.000     4.166    hemaia_system_i/versal_cips_0/inst/pspmc_0/inst/pmc_pl_ref_clk[0]
    BUFG_PS_X0Y6         BUFG_PS (Prop_BUFG_PS_I_O)
                                                      0.057     4.223 r  hemaia_system_i/versal_cips_0/inst/pspmc_0/inst/buffer_pl_clk_0.PL_CLK_0_BUFG/O
    X7Y4 (CLOCK_ROOT)    net (fo=705, estimated)      3.845     8.068    u_ila_0/inst/axis_ila_adv_trig/inst/u_count/G_COUNTER[3].U_COUNTER/CLK
    SLICE_X322Y128       FDRE                                         r  u_ila_0/inst/axis_ila_adv_trig/inst/u_count/G_COUNTER[3].U_COUNTER/counter_reg[3]/C
                         clock pessimism              0.461     8.529    
                         clock uncertainty           -0.107     8.421    
    SLICE_X322Y128       FDRE (Setup_DFF2_SLICEL_C_CE)
                                                     -0.089     8.332    u_ila_0/inst/axis_ila_adv_trig/inst/u_count/G_COUNTER[3].U_COUNTER/counter_reg[3]
  -------------------------------------------------------------------
                         required time                          8.332    
                         arrival time                          -7.611    
  -------------------------------------------------------------------
                         slack                                  0.722    

Slack (MET) :             0.727ns  (required time - arrival time)
  Source:                 u_ila_0/inst/tc_axis_mu8/inst/MU_EQ.match_int_reg/C
                            (rising edge-triggered cell FDRE clocked by clk_pl_0  {rise@0.000ns fall@2.083ns period=4.166ns})
  Destination:            u_ila_0/inst/axis_ila_adv_trig/inst/u_count/G_COUNTER[3].U_COUNTER/counter_reg[7]/CE
                            (rising edge-triggered cell FDRE clocked by clk_pl_0  {rise@0.000ns fall@2.083ns period=4.166ns})
  Path Group:             clk_pl_0
  Path Type:              Setup (Max at Slow Process Corner)
  Requirement:            4.166ns  (clk_pl_0 rise@4.166ns - clk_pl_0 rise@0.000ns)
  Data Path Delay:        3.143ns  (logic 0.631ns (20.076%)  route 2.512ns (79.924%))
  Logic Levels:           7  (LUT2=2 LUT4=2 LUT6=2 RAMD64E5=1)
  Clock Path Skew:        -0.102ns (DCD - SCD + CPR)
    Destination Clock Delay (DCD):    3.902ns = ( 8.068 - 4.166 ) 
    Source Clock Delay      (SCD):    4.465ns
    Clock Pessimism Removal (CPR):    0.461ns
  Clock Uncertainty:      0.107ns  (CJ)/2 + PE + PJ
    Clock Jitter             (CJ):    0.215ns
    Phase Error              (PE):    0.000ns
    Phase Jitter             (PJ):    0.000ns
  Clock Net Delay (Source):      4.360ns (routing 1.924ns, distribution 2.435ns)
  Clock Net Delay (Destination): 3.845ns (routing 1.730ns, distribution 2.114ns)

    Location             Delay type                Incr(ns)  Path(ns)    Netlist Resource(s)
  -------------------------------------------------------------------    -------------------
                         (clock clk_pl_0 rise edge)
                                                      0.000     0.000 r  
    PS9_X0Y0             PS9                          0.000     0.000 r  hemaia_system_i/versal_cips_0/inst/pspmc_0/inst/PS9_inst/PMCRCLKCLK[0]
                         net (fo=1, estimated)        0.000     0.000    hemaia_system_i/versal_cips_0/inst/pspmc_0/inst/pmc_pl_ref_clk[0]
    BUFG_PS_X0Y6         BUFG_PS (Prop_BUFG_PS_I_O)
                                                      0.105     0.105 r  hemaia_system_i/versal_cips_0/inst/pspmc_0/inst/buffer_pl_clk_0.PL_CLK_0_BUFG/O
    X7Y4 (CLOCK_ROOT)    net (fo=705, estimated)      4.360     4.465    u_ila_0/inst/tc_axis_mu8/inst/clk
    SLICE_X312Y168       FDRE                                         r  u_ila_0/inst/tc_axis_mu8/inst/MU_EQ.match_int_reg/C
  -------------------------------------------------------------------    -------------------
    SLICE_X312Y168       FDRE (Prop_FFF_SLICEL_C_Q)
                                                      0.092     4.557 r  u_ila_0/inst/tc_axis_mu8/inst/MU_EQ.match_int_reg/Q
                         net (fo=1, estimated)        0.215     4.772    u_ila_0/inst/tc_axis_mu8/inst/match_int
    SLICE_X312Y168       LUT2 (Prop_D6LUT_SLICEL_I1_O)
                                                      0.048     4.820 r  u_ila_0/inst/tc_axis_mu8/inst/match_out_INST_0/O
                         net (fo=1, estimated)        0.288     5.108    u_ila_0/inst/axis_ila_adv_trig/inst/u_adv_trig/TRIGGER_EQ[8]
    SLICE_X316Y166       LUT6 (Prop_D6LUT_SLICEL_I5_O)
                                                      0.087     5.195 r  u_ila_0/inst/axis_ila_adv_trig/inst/u_adv_trig/fsm_mem_data_reg_r1_0_63_0_6_i_6/O
                         net (fo=1, estimated)        0.289     5.484    u_ila_0/inst/axis_ila_adv_trig/inst/u_adv_trig/fsm_mem_data_reg_r1_0_63_0_6_i_6_n_0
    SLICE_X321Y167       LUT6 (Prop_B6LUT_SLICEM_I1_O)
                                                      0.075     5.559 r  u_ila_0/inst/axis_ila_adv_trig/inst/u_adv_trig/fsm_mem_data_reg_r1_0_63_0_6_i_1/O
                         net (fo=48, estimated)       0.456     6.015    u_ila_0/inst/axis_ila_adv_trig/inst/u_adv_trig/fsm_mem_data_reg_r1_64_127_7_13/RAMB/RADR2
    SLICE_X321Y142       RAMD64E5 (Prop_B6LUT_SLICEM_ADR2_O)
                                                      0.089     6.104 r  u_ila_0/inst/axis_ila_adv_trig/inst/u_adv_trig/fsm_mem_data_reg_r1_64_127_7_13/RAMB/RAMD64_INST/O
                         net (fo=1, estimated)        0.215     6.319    u_ila_0/inst/axis_ila_adv_trig/inst/u_adv_trig/fsm_mem_data_reg_r1_64_127_7_13_n_1
    SLICE_X320Y141       LUT4 (Prop_E6LUT_SLICEL_I3_O)
                                                      0.092     6.411 r  u_ila_0/inst/axis_ila_adv_trig/inst/u_adv_trig/CNT_CTRL_O[4]_INST_0/O
                         net (fo=1, estimated)        0.407     6.818    u_ila_0/inst/axis_ila_adv_trig/inst/u_count/G_COUNTER[3].U_COUNTER/CNT_CTRL[0]
    SLICE_X319Y134       LUT4 (Prop_F6LUT_SLICEM_I2_O)
                                                      0.029     6.847 r  u_ila_0/inst/axis_ila_adv_trig/inst/u_count/G_COUNTER[3].U_COUNTER/counter[16]_i_3/O
                         net (fo=18, estimated)       0.308     7.155    u_ila_0/inst/axis_ila_adv_trig/inst/u_count/G_COUNTER[3].U_COUNTER/counter[16]_i_3_n_0
    SLICE_X322Y131       LUT2 (Prop_C6LUT_SLICEL_I1_O)
                                                      0.119     7.274 r  u_ila_0/inst/axis_ila_adv_trig/inst/u_count/G_COUNTER[3].U_COUNTER/counter[16]_i_1/O
                         net (fo=17, estimated)       0.334     7.608    u_ila_0/inst/axis_ila_adv_trig/inst/u_count/G_COUNTER[3].U_COUNTER/counter[16]_i_1_n_0
    SLICE_X322Y128       FDRE                                         r  u_ila_0/inst/axis_ila_adv_trig/inst/u_count/G_COUNTER[3].U_COUNTER/counter_reg[7]/CE
  -------------------------------------------------------------------    -------------------

                         (clock clk_pl_0 rise edge)
                                                      4.166     4.166 r  
    PS9_X0Y0             PS9                          0.000     4.166 r  hemaia_system_i/versal_cips_0/inst/pspmc_0/inst/PS9_inst/PMCRCLKCLK[0]
                         net (fo=1, estimated)        0.000     4.166    hemaia_system_i/versal_cips_0/inst/pspmc_0/inst/pmc_pl_ref_clk[0]
    BUFG_PS_X0Y6         BUFG_PS (Prop_BUFG_PS_I_O)
                                                      0.057     4.223 r  hemaia_system_i/versal_cips_0/inst/pspmc_0/inst/buffer_pl_clk_0.PL_CLK_0_BUFG/O
    X7Y4 (CLOCK_ROOT)    net (fo=705, estimated)      3.845     8.068    u_ila_0/inst/axis_ila_adv_trig/inst/u_count/G_COUNTER[3].U_COUNTER/CLK
    SLICE_X322Y128       FDRE                                         r  u_ila_0/inst/axis_ila_adv_trig/inst/u_count/G_COUNTER[3].U_COUNTER/counter_reg[7]/C
                         clock pessimism              0.461     8.529    
                         clock uncertainty           -0.107     8.421    
    SLICE_X322Y128       FDRE (Setup_BFF_SLICEL_C_CE)
                                                     -0.087     8.334    u_ila_0/inst/axis_ila_adv_trig/inst/u_count/G_COUNTER[3].U_COUNTER/counter_reg[7]
  -------------------------------------------------------------------
                         required time                          8.334    
                         arrival time                          -7.608    
  -------------------------------------------------------------------
                         slack                                  0.727    

Slack (MET) :             0.727ns  (required time - arrival time)
  Source:                 u_ila_0/inst/tc_axis_mu8/inst/MU_EQ.match_int_reg/C
                            (rising edge-triggered cell FDRE clocked by clk_pl_0  {rise@0.000ns fall@2.083ns period=4.166ns})
  Destination:            u_ila_0/inst/axis_ila_adv_trig/inst/u_count/G_COUNTER[3].U_COUNTER/counter_reg[8]/CE
                            (rising edge-triggered cell FDRE clocked by clk_pl_0  {rise@0.000ns fall@2.083ns period=4.166ns})
  Path Group:             clk_pl_0
  Path Type:              Setup (Max at Slow Process Corner)
  Requirement:            4.166ns  (clk_pl_0 rise@4.166ns - clk_pl_0 rise@0.000ns)
  Data Path Delay:        3.143ns  (logic 0.631ns (20.076%)  route 2.512ns (79.924%))
  Logic Levels:           7  (LUT2=2 LUT4=2 LUT6=2 RAMD64E5=1)
  Clock Path Skew:        -0.102ns (DCD - SCD + CPR)
    Destination Clock Delay (DCD):    3.902ns = ( 8.068 - 4.166 ) 
    Source Clock Delay      (SCD):    4.465ns
    Clock Pessimism Removal (CPR):    0.461ns
  Clock Uncertainty:      0.107ns  (CJ)/2 + PE + PJ
    Clock Jitter             (CJ):    0.215ns
    Phase Error              (PE):    0.000ns
    Phase Jitter             (PJ):    0.000ns
  Clock Net Delay (Source):      4.360ns (routing 1.924ns, distribution 2.435ns)
  Clock Net Delay (Destination): 3.845ns (routing 1.730ns, distribution 2.114ns)

    Location             Delay type                Incr(ns)  Path(ns)    Netlist Resource(s)
  -------------------------------------------------------------------    -------------------
                         (clock clk_pl_0 rise edge)
                                                      0.000     0.000 r  
    PS9_X0Y0             PS9                          0.000     0.000 r  hemaia_system_i/versal_cips_0/inst/pspmc_0/inst/PS9_inst/PMCRCLKCLK[0]
                         net (fo=1, estimated)        0.000     0.000    hemaia_system_i/versal_cips_0/inst/pspmc_0/inst/pmc_pl_ref_clk[0]
    BUFG_PS_X0Y6         BUFG_PS (Prop_BUFG_PS_I_O)
                                                      0.105     0.105 r  hemaia_system_i/versal_cips_0/inst/pspmc_0/inst/buffer_pl_clk_0.PL_CLK_0_BUFG/O
    X7Y4 (CLOCK_ROOT)    net (fo=705, estimated)      4.360     4.465    u_ila_0/inst/tc_axis_mu8/inst/clk
    SLICE_X312Y168       FDRE                                         r  u_ila_0/inst/tc_axis_mu8/inst/MU_EQ.match_int_reg/C
  -------------------------------------------------------------------    -------------------
    SLICE_X312Y168       FDRE (Prop_FFF_SLICEL_C_Q)
                                                      0.092     4.557 r  u_ila_0/inst/tc_axis_mu8/inst/MU_EQ.match_int_reg/Q
                         net (fo=1, estimated)        0.215     4.772    u_ila_0/inst/tc_axis_mu8/inst/match_int
    SLICE_X312Y168       LUT2 (Prop_D6LUT_SLICEL_I1_O)
                                                      0.048     4.820 r  u_ila_0/inst/tc_axis_mu8/inst/match_out_INST_0/O
                         net (fo=1, estimated)        0.288     5.108    u_ila_0/inst/axis_ila_adv_trig/inst/u_adv_trig/TRIGGER_EQ[8]
    SLICE_X316Y166       LUT6 (Prop_D6LUT_SLICEL_I5_O)
                                                      0.087     5.195 r  u_ila_0/inst/axis_ila_adv_trig/inst/u_adv_trig/fsm_mem_data_reg_r1_0_63_0_6_i_6/O
                         net (fo=1, estimated)        0.289     5.484    u_ila_0/inst/axis_ila_adv_trig/inst/u_adv_trig/fsm_mem_data_reg_r1_0_63_0_6_i_6_n_0
    SLICE_X321Y167       LUT6 (Prop_B6LUT_SLICEM_I1_O)
                                                      0.075     5.559 r  u_ila_0/inst/axis_ila_adv_trig/inst/u_adv_trig/fsm_mem_data_reg_r1_0_63_0_6_i_1/O
                         net (fo=48, estimated)       0.456     6.015    u_ila_0/inst/axis_ila_adv_trig/inst/u_adv_trig/fsm_mem_data_reg_r1_64_127_7_13/RAMB/RADR2
    SLICE_X321Y142       RAMD64E5 (Prop_B6LUT_SLICEM_ADR2_O)
                                                      0.089     6.104 r  u_ila_0/inst/axis_ila_adv_trig/inst/u_adv_trig/fsm_mem_data_reg_r1_64_127_7_13/RAMB/RAMD64_INST/O
                         net (fo=1, estimated)        0.215     6.319    u_ila_0/inst/axis_ila_adv_trig/inst/u_adv_trig/fsm_mem_data_reg_r1_64_127_7_13_n_1
    SLICE_X320Y141       LUT4 (Prop_E6LUT_SLICEL_I3_O)
                                                      0.092     6.411 r  u_ila_0/inst/axis_ila_adv_trig/inst/u_adv_trig/CNT_CTRL_O[4]_INST_0/O
                         net (fo=1, estimated)        0.407     6.818    u_ila_0/inst/axis_ila_adv_trig/inst/u_count/G_COUNTER[3].U_COUNTER/CNT_CTRL[0]
    SLICE_X319Y134       LUT4 (Prop_F6LUT_SLICEM_I2_O)
                                                      0.029     6.847 r  u_ila_0/inst/axis_ila_adv_trig/inst/u_count/G_COUNTER[3].U_COUNTER/counter[16]_i_3/O
                         net (fo=18, estimated)       0.308     7.155    u_ila_0/inst/axis_ila_adv_trig/inst/u_count/G_COUNTER[3].U_COUNTER/counter[16]_i_3_n_0
    SLICE_X322Y131       LUT2 (Prop_C6LUT_SLICEL_I1_O)
                                                      0.119     7.274 r  u_ila_0/inst/axis_ila_adv_trig/inst/u_count/G_COUNTER[3].U_COUNTER/counter[16]_i_1/O
                         net (fo=17, estimated)       0.334     7.608    u_ila_0/inst/axis_ila_adv_trig/inst/u_count/G_COUNTER[3].U_COUNTER/counter[16]_i_1_n_0
    SLICE_X322Y128       FDRE                                         r  u_ila_0/inst/axis_ila_adv_trig/inst/u_count/G_COUNTER[3].U_COUNTER/counter_reg[8]/CE
  -------------------------------------------------------------------    -------------------

                         (clock clk_pl_0 rise edge)
                                                      4.166     4.166 r  
    PS9_X0Y0             PS9                          0.000     4.166 r  hemaia_system_i/versal_cips_0/inst/pspmc_0/inst/PS9_inst/PMCRCLKCLK[0]
                         net (fo=1, estimated)        0.000     4.166    hemaia_system_i/versal_cips_0/inst/pspmc_0/inst/pmc_pl_ref_clk[0]
    BUFG_PS_X0Y6         BUFG_PS (Prop_BUFG_PS_I_O)
                                                      0.057     4.223 r  hemaia_system_i/versal_cips_0/inst/pspmc_0/inst/buffer_pl_clk_0.PL_CLK_0_BUFG/O
    X7Y4 (CLOCK_ROOT)    net (fo=705, estimated)      3.845     8.068    u_ila_0/inst/axis_ila_adv_trig/inst/u_count/G_COUNTER[3].U_COUNTER/CLK
    SLICE_X322Y128       FDRE                                         r  u_ila_0/inst/axis_ila_adv_trig/inst/u_count/G_COUNTER[3].U_COUNTER/counter_reg[8]/C
                         clock pessimism              0.461     8.529    
                         clock uncertainty           -0.107     8.421    
    SLICE_X322Y128       FDRE (Setup_BFF2_SLICEL_C_CE)
                                                     -0.087     8.334    u_ila_0/inst/axis_ila_adv_trig/inst/u_count/G_COUNTER[3].U_COUNTER/counter_reg[8]
  -------------------------------------------------------------------
                         required time                          8.334    
                         arrival time                          -7.608    
  -------------------------------------------------------------------
                         slack                                  0.727    

Slack (MET) :             0.742ns  (required time - arrival time)
  Source:                 hemaia_system_wrapper/hemaia_system/hemaia_system_axis_vio_0_0/<hidden>/<hidden>
                            (rising edge-triggered cell FDRE clocked by clk_pl_0  {rise@0.000ns fall@2.083ns period=4.166ns})
  Destination:            u_ila_0/inst/axis_mu0_3/inst/ALLX.L2_NFULL.u_allx/data_in_dly1_reg[0]/D
                            (rising edge-triggered cell FDRE clocked by clk_pl_0  {rise@0.000ns fall@2.083ns period=4.166ns})
  Path Group:             clk_pl_0
  Path Type:              Setup (Max at Slow Process Corner)
  Requirement:            4.166ns  (clk_pl_0 rise@4.166ns - clk_pl_0 rise@0.000ns)
  Data Path Delay:        2.477ns  (logic 0.090ns (3.633%)  route 2.387ns (96.367%))
  Logic Levels:           0  
  Clock Path Skew:        -0.618ns (DCD - SCD + CPR)
    Destination Clock Delay (DCD):    4.090ns = ( 8.256 - 4.166 ) 
    Source Clock Delay      (SCD):    4.970ns
    Clock Pessimism Removal (CPR):    0.262ns
  Clock Uncertainty:      0.107ns  (CJ)/2 + PE + PJ
    Clock Jitter             (CJ):    0.215ns
    Phase Error              (PE):    0.000ns
    Phase Jitter             (PJ):    0.000ns
  Inter-SLR Compensation: 0.230ns  ((DCD - CCD) * PF)
    Destination Clock Delay (DCD):    4.090ns
    Common Clock Delay      (CCD):    1.788ns
    Prorating Factor         (PF):    0.100
  Clock Net Delay (Source):      4.865ns (routing 1.923ns, distribution 2.942ns)
  Clock Net Delay (Destination): 4.033ns (routing 1.731ns, distribution 2.302ns)

    Location             Delay type                Incr(ns)  Path(ns)    Netlist Resource(s)
  -------------------------------------------------------------------    -------------------
                         (clock clk_pl_0 rise edge)
                                                      0.000     0.000 r  
    PS9_X0Y0             PS9                          0.000     0.000 r  hemaia_system_i/versal_cips_0/inst/pspmc_0/inst/PS9_inst/PMCRCLKCLK[0]
                         net (fo=1, estimated)        0.000     0.000    hemaia_system_i/versal_cips_0/inst/pspmc_0/inst/pmc_pl_ref_clk[0]
    BUFG_PS_X0Y6         BUFG_PS (Prop_BUFG_PS_I_O)
                                                      0.105     0.105 r  hemaia_system_i/versal_cips_0/inst/pspmc_0/inst/buffer_pl_clk_0.PL_CLK_0_BUFG/O
    X7Y4 (CLOCK_ROOT)    net (fo=705, estimated)      4.865     4.970    hemaia_system_wrapper/hemaia_system/hemaia_system_axis_vio_0_0/<hidden>/<hidden>
    SLR Crossing[0->1]   
    SLICE_X241Y575       FDRE                                         r  hemaia_system_wrapper/hemaia_system/hemaia_system_axis_vio_0_0/<hidden>/<hidden>
  -------------------------------------------------------------------    -------------------
    SLICE_X241Y575       FDRE (Prop_HFF_SLICEM_C_Q)
                                                      0.090     5.060 r  hemaia_system_wrapper/hemaia_system/hemaia_system_axis_vio_0_0/<hidden>/<hidden>
                         net (fo=14, estimated)       2.387     7.447    u_ila_0/inst/axis_mu0_3/inst/ALLX.L2_NFULL.u_allx/data_in[0]
    SLR Crossing[1->0]   
    SLICE_X254Y330       FDRE                                         r  u_ila_0/inst/axis_mu0_3/inst/ALLX.L2_NFULL.u_allx/data_in_dly1_reg[0]/D
  -------------------------------------------------------------------    -------------------

                         (clock clk_pl_0 rise edge)
                                                      4.166     4.166 r  
    PS9_X0Y0             PS9                          0.000     4.166 r  hemaia_system_i/versal_cips_0/inst/pspmc_0/inst/PS9_inst/PMCRCLKCLK[0]
                         net (fo=1, estimated)        0.000     4.166    hemaia_system_i/versal_cips_0/inst/pspmc_0/inst/pmc_pl_ref_clk[0]
    BUFG_PS_X0Y6         BUFG_PS (Prop_BUFG_PS_I_O)
                                                      0.057     4.223 r  hemaia_system_i/versal_cips_0/inst/pspmc_0/inst/buffer_pl_clk_0.PL_CLK_0_BUFG/O
    X7Y4 (CLOCK_ROOT)    net (fo=705, estimated)      4.033     8.256    u_ila_0/inst/axis_mu0_3/inst/ALLX.L2_NFULL.u_allx/clk
    SLICE_X254Y330       FDRE                                         r  u_ila_0/inst/axis_mu0_3/inst/ALLX.L2_NFULL.u_allx/data_in_dly1_reg[0]/C
                         clock pessimism              0.262     8.518    
                         inter-SLR compensation      -0.230     8.288    
                         clock uncertainty           -0.107     8.180    
    SLICE_X254Y330       FDRE (Setup_AFF2_SLICEL_C_D)
                                                      0.008     8.188    u_ila_0/inst/axis_mu0_3/inst/ALLX.L2_NFULL.u_allx/data_in_dly1_reg[0]
  -------------------------------------------------------------------
                         required time                          8.188    
                         arrival time                          -7.447    
  -------------------------------------------------------------------
                         slack                                  0.742    

Slack (MET) :             0.754ns  (required time - arrival time)
  Source:                 u_ila_0/inst/tc_axis_mu8/inst/MU_EQ.match_int_reg/C
                            (rising edge-triggered cell FDRE clocked by clk_pl_0  {rise@0.000ns fall@2.083ns period=4.166ns})
  Destination:            u_ila_0/inst/axis_ila_adv_trig/inst/u_count/G_COUNTER[3].U_COUNTER/counter_reg[0]/CE
                            (rising edge-triggered cell FDRE clocked by clk_pl_0  {rise@0.000ns fall@2.083ns period=4.166ns})
  Path Group:             clk_pl_0
  Path Type:              Setup (Max at Slow Process Corner)
  Requirement:            4.166ns  (clk_pl_0 rise@4.166ns - clk_pl_0 rise@0.000ns)
  Data Path Delay:        3.112ns  (logic 0.631ns (20.276%)  route 2.481ns (79.724%))
  Logic Levels:           7  (LUT2=2 LUT4=2 LUT6=2 RAMD64E5=1)
  Clock Path Skew:        -0.103ns (DCD - SCD + CPR)
    Destination Clock Delay (DCD):    3.901ns = ( 8.067 - 4.166 ) 
    Source Clock Delay      (SCD):    4.465ns
    Clock Pessimism Removal (CPR):    0.461ns
  Clock Uncertainty:      0.107ns  (CJ)/2 + PE + PJ
    Clock Jitter             (CJ):    0.215ns
    Phase Error              (PE):    0.000ns
    Phase Jitter             (PJ):    0.000ns
  Clock Net Delay (Source):      4.360ns (routing 1.924ns, distribution 2.435ns)
  Clock Net Delay (Destination): 3.844ns (routing 1.730ns, distribution 2.113ns)

    Location             Delay type                Incr(ns)  Path(ns)    Netlist Resource(s)
  -------------------------------------------------------------------    -------------------
                         (clock clk_pl_0 rise edge)
                                                      0.000     0.000 r  
    PS9_X0Y0             PS9                          0.000     0.000 r  hemaia_system_i/versal_cips_0/inst/pspmc_0/inst/PS9_inst/PMCRCLKCLK[0]
                         net (fo=1, estimated)        0.000     0.000    hemaia_system_i/versal_cips_0/inst/pspmc_0/inst/pmc_pl_ref_clk[0]
    BUFG_PS_X0Y6         BUFG_PS (Prop_BUFG_PS_I_O)
                                                      0.105     0.105 r  hemaia_system_i/versal_cips_0/inst/pspmc_0/inst/buffer_pl_clk_0.PL_CLK_0_BUFG/O
    X7Y4 (CLOCK_ROOT)    net (fo=705, estimated)      4.360     4.465    u_ila_0/inst/tc_axis_mu8/inst/clk
    SLICE_X312Y168       FDRE                                         r  u_ila_0/inst/tc_axis_mu8/inst/MU_EQ.match_int_reg/C
  -------------------------------------------------------------------    -------------------
    SLICE_X312Y168       FDRE (Prop_FFF_SLICEL_C_Q)
                                                      0.092     4.557 r  u_ila_0/inst/tc_axis_mu8/inst/MU_EQ.match_int_reg/Q
                         net (fo=1, estimated)        0.215     4.772    u_ila_0/inst/tc_axis_mu8/inst/match_int
    SLICE_X312Y168       LUT2 (Prop_D6LUT_SLICEL_I1_O)
                                                      0.048     4.820 r  u_ila_0/inst/tc_axis_mu8/inst/match_out_INST_0/O
                         net (fo=1, estimated)        0.288     5.108    u_ila_0/inst/axis_ila_adv_trig/inst/u_adv_trig/TRIGGER_EQ[8]
    SLICE_X316Y166       LUT6 (Prop_D6LUT_SLICEL_I5_O)
                                                      0.087     5.195 r  u_ila_0/inst/axis_ila_adv_trig/inst/u_adv_trig/fsm_mem_data_reg_r1_0_63_0_6_i_6/O
                         net (fo=1, estimated)        0.289     5.484    u_ila_0/inst/axis_ila_adv_trig/inst/u_adv_trig/fsm_mem_data_reg_r1_0_63_0_6_i_6_n_0
    SLICE_X321Y167       LUT6 (Prop_B6LUT_SLICEM_I1_O)
                                                      0.075     5.559 r  u_ila_0/inst/axis_ila_adv_trig/inst/u_adv_trig/fsm_mem_data_reg_r1_0_63_0_6_i_1/O
                         net (fo=48, estimated)       0.456     6.015    u_ila_0/inst/axis_ila_adv_trig/inst/u_adv_trig/fsm_mem_data_reg_r1_64_127_7_13/RAMB/RADR2
    SLICE_X321Y142       RAMD64E5 (Prop_B6LUT_SLICEM_ADR2_O)
                                                      0.089     6.104 r  u_ila_0/inst/axis_ila_adv_trig/inst/u_adv_trig/fsm_mem_data_reg_r1_64_127_7_13/RAMB/RAMD64_INST/O
                         net (fo=1, estimated)        0.215     6.319    u_ila_0/inst/axis_ila_adv_trig/inst/u_adv_trig/fsm_mem_data_reg_r1_64_127_7_13_n_1
    SLICE_X320Y141       LUT4 (Prop_E6LUT_SLICEL_I3_O)
                                                      0.092     6.411 r  u_ila_0/inst/axis_ila_adv_trig/inst/u_adv_trig/CNT_CTRL_O[4]_INST_0/O
                         net (fo=1, estimated)        0.407     6.818    u_ila_0/inst/axis_ila_adv_trig/inst/u_count/G_COUNTER[3].U_COUNTER/CNT_CTRL[0]
    SLICE_X319Y134       LUT4 (Prop_F6LUT_SLICEM_I2_O)
                                                      0.029     6.847 r  u_ila_0/inst/axis_ila_adv_trig/inst/u_count/G_COUNTER[3].U_COUNTER/counter[16]_i_3/O
                         net (fo=18, estimated)       0.308     7.155    u_ila_0/inst/axis_ila_adv_trig/inst/u_count/G_COUNTER[3].U_COUNTER/counter[16]_i_3_n_0
    SLICE_X322Y131       LUT2 (Prop_C6LUT_SLICEL_I1_O)
                                                      0.119     7.274 r  u_ila_0/inst/axis_ila_adv_trig/inst/u_count/G_COUNTER[3].U_COUNTER/counter[16]_i_1/O
                         net (fo=17, estimated)       0.303     7.577    u_ila_0/inst/axis_ila_adv_trig/inst/u_count/G_COUNTER[3].U_COUNTER/counter[16]_i_1_n_0
    SLICE_X322Y127       FDRE                                         r  u_ila_0/inst/axis_ila_adv_trig/inst/u_count/G_COUNTER[3].U_COUNTER/counter_reg[0]/CE
  -------------------------------------------------------------------    -------------------

                         (clock clk_pl_0 rise edge)
                                                      4.166     4.166 r  
    PS9_X0Y0             PS9                          0.000     4.166 r  hemaia_system_i/versal_cips_0/inst/pspmc_0/inst/PS9_inst/PMCRCLKCLK[0]
                         net (fo=1, estimated)        0.000     4.166    hemaia_system_i/versal_cips_0/inst/pspmc_0/inst/pmc_pl_ref_clk[0]
    BUFG_PS_X0Y6         BUFG_PS (Prop_BUFG_PS_I_O)
                                                      0.057     4.223 r  hemaia_system_i/versal_cips_0/inst/pspmc_0/inst/buffer_pl_clk_0.PL_CLK_0_BUFG/O
    X7Y4 (CLOCK_ROOT)    net (fo=705, estimated)      3.844     8.067    u_ila_0/inst/axis_ila_adv_trig/inst/u_count/G_COUNTER[3].U_COUNTER/CLK
    SLICE_X322Y127       FDRE                                         r  u_ila_0/inst/axis_ila_adv_trig/inst/u_count/G_COUNTER[3].U_COUNTER/counter_reg[0]/C
                         clock pessimism              0.461     8.528    
                         clock uncertainty           -0.107     8.420    
    SLICE_X322Y127       FDRE (Setup_EFF2_SLICEL_C_CE)
                                                     -0.090     8.330    u_ila_0/inst/axis_ila_adv_trig/inst/u_count/G_COUNTER[3].U_COUNTER/counter_reg[0]
  -------------------------------------------------------------------
                         required time                          8.330    
                         arrival time                          -7.577    
  -------------------------------------------------------------------
                         slack                                  0.754    

Slack (MET) :             0.754ns  (required time - arrival time)
  Source:                 u_ila_0/inst/tc_axis_mu8/inst/MU_EQ.match_int_reg/C
                            (rising edge-triggered cell FDRE clocked by clk_pl_0  {rise@0.000ns fall@2.083ns period=4.166ns})
  Destination:            u_ila_0/inst/axis_ila_adv_trig/inst/u_count/G_COUNTER[3].U_COUNTER/counter_reg[1]/CE
                            (rising edge-triggered cell FDRE clocked by clk_pl_0  {rise@0.000ns fall@2.083ns period=4.166ns})
  Path Group:             clk_pl_0
  Path Type:              Setup (Max at Slow Process Corner)
  Requirement:            4.166ns  (clk_pl_0 rise@4.166ns - clk_pl_0 rise@0.000ns)
  Data Path Delay:        3.112ns  (logic 0.631ns (20.276%)  route 2.481ns (79.724%))
  Logic Levels:           7  (LUT2=2 LUT4=2 LUT6=2 RAMD64E5=1)
  Clock Path Skew:        -0.103ns (DCD - SCD + CPR)
    Destination Clock Delay (DCD):    3.901ns = ( 8.067 - 4.166 ) 
    Source Clock Delay      (SCD):    4.465ns
    Clock Pessimism Removal (CPR):    0.461ns
  Clock Uncertainty:      0.107ns  (CJ)/2 + PE + PJ
    Clock Jitter             (CJ):    0.215ns
    Phase Error              (PE):    0.000ns
    Phase Jitter             (PJ):    0.000ns
  Clock Net Delay (Source):      4.360ns (routing 1.924ns, distribution 2.435ns)
  Clock Net Delay (Destination): 3.844ns (routing 1.730ns, distribution 2.113ns)

    Location             Delay type                Incr(ns)  Path(ns)    Netlist Resource(s)
  -------------------------------------------------------------------    -------------------
                         (clock clk_pl_0 rise edge)
                                                      0.000     0.000 r  
    PS9_X0Y0             PS9                          0.000     0.000 r  hemaia_system_i/versal_cips_0/inst/pspmc_0/inst/PS9_inst/PMCRCLKCLK[0]
                         net (fo=1, estimated)        0.000     0.000    hemaia_system_i/versal_cips_0/inst/pspmc_0/inst/pmc_pl_ref_clk[0]
    BUFG_PS_X0Y6         BUFG_PS (Prop_BUFG_PS_I_O)
                                                      0.105     0.105 r  hemaia_system_i/versal_cips_0/inst/pspmc_0/inst/buffer_pl_clk_0.PL_CLK_0_BUFG/O
    X7Y4 (CLOCK_ROOT)    net (fo=705, estimated)      4.360     4.465    u_ila_0/inst/tc_axis_mu8/inst/clk
    SLICE_X312Y168       FDRE                                         r  u_ila_0/inst/tc_axis_mu8/inst/MU_EQ.match_int_reg/C
  -------------------------------------------------------------------    -------------------
    SLICE_X312Y168       FDRE (Prop_FFF_SLICEL_C_Q)
                                                      0.092     4.557 r  u_ila_0/inst/tc_axis_mu8/inst/MU_EQ.match_int_reg/Q
                         net (fo=1, estimated)        0.215     4.772    u_ila_0/inst/tc_axis_mu8/inst/match_int
    SLICE_X312Y168       LUT2 (Prop_D6LUT_SLICEL_I1_O)
                                                      0.048     4.820 r  u_ila_0/inst/tc_axis_mu8/inst/match_out_INST_0/O
                         net (fo=1, estimated)        0.288     5.108    u_ila_0/inst/axis_ila_adv_trig/inst/u_adv_trig/TRIGGER_EQ[8]
    SLICE_X316Y166       LUT6 (Prop_D6LUT_SLICEL_I5_O)
                                                      0.087     5.195 r  u_ila_0/inst/axis_ila_adv_trig/inst/u_adv_trig/fsm_mem_data_reg_r1_0_63_0_6_i_6/O
                         net (fo=1, estimated)        0.289     5.484    u_ila_0/inst/axis_ila_adv_trig/inst/u_adv_trig/fsm_mem_data_reg_r1_0_63_0_6_i_6_n_0
    SLICE_X321Y167       LUT6 (Prop_B6LUT_SLICEM_I1_O)
                                                      0.075     5.559 r  u_ila_0/inst/axis_ila_adv_trig/inst/u_adv_trig/fsm_mem_data_reg_r1_0_63_0_6_i_1/O
                         net (fo=48, estimated)       0.456     6.015    u_ila_0/inst/axis_ila_adv_trig/inst/u_adv_trig/fsm_mem_data_reg_r1_64_127_7_13/RAMB/RADR2
    SLICE_X321Y142       RAMD64E5 (Prop_B6LUT_SLICEM_ADR2_O)
                                                      0.089     6.104 r  u_ila_0/inst/axis_ila_adv_trig/inst/u_adv_trig/fsm_mem_data_reg_r1_64_127_7_13/RAMB/RAMD64_INST/O
                         net (fo=1, estimated)        0.215     6.319    u_ila_0/inst/axis_ila_adv_trig/inst/u_adv_trig/fsm_mem_data_reg_r1_64_127_7_13_n_1
    SLICE_X320Y141       LUT4 (Prop_E6LUT_SLICEL_I3_O)
                                                      0.092     6.411 r  u_ila_0/inst/axis_ila_adv_trig/inst/u_adv_trig/CNT_CTRL_O[4]_INST_0/O
                         net (fo=1, estimated)        0.407     6.818    u_ila_0/inst/axis_ila_adv_trig/inst/u_count/G_COUNTER[3].U_COUNTER/CNT_CTRL[0]
    SLICE_X319Y134       LUT4 (Prop_F6LUT_SLICEM_I2_O)
                                                      0.029     6.847 r  u_ila_0/inst/axis_ila_adv_trig/inst/u_count/G_COUNTER[3].U_COUNTER/counter[16]_i_3/O
                         net (fo=18, estimated)       0.308     7.155    u_ila_0/inst/axis_ila_adv_trig/inst/u_count/G_COUNTER[3].U_COUNTER/counter[16]_i_3_n_0
    SLICE_X322Y131       LUT2 (Prop_C6LUT_SLICEL_I1_O)
                                                      0.119     7.274 r  u_ila_0/inst/axis_ila_adv_trig/inst/u_count/G_COUNTER[3].U_COUNTER/counter[16]_i_1/O
                         net (fo=17, estimated)       0.303     7.577    u_ila_0/inst/axis_ila_adv_trig/inst/u_count/G_COUNTER[3].U_COUNTER/counter[16]_i_1_n_0
    SLICE_X322Y127       FDRE                                         r  u_ila_0/inst/axis_ila_adv_trig/inst/u_count/G_COUNTER[3].U_COUNTER/counter_reg[1]/CE
  -------------------------------------------------------------------    -------------------

                         (clock clk_pl_0 rise edge)
                                                      4.166     4.166 r  
    PS9_X0Y0             PS9                          0.000     4.166 r  hemaia_system_i/versal_cips_0/inst/pspmc_0/inst/PS9_inst/PMCRCLKCLK[0]
                         net (fo=1, estimated)        0.000     4.166    hemaia_system_i/versal_cips_0/inst/pspmc_0/inst/pmc_pl_ref_clk[0]
    BUFG_PS_X0Y6         BUFG_PS (Prop_BUFG_PS_I_O)
                                                      0.057     4.223 r  hemaia_system_i/versal_cips_0/inst/pspmc_0/inst/buffer_pl_clk_0.PL_CLK_0_BUFG/O
    X7Y4 (CLOCK_ROOT)    net (fo=705, estimated)      3.844     8.067    u_ila_0/inst/axis_ila_adv_trig/inst/u_count/G_COUNTER[3].U_COUNTER/CLK
    SLICE_X322Y127       FDRE                                         r  u_ila_0/inst/axis_ila_adv_trig/inst/u_count/G_COUNTER[3].U_COUNTER/counter_reg[1]/C
                         clock pessimism              0.461     8.528    
                         clock uncertainty           -0.107     8.420    
    SLICE_X322Y127       FDRE (Setup_EFF_SLICEL_C_CE)
                                                     -0.090     8.330    u_ila_0/inst/axis_ila_adv_trig/inst/u_count/G_COUNTER[3].U_COUNTER/counter_reg[1]
  -------------------------------------------------------------------
                         required time                          8.330    
                         arrival time                          -7.577    
  -------------------------------------------------------------------
                         slack                                  0.754    

Slack (MET) :             0.754ns  (required time - arrival time)
  Source:                 hemaia_system_wrapper/hemaia_system/hemaia_system_axis_vio_0_0/<hidden>/<hidden>
                            (rising edge-triggered cell FDRE clocked by clk_pl_0  {rise@0.000ns fall@2.083ns period=4.166ns})
  Destination:            u_ila_0/inst/axis_mu0_1/inst/ALLX.L2_NFULL.u_allx/data_in_dly1_reg[0]/D
                            (rising edge-triggered cell FDRE clocked by clk_pl_0  {rise@0.000ns fall@2.083ns period=4.166ns})
  Path Group:             clk_pl_0
  Path Type:              Setup (Max at Slow Process Corner)
  Requirement:            4.166ns  (clk_pl_0 rise@4.166ns - clk_pl_0 rise@0.000ns)
  Data Path Delay:        2.466ns  (logic 0.090ns (3.650%)  route 2.376ns (96.350%))
  Logic Levels:           0  
  Clock Path Skew:        -0.616ns (DCD - SCD + CPR)
    Destination Clock Delay (DCD):    4.092ns = ( 8.258 - 4.166 ) 
    Source Clock Delay      (SCD):    4.970ns
    Clock Pessimism Removal (CPR):    0.262ns
  Clock Uncertainty:      0.107ns  (CJ)/2 + PE + PJ
    Clock Jitter             (CJ):    0.215ns
    Phase Error              (PE):    0.000ns
    Phase Jitter             (PJ):    0.000ns
  Inter-SLR Compensation: 0.230ns  ((DCD - CCD) * PF)
    Destination Clock Delay (DCD):    4.092ns
    Common Clock Delay      (CCD):    1.788ns
    Prorating Factor         (PF):    0.100
  Clock Net Delay (Source):      4.865ns (routing 1.923ns, distribution 2.942ns)
  Clock Net Delay (Destination): 4.035ns (routing 1.731ns, distribution 2.304ns)

    Location             Delay type                Incr(ns)  Path(ns)    Netlist Resource(s)
  -------------------------------------------------------------------    -------------------
                         (clock clk_pl_0 rise edge)
                                                      0.000     0.000 r  
    PS9_X0Y0             PS9                          0.000     0.000 r  hemaia_system_i/versal_cips_0/inst/pspmc_0/inst/PS9_inst/PMCRCLKCLK[0]
                         net (fo=1, estimated)        0.000     0.000    hemaia_system_i/versal_cips_0/inst/pspmc_0/inst/pmc_pl_ref_clk[0]
    BUFG_PS_X0Y6         BUFG_PS (Prop_BUFG_PS_I_O)
                                                      0.105     0.105 r  hemaia_system_i/versal_cips_0/inst/pspmc_0/inst/buffer_pl_clk_0.PL_CLK_0_BUFG/O
    X7Y4 (CLOCK_ROOT)    net (fo=705, estimated)      4.865     4.970    hemaia_system_wrapper/hemaia_system/hemaia_system_axis_vio_0_0/<hidden>/<hidden>
    SLR Crossing[0->1]   
    SLICE_X241Y575       FDRE                                         r  hemaia_system_wrapper/hemaia_system/hemaia_system_axis_vio_0_0/<hidden>/<hidden>
  -------------------------------------------------------------------    -------------------
    SLICE_X241Y575       FDRE (Prop_HFF_SLICEM_C_Q)
                                                      0.090     5.060 r  hemaia_system_wrapper/hemaia_system/hemaia_system_axis_vio_0_0/<hidden>/<hidden>
                         net (fo=14, estimated)       2.376     7.436    u_ila_0/inst/axis_mu0_1/inst/ALLX.L2_NFULL.u_allx/data_in[0]
    SLR Crossing[1->0]   
    SLICE_X250Y329       FDRE                                         r  u_ila_0/inst/axis_mu0_1/inst/ALLX.L2_NFULL.u_allx/data_in_dly1_reg[0]/D
  -------------------------------------------------------------------    -------------------

                         (clock clk_pl_0 rise edge)
                                                      4.166     4.166 r  
    PS9_X0Y0             PS9                          0.000     4.166 r  hemaia_system_i/versal_cips_0/inst/pspmc_0/inst/PS9_inst/PMCRCLKCLK[0]
                         net (fo=1, estimated)        0.000     4.166    hemaia_system_i/versal_cips_0/inst/pspmc_0/inst/pmc_pl_ref_clk[0]
    BUFG_PS_X0Y6         BUFG_PS (Prop_BUFG_PS_I_O)
                                                      0.057     4.223 r  hemaia_system_i/versal_cips_0/inst/pspmc_0/inst/buffer_pl_clk_0.PL_CLK_0_BUFG/O
    X7Y4 (CLOCK_ROOT)    net (fo=705, estimated)      4.035     8.258    u_ila_0/inst/axis_mu0_1/inst/ALLX.L2_NFULL.u_allx/clk
    SLICE_X250Y329       FDRE                                         r  u_ila_0/inst/axis_mu0_1/inst/ALLX.L2_NFULL.u_allx/data_in_dly1_reg[0]/C
                         clock pessimism              0.262     8.520    
                         inter-SLR compensation      -0.230     8.290    
                         clock uncertainty           -0.107     8.182    
    SLICE_X250Y329       FDRE (Setup_AFF_SLICEL_C_D)
                                                      0.008     8.190    u_ila_0/inst/axis_mu0_1/inst/ALLX.L2_NFULL.u_allx/data_in_dly1_reg[0]
  -------------------------------------------------------------------
                         required time                          8.190    
                         arrival time                          -7.436    
  -------------------------------------------------------------------
                         slack                                  0.754    

Slack (MET) :             0.756ns  (required time - arrival time)
  Source:                 u_ila_0/inst/tc_axis_mu8/inst/MU_EQ.match_int_reg/C
                            (rising edge-triggered cell FDRE clocked by clk_pl_0  {rise@0.000ns fall@2.083ns period=4.166ns})
  Destination:            u_ila_0/inst/axis_ila_adv_trig/inst/u_count/G_COUNTER[3].U_COUNTER/counter_reg[15]/CE
                            (rising edge-triggered cell FDRE clocked by clk_pl_0  {rise@0.000ns fall@2.083ns period=4.166ns})
  Path Group:             clk_pl_0
  Path Type:              Setup (Max at Slow Process Corner)
  Requirement:            4.166ns  (clk_pl_0 rise@4.166ns - clk_pl_0 rise@0.000ns)
  Data Path Delay:        3.111ns  (logic 0.631ns (20.283%)  route 2.480ns (79.717%))
  Logic Levels:           7  (LUT2=2 LUT4=2 LUT6=2 RAMD64E5=1)
  Clock Path Skew:        -0.103ns (DCD - SCD + CPR)
    Destination Clock Delay (DCD):    3.901ns = ( 8.067 - 4.166 ) 
    Source Clock Delay      (SCD):    4.465ns
    Clock Pessimism Removal (CPR):    0.461ns
  Clock Uncertainty:      0.107ns  (CJ)/2 + PE + PJ
    Clock Jitter             (CJ):    0.215ns
    Phase Error              (PE):    0.000ns
    Phase Jitter             (PJ):    0.000ns
  Clock Net Delay (Source):      4.360ns (routing 1.924ns, distribution 2.435ns)
  Clock Net Delay (Destination): 3.844ns (routing 1.730ns, distribution 2.113ns)

    Location             Delay type                Incr(ns)  Path(ns)    Netlist Resource(s)
  -------------------------------------------------------------------    -------------------
                         (clock clk_pl_0 rise edge)
                                                      0.000     0.000 r  
    PS9_X0Y0             PS9                          0.000     0.000 r  hemaia_system_i/versal_cips_0/inst/pspmc_0/inst/PS9_inst/PMCRCLKCLK[0]
                         net (fo=1, estimated)        0.000     0.000    hemaia_system_i/versal_cips_0/inst/pspmc_0/inst/pmc_pl_ref_clk[0]
    BUFG_PS_X0Y6         BUFG_PS (Prop_BUFG_PS_I_O)
                                                      0.105     0.105 r  hemaia_system_i/versal_cips_0/inst/pspmc_0/inst/buffer_pl_clk_0.PL_CLK_0_BUFG/O
    X7Y4 (CLOCK_ROOT)    net (fo=705, estimated)      4.360     4.465    u_ila_0/inst/tc_axis_mu8/inst/clk
    SLICE_X312Y168       FDRE                                         r  u_ila_0/inst/tc_axis_mu8/inst/MU_EQ.match_int_reg/C
  -------------------------------------------------------------------    -------------------
    SLICE_X312Y168       FDRE (Prop_FFF_SLICEL_C_Q)
                                                      0.092     4.557 r  u_ila_0/inst/tc_axis_mu8/inst/MU_EQ.match_int_reg/Q
                         net (fo=1, estimated)        0.215     4.772    u_ila_0/inst/tc_axis_mu8/inst/match_int
    SLICE_X312Y168       LUT2 (Prop_D6LUT_SLICEL_I1_O)
                                                      0.048     4.820 r  u_ila_0/inst/tc_axis_mu8/inst/match_out_INST_0/O
                         net (fo=1, estimated)        0.288     5.108    u_ila_0/inst/axis_ila_adv_trig/inst/u_adv_trig/TRIGGER_EQ[8]
    SLICE_X316Y166       LUT6 (Prop_D6LUT_SLICEL_I5_O)
                                                      0.087     5.195 r  u_ila_0/inst/axis_ila_adv_trig/inst/u_adv_trig/fsm_mem_data_reg_r1_0_63_0_6_i_6/O
                         net (fo=1, estimated)        0.289     5.484    u_ila_0/inst/axis_ila_adv_trig/inst/u_adv_trig/fsm_mem_data_reg_r1_0_63_0_6_i_6_n_0
    SLICE_X321Y167       LUT6 (Prop_B6LUT_SLICEM_I1_O)
                                                      0.075     5.559 r  u_ila_0/inst/axis_ila_adv_trig/inst/u_adv_trig/fsm_mem_data_reg_r1_0_63_0_6_i_1/O
                         net (fo=48, estimated)       0.456     6.015    u_ila_0/inst/axis_ila_adv_trig/inst/u_adv_trig/fsm_mem_data_reg_r1_64_127_7_13/RAMB/RADR2
    SLICE_X321Y142       RAMD64E5 (Prop_B6LUT_SLICEM_ADR2_O)
                                                      0.089     6.104 r  u_ila_0/inst/axis_ila_adv_trig/inst/u_adv_trig/fsm_mem_data_reg_r1_64_127_7_13/RAMB/RAMD64_INST/O
                         net (fo=1, estimated)        0.215     6.319    u_ila_0/inst/axis_ila_adv_trig/inst/u_adv_trig/fsm_mem_data_reg_r1_64_127_7_13_n_1
    SLICE_X320Y141       LUT4 (Prop_E6LUT_SLICEL_I3_O)
                                                      0.092     6.411 r  u_ila_0/inst/axis_ila_adv_trig/inst/u_adv_trig/CNT_CTRL_O[4]_INST_0/O
                         net (fo=1, estimated)        0.407     6.818    u_ila_0/inst/axis_ila_adv_trig/inst/u_count/G_COUNTER[3].U_COUNTER/CNT_CTRL[0]
    SLICE_X319Y134       LUT4 (Prop_F6LUT_SLICEM_I2_O)
                                                      0.029     6.847 r  u_ila_0/inst/axis_ila_adv_trig/inst/u_count/G_COUNTER[3].U_COUNTER/counter[16]_i_3/O
                         net (fo=18, estimated)       0.308     7.155    u_ila_0/inst/axis_ila_adv_trig/inst/u_count/G_COUNTER[3].U_COUNTER/counter[16]_i_3_n_0
    SLICE_X322Y131       LUT2 (Prop_C6LUT_SLICEL_I1_O)
                                                      0.119     7.274 r  u_ila_0/inst/axis_ila_adv_trig/inst/u_count/G_COUNTER[3].U_COUNTER/counter[16]_i_1/O
                         net (fo=17, estimated)       0.302     7.576    u_ila_0/inst/axis_ila_adv_trig/inst/u_count/G_COUNTER[3].U_COUNTER/counter[16]_i_1_n_0
    SLICE_X322Y127       FDRE                                         r  u_ila_0/inst/axis_ila_adv_trig/inst/u_count/G_COUNTER[3].U_COUNTER/counter_reg[15]/CE
  -------------------------------------------------------------------    -------------------

                         (clock clk_pl_0 rise edge)
                                                      4.166     4.166 r  
    PS9_X0Y0             PS9                          0.000     4.166 r  hemaia_system_i/versal_cips_0/inst/pspmc_0/inst/PS9_inst/PMCRCLKCLK[0]
                         net (fo=1, estimated)        0.000     4.166    hemaia_system_i/versal_cips_0/inst/pspmc_0/inst/pmc_pl_ref_clk[0]
    BUFG_PS_X0Y6         BUFG_PS (Prop_BUFG_PS_I_O)
                                                      0.057     4.223 r  hemaia_system_i/versal_cips_0/inst/pspmc_0/inst/buffer_pl_clk_0.PL_CLK_0_BUFG/O
    X7Y4 (CLOCK_ROOT)    net (fo=705, estimated)      3.844     8.067    u_ila_0/inst/axis_ila_adv_trig/inst/u_count/G_COUNTER[3].U_COUNTER/CLK
    SLICE_X322Y127       FDRE                                         r  u_ila_0/inst/axis_ila_adv_trig/inst/u_count/G_COUNTER[3].U_COUNTER/counter_reg[15]/C
                         clock pessimism              0.461     8.528    
                         clock uncertainty           -0.107     8.420    
    SLICE_X322Y127       FDRE (Setup_CFF2_SLICEL_C_CE)
                                                     -0.089     8.331    u_ila_0/inst/axis_ila_adv_trig/inst/u_count/G_COUNTER[3].U_COUNTER/counter_reg[15]
  -------------------------------------------------------------------
                         required time                          8.331    
                         arrival time                          -7.576    
  -------------------------------------------------------------------
                         slack                                  0.756    

Slack (MET) :             0.756ns  (required time - arrival time)
  Source:                 u_ila_0/inst/tc_axis_mu8/inst/MU_EQ.match_int_reg/C
                            (rising edge-triggered cell FDRE clocked by clk_pl_0  {rise@0.000ns fall@2.083ns period=4.166ns})
  Destination:            u_ila_0/inst/axis_ila_adv_trig/inst/u_count/G_COUNTER[3].U_COUNTER/counter_reg[16]/CE
                            (rising edge-triggered cell FDRE clocked by clk_pl_0  {rise@0.000ns fall@2.083ns period=4.166ns})
  Path Group:             clk_pl_0
  Path Type:              Setup (Max at Slow Process Corner)
  Requirement:            4.166ns  (clk_pl_0 rise@4.166ns - clk_pl_0 rise@0.000ns)
  Data Path Delay:        3.111ns  (logic 0.631ns (20.283%)  route 2.480ns (79.717%))
  Logic Levels:           7  (LUT2=2 LUT4=2 LUT6=2 RAMD64E5=1)
  Clock Path Skew:        -0.103ns (DCD - SCD + CPR)
    Destination Clock Delay (DCD):    3.901ns = ( 8.067 - 4.166 ) 
    Source Clock Delay      (SCD):    4.465ns
    Clock Pessimism Removal (CPR):    0.461ns
  Clock Uncertainty:      0.107ns  (CJ)/2 + PE + PJ
    Clock Jitter             (CJ):    0.215ns
    Phase Error              (PE):    0.000ns
    Phase Jitter             (PJ):    0.000ns
  Clock Net Delay (Source):      4.360ns (routing 1.924ns, distribution 2.435ns)
  Clock Net Delay (Destination): 3.844ns (routing 1.730ns, distribution 2.113ns)

    Location             Delay type                Incr(ns)  Path(ns)    Netlist Resource(s)
  -------------------------------------------------------------------    -------------------
                         (clock clk_pl_0 rise edge)
                                                      0.000     0.000 r  
    PS9_X0Y0             PS9                          0.000     0.000 r  hemaia_system_i/versal_cips_0/inst/pspmc_0/inst/PS9_inst/PMCRCLKCLK[0]
                         net (fo=1, estimated)        0.000     0.000    hemaia_system_i/versal_cips_0/inst/pspmc_0/inst/pmc_pl_ref_clk[0]
    BUFG_PS_X0Y6         BUFG_PS (Prop_BUFG_PS_I_O)
                                                      0.105     0.105 r  hemaia_system_i/versal_cips_0/inst/pspmc_0/inst/buffer_pl_clk_0.PL_CLK_0_BUFG/O
    X7Y4 (CLOCK_ROOT)    net (fo=705, estimated)      4.360     4.465    u_ila_0/inst/tc_axis_mu8/inst/clk
    SLICE_X312Y168       FDRE                                         r  u_ila_0/inst/tc_axis_mu8/inst/MU_EQ.match_int_reg/C
  -------------------------------------------------------------------    -------------------
    SLICE_X312Y168       FDRE (Prop_FFF_SLICEL_C_Q)
                                                      0.092     4.557 r  u_ila_0/inst/tc_axis_mu8/inst/MU_EQ.match_int_reg/Q
                         net (fo=1, estimated)        0.215     4.772    u_ila_0/inst/tc_axis_mu8/inst/match_int
    SLICE_X312Y168       LUT2 (Prop_D6LUT_SLICEL_I1_O)
                                                      0.048     4.820 r  u_ila_0/inst/tc_axis_mu8/inst/match_out_INST_0/O
                         net (fo=1, estimated)        0.288     5.108    u_ila_0/inst/axis_ila_adv_trig/inst/u_adv_trig/TRIGGER_EQ[8]
    SLICE_X316Y166       LUT6 (Prop_D6LUT_SLICEL_I5_O)
                                                      0.087     5.195 r  u_ila_0/inst/axis_ila_adv_trig/inst/u_adv_trig/fsm_mem_data_reg_r1_0_63_0_6_i_6/O
                         net (fo=1, estimated)        0.289     5.484    u_ila_0/inst/axis_ila_adv_trig/inst/u_adv_trig/fsm_mem_data_reg_r1_0_63_0_6_i_6_n_0
    SLICE_X321Y167       LUT6 (Prop_B6LUT_SLICEM_I1_O)
                                                      0.075     5.559 r  u_ila_0/inst/axis_ila_adv_trig/inst/u_adv_trig/fsm_mem_data_reg_r1_0_63_0_6_i_1/O
                         net (fo=48, estimated)       0.456     6.015    u_ila_0/inst/axis_ila_adv_trig/inst/u_adv_trig/fsm_mem_data_reg_r1_64_127_7_13/RAMB/RADR2
    SLICE_X321Y142       RAMD64E5 (Prop_B6LUT_SLICEM_ADR2_O)
                                                      0.089     6.104 r  u_ila_0/inst/axis_ila_adv_trig/inst/u_adv_trig/fsm_mem_data_reg_r1_64_127_7_13/RAMB/RAMD64_INST/O
                         net (fo=1, estimated)        0.215     6.319    u_ila_0/inst/axis_ila_adv_trig/inst/u_adv_trig/fsm_mem_data_reg_r1_64_127_7_13_n_1
    SLICE_X320Y141       LUT4 (Prop_E6LUT_SLICEL_I3_O)
                                                      0.092     6.411 r  u_ila_0/inst/axis_ila_adv_trig/inst/u_adv_trig/CNT_CTRL_O[4]_INST_0/O
                         net (fo=1, estimated)        0.407     6.818    u_ila_0/inst/axis_ila_adv_trig/inst/u_count/G_COUNTER[3].U_COUNTER/CNT_CTRL[0]
    SLICE_X319Y134       LUT4 (Prop_F6LUT_SLICEM_I2_O)
                                                      0.029     6.847 r  u_ila_0/inst/axis_ila_adv_trig/inst/u_count/G_COUNTER[3].U_COUNTER/counter[16]_i_3/O
                         net (fo=18, estimated)       0.308     7.155    u_ila_0/inst/axis_ila_adv_trig/inst/u_count/G_COUNTER[3].U_COUNTER/counter[16]_i_3_n_0
    SLICE_X322Y131       LUT2 (Prop_C6LUT_SLICEL_I1_O)
                                                      0.119     7.274 r  u_ila_0/inst/axis_ila_adv_trig/inst/u_count/G_COUNTER[3].U_COUNTER/counter[16]_i_1/O
                         net (fo=17, estimated)       0.302     7.576    u_ila_0/inst/axis_ila_adv_trig/inst/u_count/G_COUNTER[3].U_COUNTER/counter[16]_i_1_n_0
    SLICE_X322Y127       FDRE                                         r  u_ila_0/inst/axis_ila_adv_trig/inst/u_count/G_COUNTER[3].U_COUNTER/counter_reg[16]/CE
  -------------------------------------------------------------------    -------------------

                         (clock clk_pl_0 rise edge)
                                                      4.166     4.166 r  
    PS9_X0Y0             PS9                          0.000     4.166 r  hemaia_system_i/versal_cips_0/inst/pspmc_0/inst/PS9_inst/PMCRCLKCLK[0]
                         net (fo=1, estimated)        0.000     4.166    hemaia_system_i/versal_cips_0/inst/pspmc_0/inst/pmc_pl_ref_clk[0]
    BUFG_PS_X0Y6         BUFG_PS (Prop_BUFG_PS_I_O)
                                                      0.057     4.223 r  hemaia_system_i/versal_cips_0/inst/pspmc_0/inst/buffer_pl_clk_0.PL_CLK_0_BUFG/O
    X7Y4 (CLOCK_ROOT)    net (fo=705, estimated)      3.844     8.067    u_ila_0/inst/axis_ila_adv_trig/inst/u_count/G_COUNTER[3].U_COUNTER/CLK
    SLICE_X322Y127       FDRE                                         r  u_ila_0/inst/axis_ila_adv_trig/inst/u_count/G_COUNTER[3].U_COUNTER/counter_reg[16]/C
                         clock pessimism              0.461     8.528    
                         clock uncertainty           -0.107     8.420    
    SLICE_X322Y127       FDRE (Setup_CFF_SLICEL_C_CE)
                                                     -0.089     8.331    u_ila_0/inst/axis_ila_adv_trig/inst/u_count/G_COUNTER[3].U_COUNTER/counter_reg[16]
  -------------------------------------------------------------------
                         required time                          8.331    
                         arrival time                          -7.576    
  -------------------------------------------------------------------
                         slack                                  0.756    

Slack (MET) :             0.758ns  (required time - arrival time)
  Source:                 u_ila_0/inst/tc_axis_mu8/inst/MU_EQ.match_int_reg/C
                            (rising edge-triggered cell FDRE clocked by clk_pl_0  {rise@0.000ns fall@2.083ns period=4.166ns})
  Destination:            u_ila_0/inst/axis_ila_adv_trig/inst/u_count/G_COUNTER[3].U_COUNTER/counter_reg[5]/CE
                            (rising edge-triggered cell FDRE clocked by clk_pl_0  {rise@0.000ns fall@2.083ns period=4.166ns})
  Path Group:             clk_pl_0
  Path Type:              Setup (Max at Slow Process Corner)
  Requirement:            4.166ns  (clk_pl_0 rise@4.166ns - clk_pl_0 rise@0.000ns)
  Data Path Delay:        3.102ns  (logic 0.631ns (20.342%)  route 2.471ns (79.658%))
  Logic Levels:           7  (LUT2=2 LUT4=2 LUT6=2 RAMD64E5=1)
  Clock Path Skew:        -0.110ns (DCD - SCD + CPR)
    Destination Clock Delay (DCD):    3.894ns = ( 8.060 - 4.166 ) 
    Source Clock Delay      (SCD):    4.465ns
    Clock Pessimism Removal (CPR):    0.461ns
  Clock Uncertainty:      0.107ns  (CJ)/2 + PE + PJ
    Clock Jitter             (CJ):    0.215ns
    Phase Error              (PE):    0.000ns
    Phase Jitter             (PJ):    0.000ns
  Clock Net Delay (Source):      4.360ns (routing 1.924ns, distribution 2.435ns)
  Clock Net Delay (Destination): 3.837ns (routing 1.730ns, distribution 2.106ns)

    Location             Delay type                Incr(ns)  Path(ns)    Netlist Resource(s)
  -------------------------------------------------------------------    -------------------
                         (clock clk_pl_0 rise edge)
                                                      0.000     0.000 r  
    PS9_X0Y0             PS9                          0.000     0.000 r  hemaia_system_i/versal_cips_0/inst/pspmc_0/inst/PS9_inst/PMCRCLKCLK[0]
                         net (fo=1, estimated)        0.000     0.000    hemaia_system_i/versal_cips_0/inst/pspmc_0/inst/pmc_pl_ref_clk[0]
    BUFG_PS_X0Y6         BUFG_PS (Prop_BUFG_PS_I_O)
                                                      0.105     0.105 r  hemaia_system_i/versal_cips_0/inst/pspmc_0/inst/buffer_pl_clk_0.PL_CLK_0_BUFG/O
    X7Y4 (CLOCK_ROOT)    net (fo=705, estimated)      4.360     4.465    u_ila_0/inst/tc_axis_mu8/inst/clk
    SLICE_X312Y168       FDRE                                         r  u_ila_0/inst/tc_axis_mu8/inst/MU_EQ.match_int_reg/C
  -------------------------------------------------------------------    -------------------
    SLICE_X312Y168       FDRE (Prop_FFF_SLICEL_C_Q)
                                                      0.092     4.557 r  u_ila_0/inst/tc_axis_mu8/inst/MU_EQ.match_int_reg/Q
                         net (fo=1, estimated)        0.215     4.772    u_ila_0/inst/tc_axis_mu8/inst/match_int
    SLICE_X312Y168       LUT2 (Prop_D6LUT_SLICEL_I1_O)
                                                      0.048     4.820 r  u_ila_0/inst/tc_axis_mu8/inst/match_out_INST_0/O
                         net (fo=1, estimated)        0.288     5.108    u_ila_0/inst/axis_ila_adv_trig/inst/u_adv_trig/TRIGGER_EQ[8]
    SLICE_X316Y166       LUT6 (Prop_D6LUT_SLICEL_I5_O)
                                                      0.087     5.195 r  u_ila_0/inst/axis_ila_adv_trig/inst/u_adv_trig/fsm_mem_data_reg_r1_0_63_0_6_i_6/O
                         net (fo=1, estimated)        0.289     5.484    u_ila_0/inst/axis_ila_adv_trig/inst/u_adv_trig/fsm_mem_data_reg_r1_0_63_0_6_i_6_n_0
    SLICE_X321Y167       LUT6 (Prop_B6LUT_SLICEM_I1_O)
                                                      0.075     5.559 r  u_ila_0/inst/axis_ila_adv_trig/inst/u_adv_trig/fsm_mem_data_reg_r1_0_63_0_6_i_1/O
                         net (fo=48, estimated)       0.456     6.015    u_ila_0/inst/axis_ila_adv_trig/inst/u_adv_trig/fsm_mem_data_reg_r1_64_127_7_13/RAMB/RADR2
    SLICE_X321Y142       RAMD64E5 (Prop_B6LUT_SLICEM_ADR2_O)
                                                      0.089     6.104 r  u_ila_0/inst/axis_ila_adv_trig/inst/u_adv_trig/fsm_mem_data_reg_r1_64_127_7_13/RAMB/RAMD64_INST/O
                         net (fo=1, estimated)        0.215     6.319    u_ila_0/inst/axis_ila_adv_trig/inst/u_adv_trig/fsm_mem_data_reg_r1_64_127_7_13_n_1
    SLICE_X320Y141       LUT4 (Prop_E6LUT_SLICEL_I3_O)
                                                      0.092     6.411 r  u_ila_0/inst/axis_ila_adv_trig/inst/u_adv_trig/CNT_CTRL_O[4]_INST_0/O
                         net (fo=1, estimated)        0.407     6.818    u_ila_0/inst/axis_ila_adv_trig/inst/u_count/G_COUNTER[3].U_COUNTER/CNT_CTRL[0]
    SLICE_X319Y134       LUT4 (Prop_F6LUT_SLICEM_I2_O)
                                                      0.029     6.847 r  u_ila_0/inst/axis_ila_adv_trig/inst/u_count/G_COUNTER[3].U_COUNTER/counter[16]_i_3/O
                         net (fo=18, estimated)       0.308     7.155    u_ila_0/inst/axis_ila_adv_trig/inst/u_count/G_COUNTER[3].U_COUNTER/counter[16]_i_3_n_0
    SLICE_X322Y131       LUT2 (Prop_C6LUT_SLICEL_I1_O)
                                                      0.119     7.274 r  u_ila_0/inst/axis_ila_adv_trig/inst/u_count/G_COUNTER[3].U_COUNTER/counter[16]_i_1/O
                         net (fo=17, estimated)       0.293     7.567    u_ila_0/inst/axis_ila_adv_trig/inst/u_count/G_COUNTER[3].U_COUNTER/counter[16]_i_1_n_0
    SLICE_X323Y130       FDRE                                         r  u_ila_0/inst/axis_ila_adv_trig/inst/u_count/G_COUNTER[3].U_COUNTER/counter_reg[5]/CE
  -------------------------------------------------------------------    -------------------

                         (clock clk_pl_0 rise edge)
                                                      4.166     4.166 r  
    PS9_X0Y0             PS9                          0.000     4.166 r  hemaia_system_i/versal_cips_0/inst/pspmc_0/inst/PS9_inst/PMCRCLKCLK[0]
                         net (fo=1, estimated)        0.000     4.166    hemaia_system_i/versal_cips_0/inst/pspmc_0/inst/pmc_pl_ref_clk[0]
    BUFG_PS_X0Y6         BUFG_PS (Prop_BUFG_PS_I_O)
                                                      0.057     4.223 r  hemaia_system_i/versal_cips_0/inst/pspmc_0/inst/buffer_pl_clk_0.PL_CLK_0_BUFG/O
    X7Y4 (CLOCK_ROOT)    net (fo=705, estimated)      3.837     8.060    u_ila_0/inst/axis_ila_adv_trig/inst/u_count/G_COUNTER[3].U_COUNTER/CLK
    SLICE_X323Y130       FDRE                                         r  u_ila_0/inst/axis_ila_adv_trig/inst/u_count/G_COUNTER[3].U_COUNTER/counter_reg[5]/C
                         clock pessimism              0.461     8.521    
                         clock uncertainty           -0.107     8.413    
    SLICE_X323Y130       FDRE (Setup_DFF2_SLICEM_C_CE)
                                                     -0.089     8.324    u_ila_0/inst/axis_ila_adv_trig/inst/u_count/G_COUNTER[3].U_COUNTER/counter_reg[5]
  -------------------------------------------------------------------
                         required time                          8.324    
                         arrival time                          -7.567    
  -------------------------------------------------------------------
                         slack                                  0.758    

Slack (MET) :             0.759ns  (required time - arrival time)
  Source:                 u_ila_0/inst/tc_axis_mu8/inst/MU_EQ.match_int_reg/C
                            (rising edge-triggered cell FDRE clocked by clk_pl_0  {rise@0.000ns fall@2.083ns period=4.166ns})
  Destination:            u_ila_0/inst/axis_ila_adv_trig/inst/u_count/G_COUNTER[3].U_COUNTER/counter_reg[14]/CE
                            (rising edge-triggered cell FDRE clocked by clk_pl_0  {rise@0.000ns fall@2.083ns period=4.166ns})
  Path Group:             clk_pl_0
  Path Type:              Setup (Max at Slow Process Corner)
  Requirement:            4.166ns  (clk_pl_0 rise@4.166ns - clk_pl_0 rise@0.000ns)
  Data Path Delay:        3.100ns  (logic 0.631ns (20.355%)  route 2.469ns (79.645%))
  Logic Levels:           7  (LUT2=2 LUT4=2 LUT6=2 RAMD64E5=1)
  Clock Path Skew:        -0.110ns (DCD - SCD + CPR)
    Destination Clock Delay (DCD):    3.894ns = ( 8.060 - 4.166 ) 
    Source Clock Delay      (SCD):    4.465ns
    Clock Pessimism Removal (CPR):    0.461ns
  Clock Uncertainty:      0.107ns  (CJ)/2 + PE + PJ
    Clock Jitter             (CJ):    0.215ns
    Phase Error              (PE):    0.000ns
    Phase Jitter             (PJ):    0.000ns
  Clock Net Delay (Source):      4.360ns (routing 1.924ns, distribution 2.435ns)
  Clock Net Delay (Destination): 3.837ns (routing 1.730ns, distribution 2.106ns)

    Location             Delay type                Incr(ns)  Path(ns)    Netlist Resource(s)
  -------------------------------------------------------------------    -------------------
                         (clock clk_pl_0 rise edge)
                                                      0.000     0.000 r  
    PS9_X0Y0             PS9                          0.000     0.000 r  hemaia_system_i/versal_cips_0/inst/pspmc_0/inst/PS9_inst/PMCRCLKCLK[0]
                         net (fo=1, estimated)        0.000     0.000    hemaia_system_i/versal_cips_0/inst/pspmc_0/inst/pmc_pl_ref_clk[0]
    BUFG_PS_X0Y6         BUFG_PS (Prop_BUFG_PS_I_O)
                                                      0.105     0.105 r  hemaia_system_i/versal_cips_0/inst/pspmc_0/inst/buffer_pl_clk_0.PL_CLK_0_BUFG/O
    X7Y4 (CLOCK_ROOT)    net (fo=705, estimated)      4.360     4.465    u_ila_0/inst/tc_axis_mu8/inst/clk
    SLICE_X312Y168       FDRE                                         r  u_ila_0/inst/tc_axis_mu8/inst/MU_EQ.match_int_reg/C
  -------------------------------------------------------------------    -------------------
    SLICE_X312Y168       FDRE (Prop_FFF_SLICEL_C_Q)
                                                      0.092     4.557 r  u_ila_0/inst/tc_axis_mu8/inst/MU_EQ.match_int_reg/Q
                         net (fo=1, estimated)        0.215     4.772    u_ila_0/inst/tc_axis_mu8/inst/match_int
    SLICE_X312Y168       LUT2 (Prop_D6LUT_SLICEL_I1_O)
                                                      0.048     4.820 r  u_ila_0/inst/tc_axis_mu8/inst/match_out_INST_0/O
                         net (fo=1, estimated)        0.288     5.108    u_ila_0/inst/axis_ila_adv_trig/inst/u_adv_trig/TRIGGER_EQ[8]
    SLICE_X316Y166       LUT6 (Prop_D6LUT_SLICEL_I5_O)
                                                      0.087     5.195 r  u_ila_0/inst/axis_ila_adv_trig/inst/u_adv_trig/fsm_mem_data_reg_r1_0_63_0_6_i_6/O
                         net (fo=1, estimated)        0.289     5.484    u_ila_0/inst/axis_ila_adv_trig/inst/u_adv_trig/fsm_mem_data_reg_r1_0_63_0_6_i_6_n_0
    SLICE_X321Y167       LUT6 (Prop_B6LUT_SLICEM_I1_O)
                                                      0.075     5.559 r  u_ila_0/inst/axis_ila_adv_trig/inst/u_adv_trig/fsm_mem_data_reg_r1_0_63_0_6_i_1/O
                         net (fo=48, estimated)       0.456     6.015    u_ila_0/inst/axis_ila_adv_trig/inst/u_adv_trig/fsm_mem_data_reg_r1_64_127_7_13/RAMB/RADR2
    SLICE_X321Y142       RAMD64E5 (Prop_B6LUT_SLICEM_ADR2_O)
                                                      0.089     6.104 r  u_ila_0/inst/axis_ila_adv_trig/inst/u_adv_trig/fsm_mem_data_reg_r1_64_127_7_13/RAMB/RAMD64_INST/O
                         net (fo=1, estimated)        0.215     6.319    u_ila_0/inst/axis_ila_adv_trig/inst/u_adv_trig/fsm_mem_data_reg_r1_64_127_7_13_n_1
    SLICE_X320Y141       LUT4 (Prop_E6LUT_SLICEL_I3_O)
                                                      0.092     6.411 r  u_ila_0/inst/axis_ila_adv_trig/inst/u_adv_trig/CNT_CTRL_O[4]_INST_0/O
                         net (fo=1, estimated)        0.407     6.818    u_ila_0/inst/axis_ila_adv_trig/inst/u_count/G_COUNTER[3].U_COUNTER/CNT_CTRL[0]
    SLICE_X319Y134       LUT4 (Prop_F6LUT_SLICEM_I2_O)
                                                      0.029     6.847 r  u_ila_0/inst/axis_ila_adv_trig/inst/u_count/G_COUNTER[3].U_COUNTER/counter[16]_i_3/O
                         net (fo=18, estimated)       0.308     7.155    u_ila_0/inst/axis_ila_adv_trig/inst/u_count/G_COUNTER[3].U_COUNTER/counter[16]_i_3_n_0
    SLICE_X322Y131       LUT2 (Prop_C6LUT_SLICEL_I1_O)
                                                      0.119     7.274 r  u_ila_0/inst/axis_ila_adv_trig/inst/u_count/G_COUNTER[3].U_COUNTER/counter[16]_i_1/O
                         net (fo=17, estimated)       0.291     7.565    u_ila_0/inst/axis_ila_adv_trig/inst/u_count/G_COUNTER[3].U_COUNTER/counter[16]_i_1_n_0
    SLICE_X323Y130       FDRE                                         r  u_ila_0/inst/axis_ila_adv_trig/inst/u_count/G_COUNTER[3].U_COUNTER/counter_reg[14]/CE
  -------------------------------------------------------------------    -------------------

                         (clock clk_pl_0 rise edge)
                                                      4.166     4.166 r  
    PS9_X0Y0             PS9                          0.000     4.166 r  hemaia_system_i/versal_cips_0/inst/pspmc_0/inst/PS9_inst/PMCRCLKCLK[0]
                         net (fo=1, estimated)        0.000     4.166    hemaia_system_i/versal_cips_0/inst/pspmc_0/inst/pmc_pl_ref_clk[0]
    BUFG_PS_X0Y6         BUFG_PS (Prop_BUFG_PS_I_O)
                                                      0.057     4.223 r  hemaia_system_i/versal_cips_0/inst/pspmc_0/inst/buffer_pl_clk_0.PL_CLK_0_BUFG/O
    X7Y4 (CLOCK_ROOT)    net (fo=705, estimated)      3.837     8.060    u_ila_0/inst/axis_ila_adv_trig/inst/u_count/G_COUNTER[3].U_COUNTER/CLK
    SLICE_X323Y130       FDRE                                         r  u_ila_0/inst/axis_ila_adv_trig/inst/u_count/G_COUNTER[3].U_COUNTER/counter_reg[14]/C
                         clock pessimism              0.461     8.521    
                         clock uncertainty           -0.107     8.413    
    SLICE_X323Y130       FDRE (Setup_EFF2_SLICEM_C_CE)
                                                     -0.090     8.323    u_ila_0/inst/axis_ila_adv_trig/inst/u_count/G_COUNTER[3].U_COUNTER/counter_reg[14]
  -------------------------------------------------------------------
                         required time                          8.323    
                         arrival time                          -7.565    
  -------------------------------------------------------------------
                         slack                                  0.759    

Slack (MET) :             0.763ns  (required time - arrival time)
  Source:                 u_ila_0/inst/tc_axis_mu8/inst/MU_EQ.match_int_reg/C
                            (rising edge-triggered cell FDRE clocked by clk_pl_0  {rise@0.000ns fall@2.083ns period=4.166ns})
  Destination:            u_ila_0/inst/axis_ila_adv_trig/inst/u_count/G_COUNTER[3].U_COUNTER/counter_reg[10]/CE
                            (rising edge-triggered cell FDRE clocked by clk_pl_0  {rise@0.000ns fall@2.083ns period=4.166ns})
  Path Group:             clk_pl_0
  Path Type:              Setup (Max at Slow Process Corner)
  Requirement:            4.166ns  (clk_pl_0 rise@4.166ns - clk_pl_0 rise@0.000ns)
  Data Path Delay:        3.105ns  (logic 0.631ns (20.322%)  route 2.474ns (79.678%))
  Logic Levels:           7  (LUT2=2 LUT4=2 LUT6=2 RAMD64E5=1)
  Clock Path Skew:        -0.101ns (DCD - SCD + CPR)
    Destination Clock Delay (DCD):    3.903ns = ( 8.069 - 4.166 ) 
    Source Clock Delay      (SCD):    4.465ns
    Clock Pessimism Removal (CPR):    0.461ns
  Clock Uncertainty:      0.107ns  (CJ)/2 + PE + PJ
    Clock Jitter             (CJ):    0.215ns
    Phase Error              (PE):    0.000ns
    Phase Jitter             (PJ):    0.000ns
  Clock Net Delay (Source):      4.360ns (routing 1.924ns, distribution 2.435ns)
  Clock Net Delay (Destination): 3.846ns (routing 1.730ns, distribution 2.115ns)

    Location             Delay type                Incr(ns)  Path(ns)    Netlist Resource(s)
  -------------------------------------------------------------------    -------------------
                         (clock clk_pl_0 rise edge)
                                                      0.000     0.000 r  
    PS9_X0Y0             PS9                          0.000     0.000 r  hemaia_system_i/versal_cips_0/inst/pspmc_0/inst/PS9_inst/PMCRCLKCLK[0]
                         net (fo=1, estimated)        0.000     0.000    hemaia_system_i/versal_cips_0/inst/pspmc_0/inst/pmc_pl_ref_clk[0]
    BUFG_PS_X0Y6         BUFG_PS (Prop_BUFG_PS_I_O)
                                                      0.105     0.105 r  hemaia_system_i/versal_cips_0/inst/pspmc_0/inst/buffer_pl_clk_0.PL_CLK_0_BUFG/O
    X7Y4 (CLOCK_ROOT)    net (fo=705, estimated)      4.360     4.465    u_ila_0/inst/tc_axis_mu8/inst/clk
    SLICE_X312Y168       FDRE                                         r  u_ila_0/inst/tc_axis_mu8/inst/MU_EQ.match_int_reg/C
  -------------------------------------------------------------------    -------------------
    SLICE_X312Y168       FDRE (Prop_FFF_SLICEL_C_Q)
                                                      0.092     4.557 r  u_ila_0/inst/tc_axis_mu8/inst/MU_EQ.match_int_reg/Q
                         net (fo=1, estimated)        0.215     4.772    u_ila_0/inst/tc_axis_mu8/inst/match_int
    SLICE_X312Y168       LUT2 (Prop_D6LUT_SLICEL_I1_O)
                                                      0.048     4.820 r  u_ila_0/inst/tc_axis_mu8/inst/match_out_INST_0/O
                         net (fo=1, estimated)        0.288     5.108    u_ila_0/inst/axis_ila_adv_trig/inst/u_adv_trig/TRIGGER_EQ[8]
    SLICE_X316Y166       LUT6 (Prop_D6LUT_SLICEL_I5_O)
                                                      0.087     5.195 r  u_ila_0/inst/axis_ila_adv_trig/inst/u_adv_trig/fsm_mem_data_reg_r1_0_63_0_6_i_6/O
                         net (fo=1, estimated)        0.289     5.484    u_ila_0/inst/axis_ila_adv_trig/inst/u_adv_trig/fsm_mem_data_reg_r1_0_63_0_6_i_6_n_0
    SLICE_X321Y167       LUT6 (Prop_B6LUT_SLICEM_I1_O)
                                                      0.075     5.559 r  u_ila_0/inst/axis_ila_adv_trig/inst/u_adv_trig/fsm_mem_data_reg_r1_0_63_0_6_i_1/O
                         net (fo=48, estimated)       0.456     6.015    u_ila_0/inst/axis_ila_adv_trig/inst/u_adv_trig/fsm_mem_data_reg_r1_64_127_7_13/RAMB/RADR2
    SLICE_X321Y142       RAMD64E5 (Prop_B6LUT_SLICEM_ADR2_O)
                                                      0.089     6.104 r  u_ila_0/inst/axis_ila_adv_trig/inst/u_adv_trig/fsm_mem_data_reg_r1_64_127_7_13/RAMB/RAMD64_INST/O
                         net (fo=1, estimated)        0.215     6.319    u_ila_0/inst/axis_ila_adv_trig/inst/u_adv_trig/fsm_mem_data_reg_r1_64_127_7_13_n_1
    SLICE_X320Y141       LUT4 (Prop_E6LUT_SLICEL_I3_O)
                                                      0.092     6.411 r  u_ila_0/inst/axis_ila_adv_trig/inst/u_adv_trig/CNT_CTRL_O[4]_INST_0/O
                         net (fo=1, estimated)        0.407     6.818    u_ila_0/inst/axis_ila_adv_trig/inst/u_count/G_COUNTER[3].U_COUNTER/CNT_CTRL[0]
    SLICE_X319Y134       LUT4 (Prop_F6LUT_SLICEM_I2_O)
                                                      0.029     6.847 r  u_ila_0/inst/axis_ila_adv_trig/inst/u_count/G_COUNTER[3].U_COUNTER/counter[16]_i_3/O
                         net (fo=18, estimated)       0.308     7.155    u_ila_0/inst/axis_ila_adv_trig/inst/u_count/G_COUNTER[3].U_COUNTER/counter[16]_i_3_n_0
    SLICE_X322Y131       LUT2 (Prop_C6LUT_SLICEL_I1_O)
                                                      0.119     7.274 r  u_ila_0/inst/axis_ila_adv_trig/inst/u_count/G_COUNTER[3].U_COUNTER/counter[16]_i_1/O
                         net (fo=17, estimated)       0.296     7.570    u_ila_0/inst/axis_ila_adv_trig/inst/u_count/G_COUNTER[3].U_COUNTER/counter[16]_i_1_n_0
    SLICE_X322Y129       FDRE                                         r  u_ila_0/inst/axis_ila_adv_trig/inst/u_count/G_COUNTER[3].U_COUNTER/counter_reg[10]/CE
  -------------------------------------------------------------------    -------------------

                         (clock clk_pl_0 rise edge)
                                                      4.166     4.166 r  
    PS9_X0Y0             PS9                          0.000     4.166 r  hemaia_system_i/versal_cips_0/inst/pspmc_0/inst/PS9_inst/PMCRCLKCLK[0]
                         net (fo=1, estimated)        0.000     4.166    hemaia_system_i/versal_cips_0/inst/pspmc_0/inst/pmc_pl_ref_clk[0]
    BUFG_PS_X0Y6         BUFG_PS (Prop_BUFG_PS_I_O)
                                                      0.057     4.223 r  hemaia_system_i/versal_cips_0/inst/pspmc_0/inst/buffer_pl_clk_0.PL_CLK_0_BUFG/O
    X7Y4 (CLOCK_ROOT)    net (fo=705, estimated)      3.846     8.069    u_ila_0/inst/axis_ila_adv_trig/inst/u_count/G_COUNTER[3].U_COUNTER/CLK
    SLICE_X322Y129       FDRE                                         r  u_ila_0/inst/axis_ila_adv_trig/inst/u_count/G_COUNTER[3].U_COUNTER/counter_reg[10]/C
                         clock pessimism              0.461     8.530    
                         clock uncertainty           -0.107     8.422    
    SLICE_X322Y129       FDRE (Setup_FFF2_SLICEL_C_CE)
                                                     -0.090     8.332    u_ila_0/inst/axis_ila_adv_trig/inst/u_count/G_COUNTER[3].U_COUNTER/counter_reg[10]
  -------------------------------------------------------------------
                         required time                          8.332    
                         arrival time                          -7.570    
  -------------------------------------------------------------------
                         slack                                  0.763    

Slack (MET) :             0.765ns  (required time - arrival time)
  Source:                 u_ila_0/inst/tc_axis_mu8/inst/MU_EQ.match_int_reg/C
                            (rising edge-triggered cell FDRE clocked by clk_pl_0  {rise@0.000ns fall@2.083ns period=4.166ns})
  Destination:            u_ila_0/inst/axis_ila_adv_trig/inst/u_count/G_COUNTER[3].U_COUNTER/counter_reg[11]/CE
                            (rising edge-triggered cell FDRE clocked by clk_pl_0  {rise@0.000ns fall@2.083ns period=4.166ns})
  Path Group:             clk_pl_0
  Path Type:              Setup (Max at Slow Process Corner)
  Requirement:            4.166ns  (clk_pl_0 rise@4.166ns - clk_pl_0 rise@0.000ns)
  Data Path Delay:        3.104ns  (logic 0.631ns (20.329%)  route 2.473ns (79.671%))
  Logic Levels:           7  (LUT2=2 LUT4=2 LUT6=2 RAMD64E5=1)
  Clock Path Skew:        -0.103ns (DCD - SCD + CPR)
    Destination Clock Delay (DCD):    3.901ns = ( 8.067 - 4.166 ) 
    Source Clock Delay      (SCD):    4.465ns
    Clock Pessimism Removal (CPR):    0.461ns
  Clock Uncertainty:      0.107ns  (CJ)/2 + PE + PJ
    Clock Jitter             (CJ):    0.215ns
    Phase Error              (PE):    0.000ns
    Phase Jitter             (PJ):    0.000ns
  Clock Net Delay (Source):      4.360ns (routing 1.924ns, distribution 2.435ns)
  Clock Net Delay (Destination): 3.844ns (routing 1.730ns, distribution 2.113ns)

    Location             Delay type                Incr(ns)  Path(ns)    Netlist Resource(s)
  -------------------------------------------------------------------    -------------------
                         (clock clk_pl_0 rise edge)
                                                      0.000     0.000 r  
    PS9_X0Y0             PS9                          0.000     0.000 r  hemaia_system_i/versal_cips_0/inst/pspmc_0/inst/PS9_inst/PMCRCLKCLK[0]
                         net (fo=1, estimated)        0.000     0.000    hemaia_system_i/versal_cips_0/inst/pspmc_0/inst/pmc_pl_ref_clk[0]
    BUFG_PS_X0Y6         BUFG_PS (Prop_BUFG_PS_I_O)
                                                      0.105     0.105 r  hemaia_system_i/versal_cips_0/inst/pspmc_0/inst/buffer_pl_clk_0.PL_CLK_0_BUFG/O
    X7Y4 (CLOCK_ROOT)    net (fo=705, estimated)      4.360     4.465    u_ila_0/inst/tc_axis_mu8/inst/clk
    SLICE_X312Y168       FDRE                                         r  u_ila_0/inst/tc_axis_mu8/inst/MU_EQ.match_int_reg/C
  -------------------------------------------------------------------    -------------------
    SLICE_X312Y168       FDRE (Prop_FFF_SLICEL_C_Q)
                                                      0.092     4.557 r  u_ila_0/inst/tc_axis_mu8/inst/MU_EQ.match_int_reg/Q
                         net (fo=1, estimated)        0.215     4.772    u_ila_0/inst/tc_axis_mu8/inst/match_int
    SLICE_X312Y168       LUT2 (Prop_D6LUT_SLICEL_I1_O)
                                                      0.048     4.820 r  u_ila_0/inst/tc_axis_mu8/inst/match_out_INST_0/O
                         net (fo=1, estimated)        0.288     5.108    u_ila_0/inst/axis_ila_adv_trig/inst/u_adv_trig/TRIGGER_EQ[8]
    SLICE_X316Y166       LUT6 (Prop_D6LUT_SLICEL_I5_O)
                                                      0.087     5.195 r  u_ila_0/inst/axis_ila_adv_trig/inst/u_adv_trig/fsm_mem_data_reg_r1_0_63_0_6_i_6/O
                         net (fo=1, estimated)        0.289     5.484    u_ila_0/inst/axis_ila_adv_trig/inst/u_adv_trig/fsm_mem_data_reg_r1_0_63_0_6_i_6_n_0
    SLICE_X321Y167       LUT6 (Prop_B6LUT_SLICEM_I1_O)
                                                      0.075     5.559 r  u_ila_0/inst/axis_ila_adv_trig/inst/u_adv_trig/fsm_mem_data_reg_r1_0_63_0_6_i_1/O
                         net (fo=48, estimated)       0.456     6.015    u_ila_0/inst/axis_ila_adv_trig/inst/u_adv_trig/fsm_mem_data_reg_r1_64_127_7_13/RAMB/RADR2
    SLICE_X321Y142       RAMD64E5 (Prop_B6LUT_SLICEM_ADR2_O)
                                                      0.089     6.104 r  u_ila_0/inst/axis_ila_adv_trig/inst/u_adv_trig/fsm_mem_data_reg_r1_64_127_7_13/RAMB/RAMD64_INST/O
                         net (fo=1, estimated)        0.215     6.319    u_ila_0/inst/axis_ila_adv_trig/inst/u_adv_trig/fsm_mem_data_reg_r1_64_127_7_13_n_1
    SLICE_X320Y141       LUT4 (Prop_E6LUT_SLICEL_I3_O)
                                                      0.092     6.411 r  u_ila_0/inst/axis_ila_adv_trig/inst/u_adv_trig/CNT_CTRL_O[4]_INST_0/O
                         net (fo=1, estimated)        0.407     6.818    u_ila_0/inst/axis_ila_adv_trig/inst/u_count/G_COUNTER[3].U_COUNTER/CNT_CTRL[0]
    SLICE_X319Y134       LUT4 (Prop_F6LUT_SLICEM_I2_O)
                                                      0.029     6.847 r  u_ila_0/inst/axis_ila_adv_trig/inst/u_count/G_COUNTER[3].U_COUNTER/counter[16]_i_3/O
                         net (fo=18, estimated)       0.308     7.155    u_ila_0/inst/axis_ila_adv_trig/inst/u_count/G_COUNTER[3].U_COUNTER/counter[16]_i_3_n_0
    SLICE_X322Y131       LUT2 (Prop_C6LUT_SLICEL_I1_O)
                                                      0.119     7.274 r  u_ila_0/inst/axis_ila_adv_trig/inst/u_count/G_COUNTER[3].U_COUNTER/counter[16]_i_1/O
                         net (fo=17, estimated)       0.295     7.569    u_ila_0/inst/axis_ila_adv_trig/inst/u_count/G_COUNTER[3].U_COUNTER/counter[16]_i_1_n_0
    SLICE_X322Y127       FDRE                                         r  u_ila_0/inst/axis_ila_adv_trig/inst/u_count/G_COUNTER[3].U_COUNTER/counter_reg[11]/CE
  -------------------------------------------------------------------    -------------------

                         (clock clk_pl_0 rise edge)
                                                      4.166     4.166 r  
    PS9_X0Y0             PS9                          0.000     4.166 r  hemaia_system_i/versal_cips_0/inst/pspmc_0/inst/PS9_inst/PMCRCLKCLK[0]
                         net (fo=1, estimated)        0.000     4.166    hemaia_system_i/versal_cips_0/inst/pspmc_0/inst/pmc_pl_ref_clk[0]
    BUFG_PS_X0Y6         BUFG_PS (Prop_BUFG_PS_I_O)
                                                      0.057     4.223 r  hemaia_system_i/versal_cips_0/inst/pspmc_0/inst/buffer_pl_clk_0.PL_CLK_0_BUFG/O
    X7Y4 (CLOCK_ROOT)    net (fo=705, estimated)      3.844     8.067    u_ila_0/inst/axis_ila_adv_trig/inst/u_count/G_COUNTER[3].U_COUNTER/CLK
    SLICE_X322Y127       FDRE                                         r  u_ila_0/inst/axis_ila_adv_trig/inst/u_count/G_COUNTER[3].U_COUNTER/counter_reg[11]/C
                         clock pessimism              0.461     8.528    
                         clock uncertainty           -0.107     8.420    
    SLICE_X322Y127       FDRE (Setup_BFF2_SLICEL_C_CE)
                                                     -0.087     8.333    u_ila_0/inst/axis_ila_adv_trig/inst/u_count/G_COUNTER[3].U_COUNTER/counter_reg[11]
  -------------------------------------------------------------------
                         required time                          8.333    
                         arrival time                          -7.569    
  -------------------------------------------------------------------
                         slack                                  0.765    

Slack (MET) :             0.765ns  (required time - arrival time)
  Source:                 u_ila_0/inst/tc_axis_mu8/inst/MU_EQ.match_int_reg/C
                            (rising edge-triggered cell FDRE clocked by clk_pl_0  {rise@0.000ns fall@2.083ns period=4.166ns})
  Destination:            u_ila_0/inst/axis_ila_adv_trig/inst/u_count/G_COUNTER[3].U_COUNTER/counter_reg[12]/CE
                            (rising edge-triggered cell FDRE clocked by clk_pl_0  {rise@0.000ns fall@2.083ns period=4.166ns})
  Path Group:             clk_pl_0
  Path Type:              Setup (Max at Slow Process Corner)
  Requirement:            4.166ns  (clk_pl_0 rise@4.166ns - clk_pl_0 rise@0.000ns)
  Data Path Delay:        3.104ns  (logic 0.631ns (20.329%)  route 2.473ns (79.671%))
  Logic Levels:           7  (LUT2=2 LUT4=2 LUT6=2 RAMD64E5=1)
  Clock Path Skew:        -0.103ns (DCD - SCD + CPR)
    Destination Clock Delay (DCD):    3.901ns = ( 8.067 - 4.166 ) 
    Source Clock Delay      (SCD):    4.465ns
    Clock Pessimism Removal (CPR):    0.461ns
  Clock Uncertainty:      0.107ns  (CJ)/2 + PE + PJ
    Clock Jitter             (CJ):    0.215ns
    Phase Error              (PE):    0.000ns
    Phase Jitter             (PJ):    0.000ns
  Clock Net Delay (Source):      4.360ns (routing 1.924ns, distribution 2.435ns)
  Clock Net Delay (Destination): 3.844ns (routing 1.730ns, distribution 2.113ns)

    Location             Delay type                Incr(ns)  Path(ns)    Netlist Resource(s)
  -------------------------------------------------------------------    -------------------
                         (clock clk_pl_0 rise edge)
                                                      0.000     0.000 r  
    PS9_X0Y0             PS9                          0.000     0.000 r  hemaia_system_i/versal_cips_0/inst/pspmc_0/inst/PS9_inst/PMCRCLKCLK[0]
                         net (fo=1, estimated)        0.000     0.000    hemaia_system_i/versal_cips_0/inst/pspmc_0/inst/pmc_pl_ref_clk[0]
    BUFG_PS_X0Y6         BUFG_PS (Prop_BUFG_PS_I_O)
                                                      0.105     0.105 r  hemaia_system_i/versal_cips_0/inst/pspmc_0/inst/buffer_pl_clk_0.PL_CLK_0_BUFG/O
    X7Y4 (CLOCK_ROOT)    net (fo=705, estimated)      4.360     4.465    u_ila_0/inst/tc_axis_mu8/inst/clk
    SLICE_X312Y168       FDRE                                         r  u_ila_0/inst/tc_axis_mu8/inst/MU_EQ.match_int_reg/C
  -------------------------------------------------------------------    -------------------
    SLICE_X312Y168       FDRE (Prop_FFF_SLICEL_C_Q)
                                                      0.092     4.557 r  u_ila_0/inst/tc_axis_mu8/inst/MU_EQ.match_int_reg/Q
                         net (fo=1, estimated)        0.215     4.772    u_ila_0/inst/tc_axis_mu8/inst/match_int
    SLICE_X312Y168       LUT2 (Prop_D6LUT_SLICEL_I1_O)
                                                      0.048     4.820 r  u_ila_0/inst/tc_axis_mu8/inst/match_out_INST_0/O
                         net (fo=1, estimated)        0.288     5.108    u_ila_0/inst/axis_ila_adv_trig/inst/u_adv_trig/TRIGGER_EQ[8]
    SLICE_X316Y166       LUT6 (Prop_D6LUT_SLICEL_I5_O)
                                                      0.087     5.195 r  u_ila_0/inst/axis_ila_adv_trig/inst/u_adv_trig/fsm_mem_data_reg_r1_0_63_0_6_i_6/O
                         net (fo=1, estimated)        0.289     5.484    u_ila_0/inst/axis_ila_adv_trig/inst/u_adv_trig/fsm_mem_data_reg_r1_0_63_0_6_i_6_n_0
    SLICE_X321Y167       LUT6 (Prop_B6LUT_SLICEM_I1_O)
                                                      0.075     5.559 r  u_ila_0/inst/axis_ila_adv_trig/inst/u_adv_trig/fsm_mem_data_reg_r1_0_63_0_6_i_1/O
                         net (fo=48, estimated)       0.456     6.015    u_ila_0/inst/axis_ila_adv_trig/inst/u_adv_trig/fsm_mem_data_reg_r1_64_127_7_13/RAMB/RADR2
    SLICE_X321Y142       RAMD64E5 (Prop_B6LUT_SLICEM_ADR2_O)
                                                      0.089     6.104 r  u_ila_0/inst/axis_ila_adv_trig/inst/u_adv_trig/fsm_mem_data_reg_r1_64_127_7_13/RAMB/RAMD64_INST/O
                         net (fo=1, estimated)        0.215     6.319    u_ila_0/inst/axis_ila_adv_trig/inst/u_adv_trig/fsm_mem_data_reg_r1_64_127_7_13_n_1
    SLICE_X320Y141       LUT4 (Prop_E6LUT_SLICEL_I3_O)
                                                      0.092     6.411 r  u_ila_0/inst/axis_ila_adv_trig/inst/u_adv_trig/CNT_CTRL_O[4]_INST_0/O
                         net (fo=1, estimated)        0.407     6.818    u_ila_0/inst/axis_ila_adv_trig/inst/u_count/G_COUNTER[3].U_COUNTER/CNT_CTRL[0]
    SLICE_X319Y134       LUT4 (Prop_F6LUT_SLICEM_I2_O)
                                                      0.029     6.847 r  u_ila_0/inst/axis_ila_adv_trig/inst/u_count/G_COUNTER[3].U_COUNTER/counter[16]_i_3/O
                         net (fo=18, estimated)       0.308     7.155    u_ila_0/inst/axis_ila_adv_trig/inst/u_count/G_COUNTER[3].U_COUNTER/counter[16]_i_3_n_0
    SLICE_X322Y131       LUT2 (Prop_C6LUT_SLICEL_I1_O)
                                                      0.119     7.274 r  u_ila_0/inst/axis_ila_adv_trig/inst/u_count/G_COUNTER[3].U_COUNTER/counter[16]_i_1/O
                         net (fo=17, estimated)       0.295     7.569    u_ila_0/inst/axis_ila_adv_trig/inst/u_count/G_COUNTER[3].U_COUNTER/counter[16]_i_1_n_0
    SLICE_X322Y127       FDRE                                         r  u_ila_0/inst/axis_ila_adv_trig/inst/u_count/G_COUNTER[3].U_COUNTER/counter_reg[12]/CE
  -------------------------------------------------------------------    -------------------

                         (clock clk_pl_0 rise edge)
                                                      4.166     4.166 r  
    PS9_X0Y0             PS9                          0.000     4.166 r  hemaia_system_i/versal_cips_0/inst/pspmc_0/inst/PS9_inst/PMCRCLKCLK[0]
                         net (fo=1, estimated)        0.000     4.166    hemaia_system_i/versal_cips_0/inst/pspmc_0/inst/pmc_pl_ref_clk[0]
    BUFG_PS_X0Y6         BUFG_PS (Prop_BUFG_PS_I_O)
                                                      0.057     4.223 r  hemaia_system_i/versal_cips_0/inst/pspmc_0/inst/buffer_pl_clk_0.PL_CLK_0_BUFG/O
    X7Y4 (CLOCK_ROOT)    net (fo=705, estimated)      3.844     8.067    u_ila_0/inst/axis_ila_adv_trig/inst/u_count/G_COUNTER[3].U_COUNTER/CLK
    SLICE_X322Y127       FDRE                                         r  u_ila_0/inst/axis_ila_adv_trig/inst/u_count/G_COUNTER[3].U_COUNTER/counter_reg[12]/C
                         clock pessimism              0.461     8.528    
                         clock uncertainty           -0.107     8.420    
    SLICE_X322Y127       FDRE (Setup_AFF2_SLICEL_C_CE)
                                                     -0.087     8.333    u_ila_0/inst/axis_ila_adv_trig/inst/u_count/G_COUNTER[3].U_COUNTER/counter_reg[12]
  -------------------------------------------------------------------
                         required time                          8.333    
                         arrival time                          -7.569    
  -------------------------------------------------------------------
                         slack                                  0.765    

Slack (MET) :             0.765ns  (required time - arrival time)
  Source:                 u_ila_0/inst/tc_axis_mu8/inst/MU_EQ.match_int_reg/C
                            (rising edge-triggered cell FDRE clocked by clk_pl_0  {rise@0.000ns fall@2.083ns period=4.166ns})
  Destination:            u_ila_0/inst/axis_ila_adv_trig/inst/u_count/G_COUNTER[3].U_COUNTER/counter_reg[9]/CE
                            (rising edge-triggered cell FDRE clocked by clk_pl_0  {rise@0.000ns fall@2.083ns period=4.166ns})
  Path Group:             clk_pl_0
  Path Type:              Setup (Max at Slow Process Corner)
  Requirement:            4.166ns  (clk_pl_0 rise@4.166ns - clk_pl_0 rise@0.000ns)
  Data Path Delay:        3.104ns  (logic 0.631ns (20.329%)  route 2.473ns (79.671%))
  Logic Levels:           7  (LUT2=2 LUT4=2 LUT6=2 RAMD64E5=1)
  Clock Path Skew:        -0.103ns (DCD - SCD + CPR)
    Destination Clock Delay (DCD):    3.901ns = ( 8.067 - 4.166 ) 
    Source Clock Delay      (SCD):    4.465ns
    Clock Pessimism Removal (CPR):    0.461ns
  Clock Uncertainty:      0.107ns  (CJ)/2 + PE + PJ
    Clock Jitter             (CJ):    0.215ns
    Phase Error              (PE):    0.000ns
    Phase Jitter             (PJ):    0.000ns
  Clock Net Delay (Source):      4.360ns (routing 1.924ns, distribution 2.435ns)
  Clock Net Delay (Destination): 3.844ns (routing 1.730ns, distribution 2.113ns)

    Location             Delay type                Incr(ns)  Path(ns)    Netlist Resource(s)
  -------------------------------------------------------------------    -------------------
                         (clock clk_pl_0 rise edge)
                                                      0.000     0.000 r  
    PS9_X0Y0             PS9                          0.000     0.000 r  hemaia_system_i/versal_cips_0/inst/pspmc_0/inst/PS9_inst/PMCRCLKCLK[0]
                         net (fo=1, estimated)        0.000     0.000    hemaia_system_i/versal_cips_0/inst/pspmc_0/inst/pmc_pl_ref_clk[0]
    BUFG_PS_X0Y6         BUFG_PS (Prop_BUFG_PS_I_O)
                                                      0.105     0.105 r  hemaia_system_i/versal_cips_0/inst/pspmc_0/inst/buffer_pl_clk_0.PL_CLK_0_BUFG/O
    X7Y4 (CLOCK_ROOT)    net (fo=705, estimated)      4.360     4.465    u_ila_0/inst/tc_axis_mu8/inst/clk
    SLICE_X312Y168       FDRE                                         r  u_ila_0/inst/tc_axis_mu8/inst/MU_EQ.match_int_reg/C
  -------------------------------------------------------------------    -------------------
    SLICE_X312Y168       FDRE (Prop_FFF_SLICEL_C_Q)
                                                      0.092     4.557 r  u_ila_0/inst/tc_axis_mu8/inst/MU_EQ.match_int_reg/Q
                         net (fo=1, estimated)        0.215     4.772    u_ila_0/inst/tc_axis_mu8/inst/match_int
    SLICE_X312Y168       LUT2 (Prop_D6LUT_SLICEL_I1_O)
                                                      0.048     4.820 r  u_ila_0/inst/tc_axis_mu8/inst/match_out_INST_0/O
                         net (fo=1, estimated)        0.288     5.108    u_ila_0/inst/axis_ila_adv_trig/inst/u_adv_trig/TRIGGER_EQ[8]
    SLICE_X316Y166       LUT6 (Prop_D6LUT_SLICEL_I5_O)
                                                      0.087     5.195 r  u_ila_0/inst/axis_ila_adv_trig/inst/u_adv_trig/fsm_mem_data_reg_r1_0_63_0_6_i_6/O
                         net (fo=1, estimated)        0.289     5.484    u_ila_0/inst/axis_ila_adv_trig/inst/u_adv_trig/fsm_mem_data_reg_r1_0_63_0_6_i_6_n_0
    SLICE_X321Y167       LUT6 (Prop_B6LUT_SLICEM_I1_O)
                                                      0.075     5.559 r  u_ila_0/inst/axis_ila_adv_trig/inst/u_adv_trig/fsm_mem_data_reg_r1_0_63_0_6_i_1/O
                         net (fo=48, estimated)       0.456     6.015    u_ila_0/inst/axis_ila_adv_trig/inst/u_adv_trig/fsm_mem_data_reg_r1_64_127_7_13/RAMB/RADR2
    SLICE_X321Y142       RAMD64E5 (Prop_B6LUT_SLICEM_ADR2_O)
                                                      0.089     6.104 r  u_ila_0/inst/axis_ila_adv_trig/inst/u_adv_trig/fsm_mem_data_reg_r1_64_127_7_13/RAMB/RAMD64_INST/O
                         net (fo=1, estimated)        0.215     6.319    u_ila_0/inst/axis_ila_adv_trig/inst/u_adv_trig/fsm_mem_data_reg_r1_64_127_7_13_n_1
    SLICE_X320Y141       LUT4 (Prop_E6LUT_SLICEL_I3_O)
                                                      0.092     6.411 r  u_ila_0/inst/axis_ila_adv_trig/inst/u_adv_trig/CNT_CTRL_O[4]_INST_0/O
                         net (fo=1, estimated)        0.407     6.818    u_ila_0/inst/axis_ila_adv_trig/inst/u_count/G_COUNTER[3].U_COUNTER/CNT_CTRL[0]
    SLICE_X319Y134       LUT4 (Prop_F6LUT_SLICEM_I2_O)
                                                      0.029     6.847 r  u_ila_0/inst/axis_ila_adv_trig/inst/u_count/G_COUNTER[3].U_COUNTER/counter[16]_i_3/O
                         net (fo=18, estimated)       0.308     7.155    u_ila_0/inst/axis_ila_adv_trig/inst/u_count/G_COUNTER[3].U_COUNTER/counter[16]_i_3_n_0
    SLICE_X322Y131       LUT2 (Prop_C6LUT_SLICEL_I1_O)
                                                      0.119     7.274 r  u_ila_0/inst/axis_ila_adv_trig/inst/u_count/G_COUNTER[3].U_COUNTER/counter[16]_i_1/O
                         net (fo=17, estimated)       0.295     7.569    u_ila_0/inst/axis_ila_adv_trig/inst/u_count/G_COUNTER[3].U_COUNTER/counter[16]_i_1_n_0
    SLICE_X322Y127       FDRE                                         r  u_ila_0/inst/axis_ila_adv_trig/inst/u_count/G_COUNTER[3].U_COUNTER/counter_reg[9]/CE
  -------------------------------------------------------------------    -------------------

                         (clock clk_pl_0 rise edge)
                                                      4.166     4.166 r  
    PS9_X0Y0             PS9                          0.000     4.166 r  hemaia_system_i/versal_cips_0/inst/pspmc_0/inst/PS9_inst/PMCRCLKCLK[0]
                         net (fo=1, estimated)        0.000     4.166    hemaia_system_i/versal_cips_0/inst/pspmc_0/inst/pmc_pl_ref_clk[0]
    BUFG_PS_X0Y6         BUFG_PS (Prop_BUFG_PS_I_O)
                                                      0.057     4.223 r  hemaia_system_i/versal_cips_0/inst/pspmc_0/inst/buffer_pl_clk_0.PL_CLK_0_BUFG/O
    X7Y4 (CLOCK_ROOT)    net (fo=705, estimated)      3.844     8.067    u_ila_0/inst/axis_ila_adv_trig/inst/u_count/G_COUNTER[3].U_COUNTER/CLK
    SLICE_X322Y127       FDRE                                         r  u_ila_0/inst/axis_ila_adv_trig/inst/u_count/G_COUNTER[3].U_COUNTER/counter_reg[9]/C
                         clock pessimism              0.461     8.528    
                         clock uncertainty           -0.107     8.420    
    SLICE_X322Y127       FDRE (Setup_AFF_SLICEL_C_CE)
                                                     -0.087     8.333    u_ila_0/inst/axis_ila_adv_trig/inst/u_count/G_COUNTER[3].U_COUNTER/counter_reg[9]
  -------------------------------------------------------------------
                         required time                          8.333    
                         arrival time                          -7.569    
  -------------------------------------------------------------------
                         slack                                  0.765    

Slack (MET) :             0.767ns  (required time - arrival time)
  Source:                 u_ila_0/inst/tc_axis_mu8/inst/MU_EQ.match_int_reg/C
                            (rising edge-triggered cell FDRE clocked by clk_pl_0  {rise@0.000ns fall@2.083ns period=4.166ns})
  Destination:            u_ila_0/inst/axis_ila_adv_trig/inst/u_count/G_COUNTER[3].U_COUNTER/counter_reg[4]/CE
                            (rising edge-triggered cell FDRE clocked by clk_pl_0  {rise@0.000ns fall@2.083ns period=4.166ns})
  Path Group:             clk_pl_0
  Path Type:              Setup (Max at Slow Process Corner)
  Requirement:            4.166ns  (clk_pl_0 rise@4.166ns - clk_pl_0 rise@0.000ns)
  Data Path Delay:        3.095ns  (logic 0.631ns (20.388%)  route 2.464ns (79.612%))
  Logic Levels:           7  (LUT2=2 LUT4=2 LUT6=2 RAMD64E5=1)
  Clock Path Skew:        -0.110ns (DCD - SCD + CPR)
    Destination Clock Delay (DCD):    3.894ns = ( 8.060 - 4.166 ) 
    Source Clock Delay      (SCD):    4.465ns
    Clock Pessimism Removal (CPR):    0.461ns
  Clock Uncertainty:      0.107ns  (CJ)/2 + PE + PJ
    Clock Jitter             (CJ):    0.215ns
    Phase Error              (PE):    0.000ns
    Phase Jitter             (PJ):    0.000ns
  Clock Net Delay (Source):      4.360ns (routing 1.924ns, distribution 2.435ns)
  Clock Net Delay (Destination): 3.837ns (routing 1.730ns, distribution 2.106ns)

    Location             Delay type                Incr(ns)  Path(ns)    Netlist Resource(s)
  -------------------------------------------------------------------    -------------------
                         (clock clk_pl_0 rise edge)
                                                      0.000     0.000 r  
    PS9_X0Y0             PS9                          0.000     0.000 r  hemaia_system_i/versal_cips_0/inst/pspmc_0/inst/PS9_inst/PMCRCLKCLK[0]
                         net (fo=1, estimated)        0.000     0.000    hemaia_system_i/versal_cips_0/inst/pspmc_0/inst/pmc_pl_ref_clk[0]
    BUFG_PS_X0Y6         BUFG_PS (Prop_BUFG_PS_I_O)
                                                      0.105     0.105 r  hemaia_system_i/versal_cips_0/inst/pspmc_0/inst/buffer_pl_clk_0.PL_CLK_0_BUFG/O
    X7Y4 (CLOCK_ROOT)    net (fo=705, estimated)      4.360     4.465    u_ila_0/inst/tc_axis_mu8/inst/clk
    SLICE_X312Y168       FDRE                                         r  u_ila_0/inst/tc_axis_mu8/inst/MU_EQ.match_int_reg/C
  -------------------------------------------------------------------    -------------------
    SLICE_X312Y168       FDRE (Prop_FFF_SLICEL_C_Q)
                                                      0.092     4.557 r  u_ila_0/inst/tc_axis_mu8/inst/MU_EQ.match_int_reg/Q
                         net (fo=1, estimated)        0.215     4.772    u_ila_0/inst/tc_axis_mu8/inst/match_int
    SLICE_X312Y168       LUT2 (Prop_D6LUT_SLICEL_I1_O)
                                                      0.048     4.820 r  u_ila_0/inst/tc_axis_mu8/inst/match_out_INST_0/O
                         net (fo=1, estimated)        0.288     5.108    u_ila_0/inst/axis_ila_adv_trig/inst/u_adv_trig/TRIGGER_EQ[8]
    SLICE_X316Y166       LUT6 (Prop_D6LUT_SLICEL_I5_O)
                                                      0.087     5.195 r  u_ila_0/inst/axis_ila_adv_trig/inst/u_adv_trig/fsm_mem_data_reg_r1_0_63_0_6_i_6/O
                         net (fo=1, estimated)        0.289     5.484    u_ila_0/inst/axis_ila_adv_trig/inst/u_adv_trig/fsm_mem_data_reg_r1_0_63_0_6_i_6_n_0
    SLICE_X321Y167       LUT6 (Prop_B6LUT_SLICEM_I1_O)
                                                      0.075     5.559 r  u_ila_0/inst/axis_ila_adv_trig/inst/u_adv_trig/fsm_mem_data_reg_r1_0_63_0_6_i_1/O
                         net (fo=48, estimated)       0.456     6.015    u_ila_0/inst/axis_ila_adv_trig/inst/u_adv_trig/fsm_mem_data_reg_r1_64_127_7_13/RAMB/RADR2
    SLICE_X321Y142       RAMD64E5 (Prop_B6LUT_SLICEM_ADR2_O)
                                                      0.089     6.104 r  u_ila_0/inst/axis_ila_adv_trig/inst/u_adv_trig/fsm_mem_data_reg_r1_64_127_7_13/RAMB/RAMD64_INST/O
                         net (fo=1, estimated)        0.215     6.319    u_ila_0/inst/axis_ila_adv_trig/inst/u_adv_trig/fsm_mem_data_reg_r1_64_127_7_13_n_1
    SLICE_X320Y141       LUT4 (Prop_E6LUT_SLICEL_I3_O)
                                                      0.092     6.411 r  u_ila_0/inst/axis_ila_adv_trig/inst/u_adv_trig/CNT_CTRL_O[4]_INST_0/O
                         net (fo=1, estimated)        0.407     6.818    u_ila_0/inst/axis_ila_adv_trig/inst/u_count/G_COUNTER[3].U_COUNTER/CNT_CTRL[0]
    SLICE_X319Y134       LUT4 (Prop_F6LUT_SLICEM_I2_O)
                                                      0.029     6.847 r  u_ila_0/inst/axis_ila_adv_trig/inst/u_count/G_COUNTER[3].U_COUNTER/counter[16]_i_3/O
                         net (fo=18, estimated)       0.308     7.155    u_ila_0/inst/axis_ila_adv_trig/inst/u_count/G_COUNTER[3].U_COUNTER/counter[16]_i_3_n_0
    SLICE_X322Y131       LUT2 (Prop_C6LUT_SLICEL_I1_O)
                                                      0.119     7.274 r  u_ila_0/inst/axis_ila_adv_trig/inst/u_count/G_COUNTER[3].U_COUNTER/counter[16]_i_1/O
                         net (fo=17, estimated)       0.286     7.560    u_ila_0/inst/axis_ila_adv_trig/inst/u_count/G_COUNTER[3].U_COUNTER/counter[16]_i_1_n_0
    SLICE_X323Y130       FDRE                                         r  u_ila_0/inst/axis_ila_adv_trig/inst/u_count/G_COUNTER[3].U_COUNTER/counter_reg[4]/CE
  -------------------------------------------------------------------    -------------------

                         (clock clk_pl_0 rise edge)
                                                      4.166     4.166 r  
    PS9_X0Y0             PS9                          0.000     4.166 r  hemaia_system_i/versal_cips_0/inst/pspmc_0/inst/PS9_inst/PMCRCLKCLK[0]
                         net (fo=1, estimated)        0.000     4.166    hemaia_system_i/versal_cips_0/inst/pspmc_0/inst/pmc_pl_ref_clk[0]
    BUFG_PS_X0Y6         BUFG_PS (Prop_BUFG_PS_I_O)
                                                      0.057     4.223 r  hemaia_system_i/versal_cips_0/inst/pspmc_0/inst/buffer_pl_clk_0.PL_CLK_0_BUFG/O
    X7Y4 (CLOCK_ROOT)    net (fo=705, estimated)      3.837     8.060    u_ila_0/inst/axis_ila_adv_trig/inst/u_count/G_COUNTER[3].U_COUNTER/CLK
    SLICE_X323Y130       FDRE                                         r  u_ila_0/inst/axis_ila_adv_trig/inst/u_count/G_COUNTER[3].U_COUNTER/counter_reg[4]/C
                         clock pessimism              0.461     8.521    
                         clock uncertainty           -0.107     8.413    
    SLICE_X323Y130       FDRE (Setup_BFF2_SLICEM_C_CE)
                                                     -0.087     8.326    u_ila_0/inst/axis_ila_adv_trig/inst/u_count/G_COUNTER[3].U_COUNTER/counter_reg[4]
  -------------------------------------------------------------------
                         required time                          8.326    
                         arrival time                          -7.560    
  -------------------------------------------------------------------
                         slack                                  0.767    

Slack (MET) :             0.767ns  (required time - arrival time)
  Source:                 u_ila_0/inst/tc_axis_mu8/inst/MU_EQ.match_int_reg/C
                            (rising edge-triggered cell FDRE clocked by clk_pl_0  {rise@0.000ns fall@2.083ns period=4.166ns})
  Destination:            u_ila_0/inst/axis_ila_adv_trig/inst/u_count/G_COUNTER[3].U_COUNTER/counter_reg[6]/CE
                            (rising edge-triggered cell FDRE clocked by clk_pl_0  {rise@0.000ns fall@2.083ns period=4.166ns})
  Path Group:             clk_pl_0
  Path Type:              Setup (Max at Slow Process Corner)
  Requirement:            4.166ns  (clk_pl_0 rise@4.166ns - clk_pl_0 rise@0.000ns)
  Data Path Delay:        3.095ns  (logic 0.631ns (20.388%)  route 2.464ns (79.612%))
  Logic Levels:           7  (LUT2=2 LUT4=2 LUT6=2 RAMD64E5=1)
  Clock Path Skew:        -0.110ns (DCD - SCD + CPR)
    Destination Clock Delay (DCD):    3.894ns = ( 8.060 - 4.166 ) 
    Source Clock Delay      (SCD):    4.465ns
    Clock Pessimism Removal (CPR):    0.461ns
  Clock Uncertainty:      0.107ns  (CJ)/2 + PE + PJ
    Clock Jitter             (CJ):    0.215ns
    Phase Error              (PE):    0.000ns
    Phase Jitter             (PJ):    0.000ns
  Clock Net Delay (Source):      4.360ns (routing 1.924ns, distribution 2.435ns)
  Clock Net Delay (Destination): 3.837ns (routing 1.730ns, distribution 2.106ns)

    Location             Delay type                Incr(ns)  Path(ns)    Netlist Resource(s)
  -------------------------------------------------------------------    -------------------
                         (clock clk_pl_0 rise edge)
                                                      0.000     0.000 r  
    PS9_X0Y0             PS9                          0.000     0.000 r  hemaia_system_i/versal_cips_0/inst/pspmc_0/inst/PS9_inst/PMCRCLKCLK[0]
                         net (fo=1, estimated)        0.000     0.000    hemaia_system_i/versal_cips_0/inst/pspmc_0/inst/pmc_pl_ref_clk[0]
    BUFG_PS_X0Y6         BUFG_PS (Prop_BUFG_PS_I_O)
                                                      0.105     0.105 r  hemaia_system_i/versal_cips_0/inst/pspmc_0/inst/buffer_pl_clk_0.PL_CLK_0_BUFG/O
    X7Y4 (CLOCK_ROOT)    net (fo=705, estimated)      4.360     4.465    u_ila_0/inst/tc_axis_mu8/inst/clk
    SLICE_X312Y168       FDRE                                         r  u_ila_0/inst/tc_axis_mu8/inst/MU_EQ.match_int_reg/C
  -------------------------------------------------------------------    -------------------
    SLICE_X312Y168       FDRE (Prop_FFF_SLICEL_C_Q)
                                                      0.092     4.557 r  u_ila_0/inst/tc_axis_mu8/inst/MU_EQ.match_int_reg/Q
                         net (fo=1, estimated)        0.215     4.772    u_ila_0/inst/tc_axis_mu8/inst/match_int
    SLICE_X312Y168       LUT2 (Prop_D6LUT_SLICEL_I1_O)
                                                      0.048     4.820 r  u_ila_0/inst/tc_axis_mu8/inst/match_out_INST_0/O
                         net (fo=1, estimated)        0.288     5.108    u_ila_0/inst/axis_ila_adv_trig/inst/u_adv_trig/TRIGGER_EQ[8]
    SLICE_X316Y166       LUT6 (Prop_D6LUT_SLICEL_I5_O)
                                                      0.087     5.195 r  u_ila_0/inst/axis_ila_adv_trig/inst/u_adv_trig/fsm_mem_data_reg_r1_0_63_0_6_i_6/O
                         net (fo=1, estimated)        0.289     5.484    u_ila_0/inst/axis_ila_adv_trig/inst/u_adv_trig/fsm_mem_data_reg_r1_0_63_0_6_i_6_n_0
    SLICE_X321Y167       LUT6 (Prop_B6LUT_SLICEM_I1_O)
                                                      0.075     5.559 r  u_ila_0/inst/axis_ila_adv_trig/inst/u_adv_trig/fsm_mem_data_reg_r1_0_63_0_6_i_1/O
                         net (fo=48, estimated)       0.456     6.015    u_ila_0/inst/axis_ila_adv_trig/inst/u_adv_trig/fsm_mem_data_reg_r1_64_127_7_13/RAMB/RADR2
    SLICE_X321Y142       RAMD64E5 (Prop_B6LUT_SLICEM_ADR2_O)
                                                      0.089     6.104 r  u_ila_0/inst/axis_ila_adv_trig/inst/u_adv_trig/fsm_mem_data_reg_r1_64_127_7_13/RAMB/RAMD64_INST/O
                         net (fo=1, estimated)        0.215     6.319    u_ila_0/inst/axis_ila_adv_trig/inst/u_adv_trig/fsm_mem_data_reg_r1_64_127_7_13_n_1
    SLICE_X320Y141       LUT4 (Prop_E6LUT_SLICEL_I3_O)
                                                      0.092     6.411 r  u_ila_0/inst/axis_ila_adv_trig/inst/u_adv_trig/CNT_CTRL_O[4]_INST_0/O
                         net (fo=1, estimated)        0.407     6.818    u_ila_0/inst/axis_ila_adv_trig/inst/u_count/G_COUNTER[3].U_COUNTER/CNT_CTRL[0]
    SLICE_X319Y134       LUT4 (Prop_F6LUT_SLICEM_I2_O)
                                                      0.029     6.847 r  u_ila_0/inst/axis_ila_adv_trig/inst/u_count/G_COUNTER[3].U_COUNTER/counter[16]_i_3/O
                         net (fo=18, estimated)       0.308     7.155    u_ila_0/inst/axis_ila_adv_trig/inst/u_count/G_COUNTER[3].U_COUNTER/counter[16]_i_3_n_0
    SLICE_X322Y131       LUT2 (Prop_C6LUT_SLICEL_I1_O)
                                                      0.119     7.274 r  u_ila_0/inst/axis_ila_adv_trig/inst/u_count/G_COUNTER[3].U_COUNTER/counter[16]_i_1/O
                         net (fo=17, estimated)       0.286     7.560    u_ila_0/inst/axis_ila_adv_trig/inst/u_count/G_COUNTER[3].U_COUNTER/counter[16]_i_1_n_0
    SLICE_X323Y130       FDRE                                         r  u_ila_0/inst/axis_ila_adv_trig/inst/u_count/G_COUNTER[3].U_COUNTER/counter_reg[6]/CE
  -------------------------------------------------------------------    -------------------

                         (clock clk_pl_0 rise edge)
                                                      4.166     4.166 r  
    PS9_X0Y0             PS9                          0.000     4.166 r  hemaia_system_i/versal_cips_0/inst/pspmc_0/inst/PS9_inst/PMCRCLKCLK[0]
                         net (fo=1, estimated)        0.000     4.166    hemaia_system_i/versal_cips_0/inst/pspmc_0/inst/pmc_pl_ref_clk[0]
    BUFG_PS_X0Y6         BUFG_PS (Prop_BUFG_PS_I_O)
                                                      0.057     4.223 r  hemaia_system_i/versal_cips_0/inst/pspmc_0/inst/buffer_pl_clk_0.PL_CLK_0_BUFG/O
    X7Y4 (CLOCK_ROOT)    net (fo=705, estimated)      3.837     8.060    u_ila_0/inst/axis_ila_adv_trig/inst/u_count/G_COUNTER[3].U_COUNTER/CLK
    SLICE_X323Y130       FDRE                                         r  u_ila_0/inst/axis_ila_adv_trig/inst/u_count/G_COUNTER[3].U_COUNTER/counter_reg[6]/C
                         clock pessimism              0.461     8.521    
                         clock uncertainty           -0.107     8.413    
    SLICE_X323Y130       FDRE (Setup_BFF_SLICEM_C_CE)
                                                     -0.087     8.326    u_ila_0/inst/axis_ila_adv_trig/inst/u_count/G_COUNTER[3].U_COUNTER/counter_reg[6]
  -------------------------------------------------------------------
                         required time                          8.326    
                         arrival time                          -7.560    
  -------------------------------------------------------------------
                         slack                                  0.767    

Slack (MET) :             0.787ns  (required time - arrival time)
  Source:                 u_ila_0/inst/tc_axis_mu30/inst/MU_EQ.match_int_reg/C
                            (rising edge-triggered cell FDRE clocked by clk_pl_0  {rise@0.000ns fall@2.083ns period=4.166ns})
  Destination:            u_ila_0/inst/axis_ila_adv_trig/inst/u_count/G_COUNTER[1].U_COUNTER/counter_reg[0]/CE
                            (rising edge-triggered cell FDRE clocked by clk_pl_0  {rise@0.000ns fall@2.083ns period=4.166ns})
  Path Group:             clk_pl_0
  Path Type:              Setup (Max at Slow Process Corner)
  Requirement:            4.166ns  (clk_pl_0 rise@4.166ns - clk_pl_0 rise@0.000ns)
  Data Path Delay:        3.091ns  (logic 0.479ns (15.497%)  route 2.612ns (84.503%))
  Logic Levels:           7  (LUT2=2 LUT4=2 LUT6=2 RAMD64E5=1)
  Clock Path Skew:        -0.091ns (DCD - SCD + CPR)
    Destination Clock Delay (DCD):    3.910ns = ( 8.076 - 4.166 ) 
    Source Clock Delay      (SCD):    4.462ns
    Clock Pessimism Removal (CPR):    0.461ns
  Clock Uncertainty:      0.107ns  (CJ)/2 + PE + PJ
    Clock Jitter             (CJ):    0.215ns
    Phase Error              (PE):    0.000ns
    Phase Jitter             (PJ):    0.000ns
  Clock Net Delay (Source):      4.357ns (routing 1.924ns, distribution 2.432ns)
  Clock Net Delay (Destination): 3.853ns (routing 1.730ns, distribution 2.122ns)

    Location             Delay type                Incr(ns)  Path(ns)    Netlist Resource(s)
  -------------------------------------------------------------------    -------------------
                         (clock clk_pl_0 rise edge)
                                                      0.000     0.000 r  
    PS9_X0Y0             PS9                          0.000     0.000 r  hemaia_system_i/versal_cips_0/inst/pspmc_0/inst/PS9_inst/PMCRCLKCLK[0]
                         net (fo=1, estimated)        0.000     0.000    hemaia_system_i/versal_cips_0/inst/pspmc_0/inst/pmc_pl_ref_clk[0]
    BUFG_PS_X0Y6         BUFG_PS (Prop_BUFG_PS_I_O)
                                                      0.105     0.105 r  hemaia_system_i/versal_cips_0/inst/pspmc_0/inst/buffer_pl_clk_0.PL_CLK_0_BUFG/O
    X7Y4 (CLOCK_ROOT)    net (fo=705, estimated)      4.357     4.462    u_ila_0/inst/tc_axis_mu30/inst/clk
    SLICE_X318Y161       FDRE                                         r  u_ila_0/inst/tc_axis_mu30/inst/MU_EQ.match_int_reg/C
  -------------------------------------------------------------------    -------------------
    SLICE_X318Y161       FDRE (Prop_AFF2_SLICEL_C_Q)
                                                      0.092     4.554 r  u_ila_0/inst/tc_axis_mu30/inst/MU_EQ.match_int_reg/Q
                         net (fo=1, estimated)        0.215     4.769    u_ila_0/inst/tc_axis_mu30/inst/match_int
    SLICE_X318Y161       LUT2 (Prop_C6LUT_SLICEL_I1_O)
                                                      0.028     4.797 r  u_ila_0/inst/tc_axis_mu30/inst/match_out_INST_0/O
                         net (fo=1, estimated)        0.362     5.159    u_ila_0/inst/axis_ila_adv_trig/inst/u_adv_trig/TRIGGER_EQ[30]
    SLICE_X317Y168       LUT6 (Prop_B6LUT_SLICEM_I1_O)
                                                      0.029     5.188 r  u_ila_0/inst/axis_ila_adv_trig/inst/u_adv_trig/fsm_mem_data_reg_r1_0_63_0_6_i_9/O
                         net (fo=1, estimated)        0.252     5.440    u_ila_0/inst/axis_ila_adv_trig/inst/u_adv_trig/fsm_mem_data_reg_r1_0_63_0_6_i_9_n_0
    SLICE_X318Y169       LUT6 (Prop_B6LUT_SLICEL_I0_O)
                                                      0.073     5.513 r  u_ila_0/inst/axis_ila_adv_trig/inst/u_adv_trig/fsm_mem_data_reg_r1_0_63_0_6_i_2/O
                         net (fo=48, estimated)       0.478     5.991    u_ila_0/inst/axis_ila_adv_trig/inst/u_adv_trig/fsm_mem_data_reg_r1_64_127_0_6/RAME/RADR1
    SLICE_X323Y145       RAMD64E5 (Prop_E6LUT_SLICEM_ADR1_O)
                                                      0.119     6.110 r  u_ila_0/inst/axis_ila_adv_trig/inst/u_adv_trig/fsm_mem_data_reg_r1_64_127_0_6/RAME/RAMD64_INST/O
                         net (fo=1, estimated)        0.208     6.318    u_ila_0/inst/axis_ila_adv_trig/inst/u_adv_trig/fsm_mem_data_reg_r1_64_127_0_6_n_4
    SLICE_X320Y145       LUT4 (Prop_G6LUT_SLICEL_I3_O)
                                                      0.080     6.398 r  u_ila_0/inst/axis_ila_adv_trig/inst/u_adv_trig/CNT_CTRL_O[0]_INST_0/O
                         net (fo=1, estimated)        0.440     6.838    u_ila_0/inst/axis_ila_adv_trig/inst/u_count/G_COUNTER[1].U_COUNTER/CNT_CTRL[0]
    SLICE_X323Y135       LUT4 (Prop_H6LUT_SLICEM_I2_O)
                                                      0.030     6.868 r  u_ila_0/inst/axis_ila_adv_trig/inst/u_count/G_COUNTER[1].U_COUNTER/counter[16]_i_3/O
                         net (fo=18, estimated)       0.247     7.115    u_ila_0/inst/axis_ila_adv_trig/inst/u_count/G_COUNTER[1].U_COUNTER/counter[16]_i_3_n_0
    SLICE_X322Y134       LUT2 (Prop_C6LUT_SLICEL_I1_O)
                                                      0.028     7.143 r  u_ila_0/inst/axis_ila_adv_trig/inst/u_count/G_COUNTER[1].U_COUNTER/counter[16]_i_1/O
                         net (fo=17, estimated)       0.410     7.553    u_ila_0/inst/axis_ila_adv_trig/inst/u_count/G_COUNTER[1].U_COUNTER/counter[16]_i_1_n_0
    SLICE_X322Y122       FDRE                                         r  u_ila_0/inst/axis_ila_adv_trig/inst/u_count/G_COUNTER[1].U_COUNTER/counter_reg[0]/CE
  -------------------------------------------------------------------    -------------------

                         (clock clk_pl_0 rise edge)
                                                      4.166     4.166 r  
    PS9_X0Y0             PS9                          0.000     4.166 r  hemaia_system_i/versal_cips_0/inst/pspmc_0/inst/PS9_inst/PMCRCLKCLK[0]
                         net (fo=1, estimated)        0.000     4.166    hemaia_system_i/versal_cips_0/inst/pspmc_0/inst/pmc_pl_ref_clk[0]
    BUFG_PS_X0Y6         BUFG_PS (Prop_BUFG_PS_I_O)
                                                      0.057     4.223 r  hemaia_system_i/versal_cips_0/inst/pspmc_0/inst/buffer_pl_clk_0.PL_CLK_0_BUFG/O
    X7Y4 (CLOCK_ROOT)    net (fo=705, estimated)      3.853     8.076    u_ila_0/inst/axis_ila_adv_trig/inst/u_count/G_COUNTER[1].U_COUNTER/CLK
    SLICE_X322Y122       FDRE                                         r  u_ila_0/inst/axis_ila_adv_trig/inst/u_count/G_COUNTER[1].U_COUNTER/counter_reg[0]/C
                         clock pessimism              0.461     8.537    
                         clock uncertainty           -0.107     8.429    
    SLICE_X322Y122       FDRE (Setup_EFF2_SLICEL_C_CE)
                                                     -0.090     8.339    u_ila_0/inst/axis_ila_adv_trig/inst/u_count/G_COUNTER[1].U_COUNTER/counter_reg[0]
  -------------------------------------------------------------------
                         required time                          8.339    
                         arrival time                          -7.553    
  -------------------------------------------------------------------
                         slack                                  0.787    

Slack (MET) :             0.787ns  (required time - arrival time)
  Source:                 u_ila_0/inst/tc_axis_mu30/inst/MU_EQ.match_int_reg/C
                            (rising edge-triggered cell FDRE clocked by clk_pl_0  {rise@0.000ns fall@2.083ns period=4.166ns})
  Destination:            u_ila_0/inst/axis_ila_adv_trig/inst/u_count/G_COUNTER[1].U_COUNTER/counter_reg[1]/CE
                            (rising edge-triggered cell FDRE clocked by clk_pl_0  {rise@0.000ns fall@2.083ns period=4.166ns})
  Path Group:             clk_pl_0
  Path Type:              Setup (Max at Slow Process Corner)
  Requirement:            4.166ns  (clk_pl_0 rise@4.166ns - clk_pl_0 rise@0.000ns)
  Data Path Delay:        3.091ns  (logic 0.479ns (15.497%)  route 2.612ns (84.503%))
  Logic Levels:           7  (LUT2=2 LUT4=2 LUT6=2 RAMD64E5=1)
  Clock Path Skew:        -0.091ns (DCD - SCD + CPR)
    Destination Clock Delay (DCD):    3.910ns = ( 8.076 - 4.166 ) 
    Source Clock Delay      (SCD):    4.462ns
    Clock Pessimism Removal (CPR):    0.461ns
  Clock Uncertainty:      0.107ns  (CJ)/2 + PE + PJ
    Clock Jitter             (CJ):    0.215ns
    Phase Error              (PE):    0.000ns
    Phase Jitter             (PJ):    0.000ns
  Clock Net Delay (Source):      4.357ns (routing 1.924ns, distribution 2.432ns)
  Clock Net Delay (Destination): 3.853ns (routing 1.730ns, distribution 2.122ns)

    Location             Delay type                Incr(ns)  Path(ns)    Netlist Resource(s)
  -------------------------------------------------------------------    -------------------
                         (clock clk_pl_0 rise edge)
                                                      0.000     0.000 r  
    PS9_X0Y0             PS9                          0.000     0.000 r  hemaia_system_i/versal_cips_0/inst/pspmc_0/inst/PS9_inst/PMCRCLKCLK[0]
                         net (fo=1, estimated)        0.000     0.000    hemaia_system_i/versal_cips_0/inst/pspmc_0/inst/pmc_pl_ref_clk[0]
    BUFG_PS_X0Y6         BUFG_PS (Prop_BUFG_PS_I_O)
                                                      0.105     0.105 r  hemaia_system_i/versal_cips_0/inst/pspmc_0/inst/buffer_pl_clk_0.PL_CLK_0_BUFG/O
    X7Y4 (CLOCK_ROOT)    net (fo=705, estimated)      4.357     4.462    u_ila_0/inst/tc_axis_mu30/inst/clk
    SLICE_X318Y161       FDRE                                         r  u_ila_0/inst/tc_axis_mu30/inst/MU_EQ.match_int_reg/C
  -------------------------------------------------------------------    -------------------
    SLICE_X318Y161       FDRE (Prop_AFF2_SLICEL_C_Q)
                                                      0.092     4.554 r  u_ila_0/inst/tc_axis_mu30/inst/MU_EQ.match_int_reg/Q
                         net (fo=1, estimated)        0.215     4.769    u_ila_0/inst/tc_axis_mu30/inst/match_int
    SLICE_X318Y161       LUT2 (Prop_C6LUT_SLICEL_I1_O)
                                                      0.028     4.797 r  u_ila_0/inst/tc_axis_mu30/inst/match_out_INST_0/O
                         net (fo=1, estimated)        0.362     5.159    u_ila_0/inst/axis_ila_adv_trig/inst/u_adv_trig/TRIGGER_EQ[30]
    SLICE_X317Y168       LUT6 (Prop_B6LUT_SLICEM_I1_O)
                                                      0.029     5.188 r  u_ila_0/inst/axis_ila_adv_trig/inst/u_adv_trig/fsm_mem_data_reg_r1_0_63_0_6_i_9/O
                         net (fo=1, estimated)        0.252     5.440    u_ila_0/inst/axis_ila_adv_trig/inst/u_adv_trig/fsm_mem_data_reg_r1_0_63_0_6_i_9_n_0
    SLICE_X318Y169       LUT6 (Prop_B6LUT_SLICEL_I0_O)
                                                      0.073     5.513 r  u_ila_0/inst/axis_ila_adv_trig/inst/u_adv_trig/fsm_mem_data_reg_r1_0_63_0_6_i_2/O
                         net (fo=48, estimated)       0.478     5.991    u_ila_0/inst/axis_ila_adv_trig/inst/u_adv_trig/fsm_mem_data_reg_r1_64_127_0_6/RAME/RADR1
    SLICE_X323Y145       RAMD64E5 (Prop_E6LUT_SLICEM_ADR1_O)
                                                      0.119     6.110 r  u_ila_0/inst/axis_ila_adv_trig/inst/u_adv_trig/fsm_mem_data_reg_r1_64_127_0_6/RAME/RAMD64_INST/O
                         net (fo=1, estimated)        0.208     6.318    u_ila_0/inst/axis_ila_adv_trig/inst/u_adv_trig/fsm_mem_data_reg_r1_64_127_0_6_n_4
    SLICE_X320Y145       LUT4 (Prop_G6LUT_SLICEL_I3_O)
                                                      0.080     6.398 r  u_ila_0/inst/axis_ila_adv_trig/inst/u_adv_trig/CNT_CTRL_O[0]_INST_0/O
                         net (fo=1, estimated)        0.440     6.838    u_ila_0/inst/axis_ila_adv_trig/inst/u_count/G_COUNTER[1].U_COUNTER/CNT_CTRL[0]
    SLICE_X323Y135       LUT4 (Prop_H6LUT_SLICEM_I2_O)
                                                      0.030     6.868 r  u_ila_0/inst/axis_ila_adv_trig/inst/u_count/G_COUNTER[1].U_COUNTER/counter[16]_i_3/O
                         net (fo=18, estimated)       0.247     7.115    u_ila_0/inst/axis_ila_adv_trig/inst/u_count/G_COUNTER[1].U_COUNTER/counter[16]_i_3_n_0
    SLICE_X322Y134       LUT2 (Prop_C6LUT_SLICEL_I1_O)
                                                      0.028     7.143 r  u_ila_0/inst/axis_ila_adv_trig/inst/u_count/G_COUNTER[1].U_COUNTER/counter[16]_i_1/O
                         net (fo=17, estimated)       0.410     7.553    u_ila_0/inst/axis_ila_adv_trig/inst/u_count/G_COUNTER[1].U_COUNTER/counter[16]_i_1_n_0
    SLICE_X322Y122       FDRE                                         r  u_ila_0/inst/axis_ila_adv_trig/inst/u_count/G_COUNTER[1].U_COUNTER/counter_reg[1]/CE
  -------------------------------------------------------------------    -------------------

                         (clock clk_pl_0 rise edge)
                                                      4.166     4.166 r  
    PS9_X0Y0             PS9                          0.000     4.166 r  hemaia_system_i/versal_cips_0/inst/pspmc_0/inst/PS9_inst/PMCRCLKCLK[0]
                         net (fo=1, estimated)        0.000     4.166    hemaia_system_i/versal_cips_0/inst/pspmc_0/inst/pmc_pl_ref_clk[0]
    BUFG_PS_X0Y6         BUFG_PS (Prop_BUFG_PS_I_O)
                                                      0.057     4.223 r  hemaia_system_i/versal_cips_0/inst/pspmc_0/inst/buffer_pl_clk_0.PL_CLK_0_BUFG/O
    X7Y4 (CLOCK_ROOT)    net (fo=705, estimated)      3.853     8.076    u_ila_0/inst/axis_ila_adv_trig/inst/u_count/G_COUNTER[1].U_COUNTER/CLK
    SLICE_X322Y122       FDRE                                         r  u_ila_0/inst/axis_ila_adv_trig/inst/u_count/G_COUNTER[1].U_COUNTER/counter_reg[1]/C
                         clock pessimism              0.461     8.537    
                         clock uncertainty           -0.107     8.429    
    SLICE_X322Y122       FDRE (Setup_EFF_SLICEL_C_CE)
                                                     -0.090     8.339    u_ila_0/inst/axis_ila_adv_trig/inst/u_count/G_COUNTER[1].U_COUNTER/counter_reg[1]
  -------------------------------------------------------------------
                         required time                          8.339    
                         arrival time                          -7.553    
  -------------------------------------------------------------------
                         slack                                  0.787    

Slack (MET) :             0.797ns  (required time - arrival time)
  Source:                 u_ila_0/inst/tc_axis_mu30/inst/MU_EQ.match_int_reg/C
                            (rising edge-triggered cell FDRE clocked by clk_pl_0  {rise@0.000ns fall@2.083ns period=4.166ns})
  Destination:            u_ila_0/inst/axis_ila_adv_trig/inst/u_count/G_COUNTER[1].U_COUNTER/counter_reg[2]/CE
                            (rising edge-triggered cell FDRE clocked by clk_pl_0  {rise@0.000ns fall@2.083ns period=4.166ns})
  Path Group:             clk_pl_0
  Path Type:              Setup (Max at Slow Process Corner)
  Requirement:            4.166ns  (clk_pl_0 rise@4.166ns - clk_pl_0 rise@0.000ns)
  Data Path Delay:        3.084ns  (logic 0.479ns (15.532%)  route 2.605ns (84.468%))
  Logic Levels:           7  (LUT2=2 LUT4=2 LUT6=2 RAMD64E5=1)
  Clock Path Skew:        -0.091ns (DCD - SCD + CPR)
    Destination Clock Delay (DCD):    3.910ns = ( 8.076 - 4.166 ) 
    Source Clock Delay      (SCD):    4.462ns
    Clock Pessimism Removal (CPR):    0.461ns
  Clock Uncertainty:      0.107ns  (CJ)/2 + PE + PJ
    Clock Jitter             (CJ):    0.215ns
    Phase Error              (PE):    0.000ns
    Phase Jitter             (PJ):    0.000ns
  Clock Net Delay (Source):      4.357ns (routing 1.924ns, distribution 2.432ns)
  Clock Net Delay (Destination): 3.853ns (routing 1.730ns, distribution 2.122ns)

    Location             Delay type                Incr(ns)  Path(ns)    Netlist Resource(s)
  -------------------------------------------------------------------    -------------------
                         (clock clk_pl_0 rise edge)
                                                      0.000     0.000 r  
    PS9_X0Y0             PS9                          0.000     0.000 r  hemaia_system_i/versal_cips_0/inst/pspmc_0/inst/PS9_inst/PMCRCLKCLK[0]
                         net (fo=1, estimated)        0.000     0.000    hemaia_system_i/versal_cips_0/inst/pspmc_0/inst/pmc_pl_ref_clk[0]
    BUFG_PS_X0Y6         BUFG_PS (Prop_BUFG_PS_I_O)
                                                      0.105     0.105 r  hemaia_system_i/versal_cips_0/inst/pspmc_0/inst/buffer_pl_clk_0.PL_CLK_0_BUFG/O
    X7Y4 (CLOCK_ROOT)    net (fo=705, estimated)      4.357     4.462    u_ila_0/inst/tc_axis_mu30/inst/clk
    SLICE_X318Y161       FDRE                                         r  u_ila_0/inst/tc_axis_mu30/inst/MU_EQ.match_int_reg/C
  -------------------------------------------------------------------    -------------------
    SLICE_X318Y161       FDRE (Prop_AFF2_SLICEL_C_Q)
                                                      0.092     4.554 r  u_ila_0/inst/tc_axis_mu30/inst/MU_EQ.match_int_reg/Q
                         net (fo=1, estimated)        0.215     4.769    u_ila_0/inst/tc_axis_mu30/inst/match_int
    SLICE_X318Y161       LUT2 (Prop_C6LUT_SLICEL_I1_O)
                                                      0.028     4.797 r  u_ila_0/inst/tc_axis_mu30/inst/match_out_INST_0/O
                         net (fo=1, estimated)        0.362     5.159    u_ila_0/inst/axis_ila_adv_trig/inst/u_adv_trig/TRIGGER_EQ[30]
    SLICE_X317Y168       LUT6 (Prop_B6LUT_SLICEM_I1_O)
                                                      0.029     5.188 r  u_ila_0/inst/axis_ila_adv_trig/inst/u_adv_trig/fsm_mem_data_reg_r1_0_63_0_6_i_9/O
                         net (fo=1, estimated)        0.252     5.440    u_ila_0/inst/axis_ila_adv_trig/inst/u_adv_trig/fsm_mem_data_reg_r1_0_63_0_6_i_9_n_0
    SLICE_X318Y169       LUT6 (Prop_B6LUT_SLICEL_I0_O)
                                                      0.073     5.513 r  u_ila_0/inst/axis_ila_adv_trig/inst/u_adv_trig/fsm_mem_data_reg_r1_0_63_0_6_i_2/O
                         net (fo=48, estimated)       0.478     5.991    u_ila_0/inst/axis_ila_adv_trig/inst/u_adv_trig/fsm_mem_data_reg_r1_64_127_0_6/RAME/RADR1
    SLICE_X323Y145       RAMD64E5 (Prop_E6LUT_SLICEM_ADR1_O)
                                                      0.119     6.110 r  u_ila_0/inst/axis_ila_adv_trig/inst/u_adv_trig/fsm_mem_data_reg_r1_64_127_0_6/RAME/RAMD64_INST/O
                         net (fo=1, estimated)        0.208     6.318    u_ila_0/inst/axis_ila_adv_trig/inst/u_adv_trig/fsm_mem_data_reg_r1_64_127_0_6_n_4
    SLICE_X320Y145       LUT4 (Prop_G6LUT_SLICEL_I3_O)
                                                      0.080     6.398 r  u_ila_0/inst/axis_ila_adv_trig/inst/u_adv_trig/CNT_CTRL_O[0]_INST_0/O
                         net (fo=1, estimated)        0.440     6.838    u_ila_0/inst/axis_ila_adv_trig/inst/u_count/G_COUNTER[1].U_COUNTER/CNT_CTRL[0]
    SLICE_X323Y135       LUT4 (Prop_H6LUT_SLICEM_I2_O)
                                                      0.030     6.868 r  u_ila_0/inst/axis_ila_adv_trig/inst/u_count/G_COUNTER[1].U_COUNTER/counter[16]_i_3/O
                         net (fo=18, estimated)       0.247     7.115    u_ila_0/inst/axis_ila_adv_trig/inst/u_count/G_COUNTER[1].U_COUNTER/counter[16]_i_3_n_0
    SLICE_X322Y134       LUT2 (Prop_C6LUT_SLICEL_I1_O)
                                                      0.028     7.143 r  u_ila_0/inst/axis_ila_adv_trig/inst/u_count/G_COUNTER[1].U_COUNTER/counter[16]_i_1/O
                         net (fo=17, estimated)       0.403     7.546    u_ila_0/inst/axis_ila_adv_trig/inst/u_count/G_COUNTER[1].U_COUNTER/counter[16]_i_1_n_0
    SLICE_X322Y122       FDRE                                         r  u_ila_0/inst/axis_ila_adv_trig/inst/u_count/G_COUNTER[1].U_COUNTER/counter_reg[2]/CE
  -------------------------------------------------------------------    -------------------

                         (clock clk_pl_0 rise edge)
                                                      4.166     4.166 r  
    PS9_X0Y0             PS9                          0.000     4.166 r  hemaia_system_i/versal_cips_0/inst/pspmc_0/inst/PS9_inst/PMCRCLKCLK[0]
                         net (fo=1, estimated)        0.000     4.166    hemaia_system_i/versal_cips_0/inst/pspmc_0/inst/pmc_pl_ref_clk[0]
    BUFG_PS_X0Y6         BUFG_PS (Prop_BUFG_PS_I_O)
                                                      0.057     4.223 r  hemaia_system_i/versal_cips_0/inst/pspmc_0/inst/buffer_pl_clk_0.PL_CLK_0_BUFG/O
    X7Y4 (CLOCK_ROOT)    net (fo=705, estimated)      3.853     8.076    u_ila_0/inst/axis_ila_adv_trig/inst/u_count/G_COUNTER[1].U_COUNTER/CLK
    SLICE_X322Y122       FDRE                                         r  u_ila_0/inst/axis_ila_adv_trig/inst/u_count/G_COUNTER[1].U_COUNTER/counter_reg[2]/C
                         clock pessimism              0.461     8.537    
                         clock uncertainty           -0.107     8.429    
    SLICE_X322Y122       FDRE (Setup_AFF_SLICEL_C_CE)
                                                     -0.087     8.342    u_ila_0/inst/axis_ila_adv_trig/inst/u_count/G_COUNTER[1].U_COUNTER/counter_reg[2]
  -------------------------------------------------------------------
                         required time                          8.342    
                         arrival time                          -7.546    
  -------------------------------------------------------------------
                         slack                                  0.797    

Slack (MET) :             0.797ns  (required time - arrival time)
  Source:                 u_ila_0/inst/tc_axis_mu30/inst/MU_EQ.match_int_reg/C
                            (rising edge-triggered cell FDRE clocked by clk_pl_0  {rise@0.000ns fall@2.083ns period=4.166ns})
  Destination:            u_ila_0/inst/axis_ila_adv_trig/inst/u_count/G_COUNTER[1].U_COUNTER/counter_reg[3]/CE
                            (rising edge-triggered cell FDRE clocked by clk_pl_0  {rise@0.000ns fall@2.083ns period=4.166ns})
  Path Group:             clk_pl_0
  Path Type:              Setup (Max at Slow Process Corner)
  Requirement:            4.166ns  (clk_pl_0 rise@4.166ns - clk_pl_0 rise@0.000ns)
  Data Path Delay:        3.084ns  (logic 0.479ns (15.532%)  route 2.605ns (84.468%))
  Logic Levels:           7  (LUT2=2 LUT4=2 LUT6=2 RAMD64E5=1)
  Clock Path Skew:        -0.091ns (DCD - SCD + CPR)
    Destination Clock Delay (DCD):    3.910ns = ( 8.076 - 4.166 ) 
    Source Clock Delay      (SCD):    4.462ns
    Clock Pessimism Removal (CPR):    0.461ns
  Clock Uncertainty:      0.107ns  (CJ)/2 + PE + PJ
    Clock Jitter             (CJ):    0.215ns
    Phase Error              (PE):    0.000ns
    Phase Jitter             (PJ):    0.000ns
  Clock Net Delay (Source):      4.357ns (routing 1.924ns, distribution 2.432ns)
  Clock Net Delay (Destination): 3.853ns (routing 1.730ns, distribution 2.122ns)

    Location             Delay type                Incr(ns)  Path(ns)    Netlist Resource(s)
  -------------------------------------------------------------------    -------------------
                         (clock clk_pl_0 rise edge)
                                                      0.000     0.000 r  
    PS9_X0Y0             PS9                          0.000     0.000 r  hemaia_system_i/versal_cips_0/inst/pspmc_0/inst/PS9_inst/PMCRCLKCLK[0]
                         net (fo=1, estimated)        0.000     0.000    hemaia_system_i/versal_cips_0/inst/pspmc_0/inst/pmc_pl_ref_clk[0]
    BUFG_PS_X0Y6         BUFG_PS (Prop_BUFG_PS_I_O)
                                                      0.105     0.105 r  hemaia_system_i/versal_cips_0/inst/pspmc_0/inst/buffer_pl_clk_0.PL_CLK_0_BUFG/O
    X7Y4 (CLOCK_ROOT)    net (fo=705, estimated)      4.357     4.462    u_ila_0/inst/tc_axis_mu30/inst/clk
    SLICE_X318Y161       FDRE                                         r  u_ila_0/inst/tc_axis_mu30/inst/MU_EQ.match_int_reg/C
  -------------------------------------------------------------------    -------------------
    SLICE_X318Y161       FDRE (Prop_AFF2_SLICEL_C_Q)
                                                      0.092     4.554 r  u_ila_0/inst/tc_axis_mu30/inst/MU_EQ.match_int_reg/Q
                         net (fo=1, estimated)        0.215     4.769    u_ila_0/inst/tc_axis_mu30/inst/match_int
    SLICE_X318Y161       LUT2 (Prop_C6LUT_SLICEL_I1_O)
                                                      0.028     4.797 r  u_ila_0/inst/tc_axis_mu30/inst/match_out_INST_0/O
                         net (fo=1, estimated)        0.362     5.159    u_ila_0/inst/axis_ila_adv_trig/inst/u_adv_trig/TRIGGER_EQ[30]
    SLICE_X317Y168       LUT6 (Prop_B6LUT_SLICEM_I1_O)
                                                      0.029     5.188 r  u_ila_0/inst/axis_ila_adv_trig/inst/u_adv_trig/fsm_mem_data_reg_r1_0_63_0_6_i_9/O
                         net (fo=1, estimated)        0.252     5.440    u_ila_0/inst/axis_ila_adv_trig/inst/u_adv_trig/fsm_mem_data_reg_r1_0_63_0_6_i_9_n_0
    SLICE_X318Y169       LUT6 (Prop_B6LUT_SLICEL_I0_O)
                                                      0.073     5.513 r  u_ila_0/inst/axis_ila_adv_trig/inst/u_adv_trig/fsm_mem_data_reg_r1_0_63_0_6_i_2/O
                         net (fo=48, estimated)       0.478     5.991    u_ila_0/inst/axis_ila_adv_trig/inst/u_adv_trig/fsm_mem_data_reg_r1_64_127_0_6/RAME/RADR1
    SLICE_X323Y145       RAMD64E5 (Prop_E6LUT_SLICEM_ADR1_O)
                                                      0.119     6.110 r  u_ila_0/inst/axis_ila_adv_trig/inst/u_adv_trig/fsm_mem_data_reg_r1_64_127_0_6/RAME/RAMD64_INST/O
                         net (fo=1, estimated)        0.208     6.318    u_ila_0/inst/axis_ila_adv_trig/inst/u_adv_trig/fsm_mem_data_reg_r1_64_127_0_6_n_4
    SLICE_X320Y145       LUT4 (Prop_G6LUT_SLICEL_I3_O)
                                                      0.080     6.398 r  u_ila_0/inst/axis_ila_adv_trig/inst/u_adv_trig/CNT_CTRL_O[0]_INST_0/O
                         net (fo=1, estimated)        0.440     6.838    u_ila_0/inst/axis_ila_adv_trig/inst/u_count/G_COUNTER[1].U_COUNTER/CNT_CTRL[0]
    SLICE_X323Y135       LUT4 (Prop_H6LUT_SLICEM_I2_O)
                                                      0.030     6.868 r  u_ila_0/inst/axis_ila_adv_trig/inst/u_count/G_COUNTER[1].U_COUNTER/counter[16]_i_3/O
                         net (fo=18, estimated)       0.247     7.115    u_ila_0/inst/axis_ila_adv_trig/inst/u_count/G_COUNTER[1].U_COUNTER/counter[16]_i_3_n_0
    SLICE_X322Y134       LUT2 (Prop_C6LUT_SLICEL_I1_O)
                                                      0.028     7.143 r  u_ila_0/inst/axis_ila_adv_trig/inst/u_count/G_COUNTER[1].U_COUNTER/counter[16]_i_1/O
                         net (fo=17, estimated)       0.403     7.546    u_ila_0/inst/axis_ila_adv_trig/inst/u_count/G_COUNTER[1].U_COUNTER/counter[16]_i_1_n_0
    SLICE_X322Y122       FDRE                                         r  u_ila_0/inst/axis_ila_adv_trig/inst/u_count/G_COUNTER[1].U_COUNTER/counter_reg[3]/CE
  -------------------------------------------------------------------    -------------------

                         (clock clk_pl_0 rise edge)
                                                      4.166     4.166 r  
    PS9_X0Y0             PS9                          0.000     4.166 r  hemaia_system_i/versal_cips_0/inst/pspmc_0/inst/PS9_inst/PMCRCLKCLK[0]
                         net (fo=1, estimated)        0.000     4.166    hemaia_system_i/versal_cips_0/inst/pspmc_0/inst/pmc_pl_ref_clk[0]
    BUFG_PS_X0Y6         BUFG_PS (Prop_BUFG_PS_I_O)
                                                      0.057     4.223 r  hemaia_system_i/versal_cips_0/inst/pspmc_0/inst/buffer_pl_clk_0.PL_CLK_0_BUFG/O
    X7Y4 (CLOCK_ROOT)    net (fo=705, estimated)      3.853     8.076    u_ila_0/inst/axis_ila_adv_trig/inst/u_count/G_COUNTER[1].U_COUNTER/CLK
    SLICE_X322Y122       FDRE                                         r  u_ila_0/inst/axis_ila_adv_trig/inst/u_count/G_COUNTER[1].U_COUNTER/counter_reg[3]/C
                         clock pessimism              0.461     8.537    
                         clock uncertainty           -0.107     8.429    
    SLICE_X322Y122       FDRE (Setup_AFF2_SLICEL_C_CE)
                                                     -0.087     8.342    u_ila_0/inst/axis_ila_adv_trig/inst/u_count/G_COUNTER[1].U_COUNTER/counter_reg[3]
  -------------------------------------------------------------------
                         required time                          8.342    
                         arrival time                          -7.546    
  -------------------------------------------------------------------
                         slack                                  0.797    

Slack (MET) :             0.804ns  (required time - arrival time)
  Source:                 hemaia_system_i/occamy_chip/inst/i_occamy/i_dmi_jtag/i_dmi_jtag_tap/td_o_reg/C
                            (falling edge-triggered cell FDCE clocked by jtag_tck_i  {rise@0.000ns fall@100.000ns period=200.000ns})
  Destination:            u_ila_0/inst/axis_mu6_3/inst/ALLX.u_allx_carry/co_temp_reg/D
                            (rising edge-triggered cell FDRE clocked by clk_pl_0  {rise@0.000ns fall@2.083ns period=4.166ns})
  Path Group:             clk_pl_0
  Path Type:              Setup (Max at Fast Process Corner)
  Requirement:            3.510ns  (clk_pl_0 rise@4103.510ns - jtag_tck_i fall@4100.000ns)
  Data Path Delay:        2.422ns  (logic 0.242ns (9.992%)  route 2.180ns (90.008%))
  Logic Levels:           4  (LUT1=1 LUT2=1 LUT3=1 SRL16E=1)
  Clock Path Skew:        0.304ns (DCD - SCD + CPR)
    Destination Clock Delay (DCD):    2.718ns = ( 4106.228 - 4103.510 ) 
    Source Clock Delay      (SCD):    2.414ns = ( 4102.414 - 4100.000 ) 
    Clock Pessimism Removal (CPR):    0.000ns
  Clock Uncertainty:      0.593ns  (CJ)/2 + PE + PJ
    Clock Jitter             (CJ):    1.186ns
    Phase Error              (PE):    0.000ns
    Phase Jitter             (PJ):    0.000ns
  Clock Net Delay (Destination): 2.675ns (routing 1.208ns, distribution 1.467ns)
  Clock Domain Crossing:  Inter clock paths are considered valid unless explicitly excluded by timing constraints such as set_clock_groups or set_false_path.

    Location             Delay type                Incr(ns)  Path(ns)    Netlist Resource(s)
  -------------------------------------------------------------------    -------------------
                         (clock jtag_tck_i fall edge)
                                                   4100.000  4100.000 f  
    IOB_X93Y1            IBUF                         0.000  4100.000 f  jtag_tck_i_IBUF_inst/O
                         net (fo=328, estimated)      2.414  4102.414    hemaia_system_i/occamy_chip/inst/i_occamy/i_dmi_jtag/i_dmi_jtag_tap/tck_ni
    SLICE_X297Y262       FDCE                                         r  hemaia_system_i/occamy_chip/inst/i_occamy/i_dmi_jtag/i_dmi_jtag_tap/td_o_reg/C  (IS_INVERTED)
  -------------------------------------------------------------------    -------------------
    SLICE_X297Y262       FDCE (Prop_AFF2_SLICEM_C_Q)
                                                      0.065  4102.479 r  hemaia_system_i/occamy_chip/inst/i_occamy/i_dmi_jtag/i_dmi_jtag_tap/td_o_reg/Q
                         net (fo=14, estimated)       1.135  4103.614    u_ila_0/inst/axis_mu6_3/inst/ALLX.L2_NFULL.u_allx/last.l1_last_cfglut/I0
    SLICE_X323Y148       SRL16E (Prop_A5LUT_SLICEM_A0_Q)
                                                      0.083  4103.697 r  u_ila_0/inst/axis_mu6_3/inst/ALLX.L2_NFULL.u_allx/last.l1_last_cfglut/S2/Q
                         net (fo=1, estimated)        0.238  4103.935    u_ila_0/inst/axis_mu6_3/inst/ALLX.u_allx_carry/DI[0]
    SLICE_X320Y148       LUT3 (Prop_D6LUT_SLICEL_I0_O)
                                                      0.018  4103.953 r  u_ila_0/inst/axis_mu6_3/inst/ALLX.u_allx_carry/LA8_TRANSFORM_NIY/O
                         net (fo=1, estimated)        0.542  4104.495    u_ila_0/inst/axis_mu6_3/inst/ALLX.u_allx_carry/O52_net_3
    SLICE_X297Y167       LUT1 (Prop_F5LUT_SLICEM_I0_O)
                                                      0.041  4104.536 r  u_ila_0/inst/axis_mu6_3/inst/ALLX.u_allx_carry/O52_net_3_hold_fix/O
                         net (fo=1, estimated)        0.208  4104.744    u_ila_0/inst/axis_mu6_3/inst/ALLX.u_allx_carry/O52_net_3_hold_fix_1
    SLICE_X297Y167       LUT2 (Prop_E6LUT_SLICEM_I1_O)
                                                      0.035  4104.779 r  u_ila_0/inst/axis_mu6_3/inst/ALLX.u_allx_carry/co_temp_i_1/O
                         net (fo=1, routed)           0.057  4104.836    u_ila_0/inst/axis_mu6_3/inst/ALLX.u_allx_carry/co_temp_i_1_n_0
    SLICE_X297Y167       FDRE                                         r  u_ila_0/inst/axis_mu6_3/inst/ALLX.u_allx_carry/co_temp_reg/D
  -------------------------------------------------------------------    -------------------

                         (clock clk_pl_0 rise edge)
                                                   4103.510  4103.510 r  
    PS9_X0Y0             PS9                          0.000  4103.510 r  hemaia_system_i/versal_cips_0/inst/pspmc_0/inst/PS9_inst/PMCRCLKCLK[0]
                         net (fo=1, estimated)        0.000  4103.510    hemaia_system_i/versal_cips_0/inst/pspmc_0/inst/pmc_pl_ref_clk[0]
    BUFG_PS_X0Y6         BUFG_PS (Prop_BUFG_PS_I_O)
                                                      0.043  4103.553 r  hemaia_system_i/versal_cips_0/inst/pspmc_0/inst/buffer_pl_clk_0.PL_CLK_0_BUFG/O
    X7Y4 (CLOCK_ROOT)    net (fo=705, estimated)      2.675  4106.228    u_ila_0/inst/axis_mu6_3/inst/ALLX.u_allx_carry/clk
    SLICE_X297Y167       FDRE                                         r  u_ila_0/inst/axis_mu6_3/inst/ALLX.u_allx_carry/co_temp_reg/C
                         clock pessimism              0.000  4106.228    
                         clock uncertainty           -0.593  4105.635    
    SLICE_X297Y167       FDRE (Setup_EFF2_SLICEM_C_D)
                                                      0.005  4105.640    u_ila_0/inst/axis_mu6_3/inst/ALLX.u_allx_carry/co_temp_reg
  -------------------------------------------------------------------
                         required time                       4105.640    
                         arrival time                       -4104.836    
  -------------------------------------------------------------------
                         slack                                  0.804    

Slack (MET) :             0.809ns  (required time - arrival time)
  Source:                 u_ila_0/inst/tc_axis_mu8/inst/MU_EQ.match_int_reg/C
                            (rising edge-triggered cell FDRE clocked by clk_pl_0  {rise@0.000ns fall@2.083ns period=4.166ns})
  Destination:            u_ila_0/inst/axis_ila_adv_trig/inst/u_count/G_COUNTER[4].U_COUNTER/counter_reg[10]/CE
                            (rising edge-triggered cell FDRE clocked by clk_pl_0  {rise@0.000ns fall@2.083ns period=4.166ns})
  Path Group:             clk_pl_0
  Path Type:              Setup (Max at Slow Process Corner)
  Requirement:            4.166ns  (clk_pl_0 rise@4.166ns - clk_pl_0 rise@0.000ns)
  Data Path Delay:        3.059ns  (logic 0.527ns (17.228%)  route 2.532ns (82.772%))
  Logic Levels:           7  (LUT2=2 LUT4=2 LUT6=2 RAMD64E5=1)
  Clock Path Skew:        -0.102ns (DCD - SCD + CPR)
    Destination Clock Delay (DCD):    3.902ns = ( 8.068 - 4.166 ) 
    Source Clock Delay      (SCD):    4.465ns
    Clock Pessimism Removal (CPR):    0.461ns
  Clock Uncertainty:      0.107ns  (CJ)/2 + PE + PJ
    Clock Jitter             (CJ):    0.215ns
    Phase Error              (PE):    0.000ns
    Phase Jitter             (PJ):    0.000ns
  Clock Net Delay (Source):      4.360ns (routing 1.924ns, distribution 2.435ns)
  Clock Net Delay (Destination): 3.845ns (routing 1.730ns, distribution 2.114ns)

    Location             Delay type                Incr(ns)  Path(ns)    Netlist Resource(s)
  -------------------------------------------------------------------    -------------------
                         (clock clk_pl_0 rise edge)
                                                      0.000     0.000 r  
    PS9_X0Y0             PS9                          0.000     0.000 r  hemaia_system_i/versal_cips_0/inst/pspmc_0/inst/PS9_inst/PMCRCLKCLK[0]
                         net (fo=1, estimated)        0.000     0.000    hemaia_system_i/versal_cips_0/inst/pspmc_0/inst/pmc_pl_ref_clk[0]
    BUFG_PS_X0Y6         BUFG_PS (Prop_BUFG_PS_I_O)
                                                      0.105     0.105 r  hemaia_system_i/versal_cips_0/inst/pspmc_0/inst/buffer_pl_clk_0.PL_CLK_0_BUFG/O
    X7Y4 (CLOCK_ROOT)    net (fo=705, estimated)      4.360     4.465    u_ila_0/inst/tc_axis_mu8/inst/clk
    SLICE_X312Y168       FDRE                                         r  u_ila_0/inst/tc_axis_mu8/inst/MU_EQ.match_int_reg/C
  -------------------------------------------------------------------    -------------------
    SLICE_X312Y168       FDRE (Prop_FFF_SLICEL_C_Q)
                                                      0.092     4.557 r  u_ila_0/inst/tc_axis_mu8/inst/MU_EQ.match_int_reg/Q
                         net (fo=1, estimated)        0.215     4.772    u_ila_0/inst/tc_axis_mu8/inst/match_int
    SLICE_X312Y168       LUT2 (Prop_D6LUT_SLICEL_I1_O)
                                                      0.048     4.820 r  u_ila_0/inst/tc_axis_mu8/inst/match_out_INST_0/O
                         net (fo=1, estimated)        0.288     5.108    u_ila_0/inst/axis_ila_adv_trig/inst/u_adv_trig/TRIGGER_EQ[8]
    SLICE_X316Y166       LUT6 (Prop_D6LUT_SLICEL_I5_O)
                                                      0.087     5.195 r  u_ila_0/inst/axis_ila_adv_trig/inst/u_adv_trig/fsm_mem_data_reg_r1_0_63_0_6_i_6/O
                         net (fo=1, estimated)        0.289     5.484    u_ila_0/inst/axis_ila_adv_trig/inst/u_adv_trig/fsm_mem_data_reg_r1_0_63_0_6_i_6_n_0
    SLICE_X321Y167       LUT6 (Prop_B6LUT_SLICEM_I1_O)
                                                      0.075     5.559 r  u_ila_0/inst/axis_ila_adv_trig/inst/u_adv_trig/fsm_mem_data_reg_r1_0_63_0_6_i_1/O
                         net (fo=48, estimated)       0.452     6.011    u_ila_0/inst/axis_ila_adv_trig/inst/u_adv_trig/fsm_mem_data_reg_r1_64_127_7_13/RAMD/RADR2
    SLICE_X321Y142       RAMD64E5 (Prop_D6LUT_SLICEM_ADR2_O)
                                                      0.087     6.098 r  u_ila_0/inst/axis_ila_adv_trig/inst/u_adv_trig/fsm_mem_data_reg_r1_64_127_7_13/RAMD/RAMD64_INST/O
                         net (fo=1, estimated)        0.208     6.306    u_ila_0/inst/axis_ila_adv_trig/inst/u_adv_trig/fsm_mem_data_reg_r1_64_127_7_13_n_3
    SLICE_X320Y141       LUT4 (Prop_E5LUT_SLICEL_I3_O)
                                                      0.079     6.385 r  u_ila_0/inst/axis_ila_adv_trig/inst/u_adv_trig/CNT_CTRL_O[6]_INST_0/O
                         net (fo=1, estimated)        0.424     6.809    u_ila_0/inst/axis_ila_adv_trig/inst/u_count/G_COUNTER[4].U_COUNTER/CNT_CTRL[0]
    SLICE_X323Y133       LUT4 (Prop_H6LUT_SLICEM_I2_O)
                                                      0.030     6.839 r  u_ila_0/inst/axis_ila_adv_trig/inst/u_count/G_COUNTER[4].U_COUNTER/counter[16]_i_3/O
                         net (fo=18, estimated)       0.269     7.108    u_ila_0/inst/axis_ila_adv_trig/inst/u_count/G_COUNTER[4].U_COUNTER/counter[16]_i_3_n_0
    SLICE_X323Y132       LUT2 (Prop_B6LUT_SLICEM_I1_O)
                                                      0.029     7.137 r  u_ila_0/inst/axis_ila_adv_trig/inst/u_count/G_COUNTER[4].U_COUNTER/counter[16]_i_1/O
                         net (fo=17, estimated)       0.387     7.524    u_ila_0/inst/axis_ila_adv_trig/inst/u_count/G_COUNTER[4].U_COUNTER/counter[16]_i_1_n_0
    SLICE_X323Y125       FDRE                                         r  u_ila_0/inst/axis_ila_adv_trig/inst/u_count/G_COUNTER[4].U_COUNTER/counter_reg[10]/CE
  -------------------------------------------------------------------    -------------------

                         (clock clk_pl_0 rise edge)
                                                      4.166     4.166 r  
    PS9_X0Y0             PS9                          0.000     4.166 r  hemaia_system_i/versal_cips_0/inst/pspmc_0/inst/PS9_inst/PMCRCLKCLK[0]
                         net (fo=1, estimated)        0.000     4.166    hemaia_system_i/versal_cips_0/inst/pspmc_0/inst/pmc_pl_ref_clk[0]
    BUFG_PS_X0Y6         BUFG_PS (Prop_BUFG_PS_I_O)
                                                      0.057     4.223 r  hemaia_system_i/versal_cips_0/inst/pspmc_0/inst/buffer_pl_clk_0.PL_CLK_0_BUFG/O
    X7Y4 (CLOCK_ROOT)    net (fo=705, estimated)      3.845     8.068    u_ila_0/inst/axis_ila_adv_trig/inst/u_count/G_COUNTER[4].U_COUNTER/CLK
    SLICE_X323Y125       FDRE                                         r  u_ila_0/inst/axis_ila_adv_trig/inst/u_count/G_COUNTER[4].U_COUNTER/counter_reg[10]/C
                         clock pessimism              0.461     8.529    
                         clock uncertainty           -0.107     8.421    
    SLICE_X323Y125       FDRE (Setup_CFF2_SLICEM_C_CE)
                                                     -0.089     8.332    u_ila_0/inst/axis_ila_adv_trig/inst/u_count/G_COUNTER[4].U_COUNTER/counter_reg[10]
  -------------------------------------------------------------------
                         required time                          8.332    
                         arrival time                          -7.524    
  -------------------------------------------------------------------
                         slack                                  0.809    

Slack (MET) :             0.813ns  (required time - arrival time)
  Source:                 u_ila_0/inst/tc_axis_mu8/inst/MU_EQ.match_int_reg/C
                            (rising edge-triggered cell FDRE clocked by clk_pl_0  {rise@0.000ns fall@2.083ns period=4.166ns})
  Destination:            u_ila_0/inst/axis_ila_adv_trig/inst/u_count/G_COUNTER[3].U_COUNTER/counter_reg[9]/D
                            (rising edge-triggered cell FDRE clocked by clk_pl_0  {rise@0.000ns fall@2.083ns period=4.166ns})
  Path Group:             clk_pl_0
  Path Type:              Setup (Max at Slow Process Corner)
  Requirement:            4.166ns  (clk_pl_0 rise@4.166ns - clk_pl_0 rise@0.000ns)
  Data Path Delay:        3.151ns  (logic 0.598ns (18.978%)  route 2.553ns (81.022%))
  Logic Levels:           7  (LUT2=1 LUT4=2 LUT5=1 LUT6=2 RAMD64E5=1)
  Clock Path Skew:        -0.103ns (DCD - SCD + CPR)
    Destination Clock Delay (DCD):    3.901ns = ( 8.067 - 4.166 ) 
    Source Clock Delay      (SCD):    4.465ns
    Clock Pessimism Removal (CPR):    0.461ns
  Clock Uncertainty:      0.107ns  (CJ)/2 + PE + PJ
    Clock Jitter             (CJ):    0.215ns
    Phase Error              (PE):    0.000ns
    Phase Jitter             (PJ):    0.000ns
  Clock Net Delay (Source):      4.360ns (routing 1.924ns, distribution 2.435ns)
  Clock Net Delay (Destination): 3.844ns (routing 1.730ns, distribution 2.113ns)

    Location             Delay type                Incr(ns)  Path(ns)    Netlist Resource(s)
  -------------------------------------------------------------------    -------------------
                         (clock clk_pl_0 rise edge)
                                                      0.000     0.000 r  
    PS9_X0Y0             PS9                          0.000     0.000 r  hemaia_system_i/versal_cips_0/inst/pspmc_0/inst/PS9_inst/PMCRCLKCLK[0]
                         net (fo=1, estimated)        0.000     0.000    hemaia_system_i/versal_cips_0/inst/pspmc_0/inst/pmc_pl_ref_clk[0]
    BUFG_PS_X0Y6         BUFG_PS (Prop_BUFG_PS_I_O)
                                                      0.105     0.105 r  hemaia_system_i/versal_cips_0/inst/pspmc_0/inst/buffer_pl_clk_0.PL_CLK_0_BUFG/O
    X7Y4 (CLOCK_ROOT)    net (fo=705, estimated)      4.360     4.465    u_ila_0/inst/tc_axis_mu8/inst/clk
    SLICE_X312Y168       FDRE                                         r  u_ila_0/inst/tc_axis_mu8/inst/MU_EQ.match_int_reg/C
  -------------------------------------------------------------------    -------------------
    SLICE_X312Y168       FDRE (Prop_FFF_SLICEL_C_Q)
                                                      0.092     4.557 r  u_ila_0/inst/tc_axis_mu8/inst/MU_EQ.match_int_reg/Q
                         net (fo=1, estimated)        0.215     4.772    u_ila_0/inst/tc_axis_mu8/inst/match_int
    SLICE_X312Y168       LUT2 (Prop_D6LUT_SLICEL_I1_O)
                                                      0.048     4.820 r  u_ila_0/inst/tc_axis_mu8/inst/match_out_INST_0/O
                         net (fo=1, estimated)        0.288     5.108    u_ila_0/inst/axis_ila_adv_trig/inst/u_adv_trig/TRIGGER_EQ[8]
    SLICE_X316Y166       LUT6 (Prop_D6LUT_SLICEL_I5_O)
                                                      0.087     5.195 r  u_ila_0/inst/axis_ila_adv_trig/inst/u_adv_trig/fsm_mem_data_reg_r1_0_63_0_6_i_6/O
                         net (fo=1, estimated)        0.289     5.484    u_ila_0/inst/axis_ila_adv_trig/inst/u_adv_trig/fsm_mem_data_reg_r1_0_63_0_6_i_6_n_0
    SLICE_X321Y167       LUT6 (Prop_B6LUT_SLICEM_I1_O)
                                                      0.075     5.559 r  u_ila_0/inst/axis_ila_adv_trig/inst/u_adv_trig/fsm_mem_data_reg_r1_0_63_0_6_i_1/O
                         net (fo=48, estimated)       0.456     6.015    u_ila_0/inst/axis_ila_adv_trig/inst/u_adv_trig/fsm_mem_data_reg_r1_64_127_7_13/RAMB/RADR2
    SLICE_X321Y142       RAMD64E5 (Prop_B6LUT_SLICEM_ADR2_O)
                                                      0.089     6.104 r  u_ila_0/inst/axis_ila_adv_trig/inst/u_adv_trig/fsm_mem_data_reg_r1_64_127_7_13/RAMB/RAMD64_INST/O
                         net (fo=1, estimated)        0.215     6.319    u_ila_0/inst/axis_ila_adv_trig/inst/u_adv_trig/fsm_mem_data_reg_r1_64_127_7_13_n_1
    SLICE_X320Y141       LUT4 (Prop_E6LUT_SLICEL_I3_O)
                                                      0.092     6.411 r  u_ila_0/inst/axis_ila_adv_trig/inst/u_adv_trig/CNT_CTRL_O[4]_INST_0/O
                         net (fo=1, estimated)        0.407     6.818    u_ila_0/inst/axis_ila_adv_trig/inst/u_count/G_COUNTER[3].U_COUNTER/CNT_CTRL[0]
    SLICE_X319Y134       LUT4 (Prop_F6LUT_SLICEM_I2_O)
                                                      0.029     6.847 r  u_ila_0/inst/axis_ila_adv_trig/inst/u_count/G_COUNTER[3].U_COUNTER/counter[16]_i_3/O
                         net (fo=18, estimated)       0.351     7.198    u_ila_0/inst/axis_ila_adv_trig/inst/u_count/G_COUNTER[3].U_COUNTER/counter[16]_i_3_n_0
    SLICE_X323Y127       LUT5 (Prop_G5LUT_SLICEM_I3_O)
                                                      0.086     7.284 r  u_ila_0/inst/axis_ila_adv_trig/inst/u_count/G_COUNTER[3].U_COUNTER/counter[9]_i_1/O
                         net (fo=1, estimated)        0.332     7.616    u_ila_0/inst/axis_ila_adv_trig/inst/u_count/G_COUNTER[3].U_COUNTER/p_1_in[9]
    SLICE_X322Y127       FDRE                                         r  u_ila_0/inst/axis_ila_adv_trig/inst/u_count/G_COUNTER[3].U_COUNTER/counter_reg[9]/D
  -------------------------------------------------------------------    -------------------

                         (clock clk_pl_0 rise edge)
                                                      4.166     4.166 r  
    PS9_X0Y0             PS9                          0.000     4.166 r  hemaia_system_i/versal_cips_0/inst/pspmc_0/inst/PS9_inst/PMCRCLKCLK[0]
                         net (fo=1, estimated)        0.000     4.166    hemaia_system_i/versal_cips_0/inst/pspmc_0/inst/pmc_pl_ref_clk[0]
    BUFG_PS_X0Y6         BUFG_PS (Prop_BUFG_PS_I_O)
                                                      0.057     4.223 r  hemaia_system_i/versal_cips_0/inst/pspmc_0/inst/buffer_pl_clk_0.PL_CLK_0_BUFG/O
    X7Y4 (CLOCK_ROOT)    net (fo=705, estimated)      3.844     8.067    u_ila_0/inst/axis_ila_adv_trig/inst/u_count/G_COUNTER[3].U_COUNTER/CLK
    SLICE_X322Y127       FDRE                                         r  u_ila_0/inst/axis_ila_adv_trig/inst/u_count/G_COUNTER[3].U_COUNTER/counter_reg[9]/C
                         clock pessimism              0.461     8.528    
                         clock uncertainty           -0.107     8.420    
    SLICE_X322Y127       FDRE (Setup_AFF_SLICEL_C_D)
                                                      0.008     8.428    u_ila_0/inst/axis_ila_adv_trig/inst/u_count/G_COUNTER[3].U_COUNTER/counter_reg[9]
  -------------------------------------------------------------------
                         required time                          8.428    
                         arrival time                          -7.616    
  -------------------------------------------------------------------
                         slack                                  0.813    

Slack (MET) :             0.819ns  (required time - arrival time)
  Source:                 u_ila_0/inst/tc_axis_mu8/inst/MU_EQ.match_int_reg/C
                            (rising edge-triggered cell FDRE clocked by clk_pl_0  {rise@0.000ns fall@2.083ns period=4.166ns})
  Destination:            u_ila_0/inst/axis_ila_adv_trig/inst/u_count/G_COUNTER[4].U_COUNTER/counter_reg[7]/CE
                            (rising edge-triggered cell FDRE clocked by clk_pl_0  {rise@0.000ns fall@2.083ns period=4.166ns})
  Path Group:             clk_pl_0
  Path Type:              Setup (Max at Slow Process Corner)
  Requirement:            4.166ns  (clk_pl_0 rise@4.166ns - clk_pl_0 rise@0.000ns)
  Data Path Delay:        3.051ns  (logic 0.527ns (17.273%)  route 2.524ns (82.727%))
  Logic Levels:           7  (LUT2=2 LUT4=2 LUT6=2 RAMD64E5=1)
  Clock Path Skew:        -0.102ns (DCD - SCD + CPR)
    Destination Clock Delay (DCD):    3.902ns = ( 8.068 - 4.166 ) 
    Source Clock Delay      (SCD):    4.465ns
    Clock Pessimism Removal (CPR):    0.461ns
  Clock Uncertainty:      0.107ns  (CJ)/2 + PE + PJ
    Clock Jitter             (CJ):    0.215ns
    Phase Error              (PE):    0.000ns
    Phase Jitter             (PJ):    0.000ns
  Clock Net Delay (Source):      4.360ns (routing 1.924ns, distribution 2.435ns)
  Clock Net Delay (Destination): 3.845ns (routing 1.730ns, distribution 2.114ns)

    Location             Delay type                Incr(ns)  Path(ns)    Netlist Resource(s)
  -------------------------------------------------------------------    -------------------
                         (clock clk_pl_0 rise edge)
                                                      0.000     0.000 r  
    PS9_X0Y0             PS9                          0.000     0.000 r  hemaia_system_i/versal_cips_0/inst/pspmc_0/inst/PS9_inst/PMCRCLKCLK[0]
                         net (fo=1, estimated)        0.000     0.000    hemaia_system_i/versal_cips_0/inst/pspmc_0/inst/pmc_pl_ref_clk[0]
    BUFG_PS_X0Y6         BUFG_PS (Prop_BUFG_PS_I_O)
                                                      0.105     0.105 r  hemaia_system_i/versal_cips_0/inst/pspmc_0/inst/buffer_pl_clk_0.PL_CLK_0_BUFG/O
    X7Y4 (CLOCK_ROOT)    net (fo=705, estimated)      4.360     4.465    u_ila_0/inst/tc_axis_mu8/inst/clk
    SLICE_X312Y168       FDRE                                         r  u_ila_0/inst/tc_axis_mu8/inst/MU_EQ.match_int_reg/C
  -------------------------------------------------------------------    -------------------
    SLICE_X312Y168       FDRE (Prop_FFF_SLICEL_C_Q)
                                                      0.092     4.557 r  u_ila_0/inst/tc_axis_mu8/inst/MU_EQ.match_int_reg/Q
                         net (fo=1, estimated)        0.215     4.772    u_ila_0/inst/tc_axis_mu8/inst/match_int
    SLICE_X312Y168       LUT2 (Prop_D6LUT_SLICEL_I1_O)
                                                      0.048     4.820 r  u_ila_0/inst/tc_axis_mu8/inst/match_out_INST_0/O
                         net (fo=1, estimated)        0.288     5.108    u_ila_0/inst/axis_ila_adv_trig/inst/u_adv_trig/TRIGGER_EQ[8]
    SLICE_X316Y166       LUT6 (Prop_D6LUT_SLICEL_I5_O)
                                                      0.087     5.195 r  u_ila_0/inst/axis_ila_adv_trig/inst/u_adv_trig/fsm_mem_data_reg_r1_0_63_0_6_i_6/O
                         net (fo=1, estimated)        0.289     5.484    u_ila_0/inst/axis_ila_adv_trig/inst/u_adv_trig/fsm_mem_data_reg_r1_0_63_0_6_i_6_n_0
    SLICE_X321Y167       LUT6 (Prop_B6LUT_SLICEM_I1_O)
                                                      0.075     5.559 r  u_ila_0/inst/axis_ila_adv_trig/inst/u_adv_trig/fsm_mem_data_reg_r1_0_63_0_6_i_1/O
                         net (fo=48, estimated)       0.452     6.011    u_ila_0/inst/axis_ila_adv_trig/inst/u_adv_trig/fsm_mem_data_reg_r1_64_127_7_13/RAMD/RADR2
    SLICE_X321Y142       RAMD64E5 (Prop_D6LUT_SLICEM_ADR2_O)
                                                      0.087     6.098 r  u_ila_0/inst/axis_ila_adv_trig/inst/u_adv_trig/fsm_mem_data_reg_r1_64_127_7_13/RAMD/RAMD64_INST/O
                         net (fo=1, estimated)        0.208     6.306    u_ila_0/inst/axis_ila_adv_trig/inst/u_adv_trig/fsm_mem_data_reg_r1_64_127_7_13_n_3
    SLICE_X320Y141       LUT4 (Prop_E5LUT_SLICEL_I3_O)
                                                      0.079     6.385 r  u_ila_0/inst/axis_ila_adv_trig/inst/u_adv_trig/CNT_CTRL_O[6]_INST_0/O
                         net (fo=1, estimated)        0.424     6.809    u_ila_0/inst/axis_ila_adv_trig/inst/u_count/G_COUNTER[4].U_COUNTER/CNT_CTRL[0]
    SLICE_X323Y133       LUT4 (Prop_H6LUT_SLICEM_I2_O)
                                                      0.030     6.839 r  u_ila_0/inst/axis_ila_adv_trig/inst/u_count/G_COUNTER[4].U_COUNTER/counter[16]_i_3/O
                         net (fo=18, estimated)       0.269     7.108    u_ila_0/inst/axis_ila_adv_trig/inst/u_count/G_COUNTER[4].U_COUNTER/counter[16]_i_3_n_0
    SLICE_X323Y132       LUT2 (Prop_B6LUT_SLICEM_I1_O)
                                                      0.029     7.137 r  u_ila_0/inst/axis_ila_adv_trig/inst/u_count/G_COUNTER[4].U_COUNTER/counter[16]_i_1/O
                         net (fo=17, estimated)       0.379     7.516    u_ila_0/inst/axis_ila_adv_trig/inst/u_count/G_COUNTER[4].U_COUNTER/counter[16]_i_1_n_0
    SLICE_X323Y125       FDRE                                         r  u_ila_0/inst/axis_ila_adv_trig/inst/u_count/G_COUNTER[4].U_COUNTER/counter_reg[7]/CE
  -------------------------------------------------------------------    -------------------

                         (clock clk_pl_0 rise edge)
                                                      4.166     4.166 r  
    PS9_X0Y0             PS9                          0.000     4.166 r  hemaia_system_i/versal_cips_0/inst/pspmc_0/inst/PS9_inst/PMCRCLKCLK[0]
                         net (fo=1, estimated)        0.000     4.166    hemaia_system_i/versal_cips_0/inst/pspmc_0/inst/pmc_pl_ref_clk[0]
    BUFG_PS_X0Y6         BUFG_PS (Prop_BUFG_PS_I_O)
                                                      0.057     4.223 r  hemaia_system_i/versal_cips_0/inst/pspmc_0/inst/buffer_pl_clk_0.PL_CLK_0_BUFG/O
    X7Y4 (CLOCK_ROOT)    net (fo=705, estimated)      3.845     8.068    u_ila_0/inst/axis_ila_adv_trig/inst/u_count/G_COUNTER[4].U_COUNTER/CLK
    SLICE_X323Y125       FDRE                                         r  u_ila_0/inst/axis_ila_adv_trig/inst/u_count/G_COUNTER[4].U_COUNTER/counter_reg[7]/C
                         clock pessimism              0.461     8.529    
                         clock uncertainty           -0.107     8.421    
    SLICE_X323Y125       FDRE (Setup_BFF_SLICEM_C_CE)
                                                     -0.087     8.334    u_ila_0/inst/axis_ila_adv_trig/inst/u_count/G_COUNTER[4].U_COUNTER/counter_reg[7]
  -------------------------------------------------------------------
                         required time                          8.334    
                         arrival time                          -7.516    
  -------------------------------------------------------------------
                         slack                                  0.819    

Slack (MET) :             0.828ns  (required time - arrival time)
  Source:                 u_ila_0/inst/tc_axis_mu30/inst/MU_EQ.match_int_reg/C
                            (rising edge-triggered cell FDRE clocked by clk_pl_0  {rise@0.000ns fall@2.083ns period=4.166ns})
  Destination:            u_ila_0/inst/axis_ila_adv_trig/inst/u_count/G_COUNTER[1].U_COUNTER/counter_reg[13]/D
                            (rising edge-triggered cell FDRE clocked by clk_pl_0  {rise@0.000ns fall@2.083ns period=4.166ns})
  Path Group:             clk_pl_0
  Path Type:              Setup (Max at Slow Process Corner)
  Requirement:            4.166ns  (clk_pl_0 rise@4.166ns - clk_pl_0 rise@0.000ns)
  Data Path Delay:        3.154ns  (logic 0.513ns (16.265%)  route 2.641ns (83.735%))
  Logic Levels:           7  (LUT2=1 LUT4=2 LUT5=1 LUT6=2 RAMD64E5=1)
  Clock Path Skew:        -0.085ns (DCD - SCD + CPR)
    Destination Clock Delay (DCD):    3.916ns = ( 8.082 - 4.166 ) 
    Source Clock Delay      (SCD):    4.462ns
    Clock Pessimism Removal (CPR):    0.461ns
  Clock Uncertainty:      0.107ns  (CJ)/2 + PE + PJ
    Clock Jitter             (CJ):    0.215ns
    Phase Error              (PE):    0.000ns
    Phase Jitter             (PJ):    0.000ns
  Clock Net Delay (Source):      4.357ns (routing 1.924ns, distribution 2.432ns)
  Clock Net Delay (Destination): 3.859ns (routing 1.730ns, distribution 2.128ns)

    Location             Delay type                Incr(ns)  Path(ns)    Netlist Resource(s)
  -------------------------------------------------------------------    -------------------
                         (clock clk_pl_0 rise edge)
                                                      0.000     0.000 r  
    PS9_X0Y0             PS9                          0.000     0.000 r  hemaia_system_i/versal_cips_0/inst/pspmc_0/inst/PS9_inst/PMCRCLKCLK[0]
                         net (fo=1, estimated)        0.000     0.000    hemaia_system_i/versal_cips_0/inst/pspmc_0/inst/pmc_pl_ref_clk[0]
    BUFG_PS_X0Y6         BUFG_PS (Prop_BUFG_PS_I_O)
                                                      0.105     0.105 r  hemaia_system_i/versal_cips_0/inst/pspmc_0/inst/buffer_pl_clk_0.PL_CLK_0_BUFG/O
    X7Y4 (CLOCK_ROOT)    net (fo=705, estimated)      4.357     4.462    u_ila_0/inst/tc_axis_mu30/inst/clk
    SLICE_X318Y161       FDRE                                         r  u_ila_0/inst/tc_axis_mu30/inst/MU_EQ.match_int_reg/C
  -------------------------------------------------------------------    -------------------
    SLICE_X318Y161       FDRE (Prop_AFF2_SLICEL_C_Q)
                                                      0.092     4.554 r  u_ila_0/inst/tc_axis_mu30/inst/MU_EQ.match_int_reg/Q
                         net (fo=1, estimated)        0.215     4.769    u_ila_0/inst/tc_axis_mu30/inst/match_int
    SLICE_X318Y161       LUT2 (Prop_C6LUT_SLICEL_I1_O)
                                                      0.028     4.797 r  u_ila_0/inst/tc_axis_mu30/inst/match_out_INST_0/O
                         net (fo=1, estimated)        0.362     5.159    u_ila_0/inst/axis_ila_adv_trig/inst/u_adv_trig/TRIGGER_EQ[30]
    SLICE_X317Y168       LUT6 (Prop_B6LUT_SLICEM_I1_O)
                                                      0.029     5.188 r  u_ila_0/inst/axis_ila_adv_trig/inst/u_adv_trig/fsm_mem_data_reg_r1_0_63_0_6_i_9/O
                         net (fo=1, estimated)        0.252     5.440    u_ila_0/inst/axis_ila_adv_trig/inst/u_adv_trig/fsm_mem_data_reg_r1_0_63_0_6_i_9_n_0
    SLICE_X318Y169       LUT6 (Prop_B6LUT_SLICEL_I0_O)
                                                      0.073     5.513 r  u_ila_0/inst/axis_ila_adv_trig/inst/u_adv_trig/fsm_mem_data_reg_r1_0_63_0_6_i_2/O
                         net (fo=48, estimated)       0.478     5.991    u_ila_0/inst/axis_ila_adv_trig/inst/u_adv_trig/fsm_mem_data_reg_r1_64_127_0_6/RAME/RADR1
    SLICE_X323Y145       RAMD64E5 (Prop_E6LUT_SLICEM_ADR1_O)
                                                      0.119     6.110 r  u_ila_0/inst/axis_ila_adv_trig/inst/u_adv_trig/fsm_mem_data_reg_r1_64_127_0_6/RAME/RAMD64_INST/O
                         net (fo=1, estimated)        0.208     6.318    u_ila_0/inst/axis_ila_adv_trig/inst/u_adv_trig/fsm_mem_data_reg_r1_64_127_0_6_n_4
    SLICE_X320Y145       LUT4 (Prop_G6LUT_SLICEL_I3_O)
                                                      0.080     6.398 r  u_ila_0/inst/axis_ila_adv_trig/inst/u_adv_trig/CNT_CTRL_O[0]_INST_0/O
                         net (fo=1, estimated)        0.440     6.838    u_ila_0/inst/axis_ila_adv_trig/inst/u_count/G_COUNTER[1].U_COUNTER/CNT_CTRL[0]
    SLICE_X323Y135       LUT4 (Prop_H6LUT_SLICEM_I2_O)
                                                      0.030     6.868 r  u_ila_0/inst/axis_ila_adv_trig/inst/u_count/G_COUNTER[1].U_COUNTER/counter[16]_i_3/O
                         net (fo=18, estimated)       0.355     7.223    u_ila_0/inst/axis_ila_adv_trig/inst/u_count/G_COUNTER[1].U_COUNTER/counter[16]_i_3_n_0
    SLICE_X323Y123       LUT5 (Prop_E6LUT_SLICEM_I2_O)
                                                      0.062     7.285 r  u_ila_0/inst/axis_ila_adv_trig/inst/u_count/G_COUNTER[1].U_COUNTER/counter[13]_i_1/O
                         net (fo=1, estimated)        0.331     7.616    u_ila_0/inst/axis_ila_adv_trig/inst/u_count/G_COUNTER[1].U_COUNTER/p_1_in[13]
    SLICE_X322Y123       FDRE                                         r  u_ila_0/inst/axis_ila_adv_trig/inst/u_count/G_COUNTER[1].U_COUNTER/counter_reg[13]/D
  -------------------------------------------------------------------    -------------------

                         (clock clk_pl_0 rise edge)
                                                      4.166     4.166 r  
    PS9_X0Y0             PS9                          0.000     4.166 r  hemaia_system_i/versal_cips_0/inst/pspmc_0/inst/PS9_inst/PMCRCLKCLK[0]
                         net (fo=1, estimated)        0.000     4.166    hemaia_system_i/versal_cips_0/inst/pspmc_0/inst/pmc_pl_ref_clk[0]
    BUFG_PS_X0Y6         BUFG_PS (Prop_BUFG_PS_I_O)
                                                      0.057     4.223 r  hemaia_system_i/versal_cips_0/inst/pspmc_0/inst/buffer_pl_clk_0.PL_CLK_0_BUFG/O
    X7Y4 (CLOCK_ROOT)    net (fo=705, estimated)      3.859     8.082    u_ila_0/inst/axis_ila_adv_trig/inst/u_count/G_COUNTER[1].U_COUNTER/CLK
    SLICE_X322Y123       FDRE                                         r  u_ila_0/inst/axis_ila_adv_trig/inst/u_count/G_COUNTER[1].U_COUNTER/counter_reg[13]/C
                         clock pessimism              0.461     8.543    
                         clock uncertainty           -0.107     8.435    
    SLICE_X322Y123       FDRE (Setup_BFF_SLICEL_C_D)
                                                      0.008     8.443    u_ila_0/inst/axis_ila_adv_trig/inst/u_count/G_COUNTER[1].U_COUNTER/counter_reg[13]
  -------------------------------------------------------------------
                         required time                          8.443    
                         arrival time                          -7.616    
  -------------------------------------------------------------------
                         slack                                  0.828    

Slack (MET) :             0.828ns  (required time - arrival time)
  Source:                 u_ila_0/inst/tc_axis_mu30/inst/MU_EQ.match_int_reg/C
                            (rising edge-triggered cell FDRE clocked by clk_pl_0  {rise@0.000ns fall@2.083ns period=4.166ns})
  Destination:            u_ila_0/inst/axis_ila_adv_trig/inst/u_count/G_COUNTER[1].U_COUNTER/counter_reg[15]/CE
                            (rising edge-triggered cell FDRE clocked by clk_pl_0  {rise@0.000ns fall@2.083ns period=4.166ns})
  Path Group:             clk_pl_0
  Path Type:              Setup (Max at Slow Process Corner)
  Requirement:            4.166ns  (clk_pl_0 rise@4.166ns - clk_pl_0 rise@0.000ns)
  Data Path Delay:        3.057ns  (logic 0.479ns (15.669%)  route 2.578ns (84.331%))
  Logic Levels:           7  (LUT2=2 LUT4=2 LUT6=2 RAMD64E5=1)
  Clock Path Skew:        -0.085ns (DCD - SCD + CPR)
    Destination Clock Delay (DCD):    3.916ns = ( 8.082 - 4.166 ) 
    Source Clock Delay      (SCD):    4.462ns
    Clock Pessimism Removal (CPR):    0.461ns
  Clock Uncertainty:      0.107ns  (CJ)/2 + PE + PJ
    Clock Jitter             (CJ):    0.215ns
    Phase Error              (PE):    0.000ns
    Phase Jitter             (PJ):    0.000ns
  Clock Net Delay (Source):      4.357ns (routing 1.924ns, distribution 2.432ns)
  Clock Net Delay (Destination): 3.859ns (routing 1.730ns, distribution 2.128ns)

    Location             Delay type                Incr(ns)  Path(ns)    Netlist Resource(s)
  -------------------------------------------------------------------    -------------------
                         (clock clk_pl_0 rise edge)
                                                      0.000     0.000 r  
    PS9_X0Y0             PS9                          0.000     0.000 r  hemaia_system_i/versal_cips_0/inst/pspmc_0/inst/PS9_inst/PMCRCLKCLK[0]
                         net (fo=1, estimated)        0.000     0.000    hemaia_system_i/versal_cips_0/inst/pspmc_0/inst/pmc_pl_ref_clk[0]
    BUFG_PS_X0Y6         BUFG_PS (Prop_BUFG_PS_I_O)
                                                      0.105     0.105 r  hemaia_system_i/versal_cips_0/inst/pspmc_0/inst/buffer_pl_clk_0.PL_CLK_0_BUFG/O
    X7Y4 (CLOCK_ROOT)    net (fo=705, estimated)      4.357     4.462    u_ila_0/inst/tc_axis_mu30/inst/clk
    SLICE_X318Y161       FDRE                                         r  u_ila_0/inst/tc_axis_mu30/inst/MU_EQ.match_int_reg/C
  -------------------------------------------------------------------    -------------------
    SLICE_X318Y161       FDRE (Prop_AFF2_SLICEL_C_Q)
                                                      0.092     4.554 r  u_ila_0/inst/tc_axis_mu30/inst/MU_EQ.match_int_reg/Q
                         net (fo=1, estimated)        0.215     4.769    u_ila_0/inst/tc_axis_mu30/inst/match_int
    SLICE_X318Y161       LUT2 (Prop_C6LUT_SLICEL_I1_O)
                                                      0.028     4.797 r  u_ila_0/inst/tc_axis_mu30/inst/match_out_INST_0/O
                         net (fo=1, estimated)        0.362     5.159    u_ila_0/inst/axis_ila_adv_trig/inst/u_adv_trig/TRIGGER_EQ[30]
    SLICE_X317Y168       LUT6 (Prop_B6LUT_SLICEM_I1_O)
                                                      0.029     5.188 r  u_ila_0/inst/axis_ila_adv_trig/inst/u_adv_trig/fsm_mem_data_reg_r1_0_63_0_6_i_9/O
                         net (fo=1, estimated)        0.252     5.440    u_ila_0/inst/axis_ila_adv_trig/inst/u_adv_trig/fsm_mem_data_reg_r1_0_63_0_6_i_9_n_0
    SLICE_X318Y169       LUT6 (Prop_B6LUT_SLICEL_I0_O)
                                                      0.073     5.513 r  u_ila_0/inst/axis_ila_adv_trig/inst/u_adv_trig/fsm_mem_data_reg_r1_0_63_0_6_i_2/O
                         net (fo=48, estimated)       0.478     5.991    u_ila_0/inst/axis_ila_adv_trig/inst/u_adv_trig/fsm_mem_data_reg_r1_64_127_0_6/RAME/RADR1
    SLICE_X323Y145       RAMD64E5 (Prop_E6LUT_SLICEM_ADR1_O)
                                                      0.119     6.110 r  u_ila_0/inst/axis_ila_adv_trig/inst/u_adv_trig/fsm_mem_data_reg_r1_64_127_0_6/RAME/RAMD64_INST/O
                         net (fo=1, estimated)        0.208     6.318    u_ila_0/inst/axis_ila_adv_trig/inst/u_adv_trig/fsm_mem_data_reg_r1_64_127_0_6_n_4
    SLICE_X320Y145       LUT4 (Prop_G6LUT_SLICEL_I3_O)
                                                      0.080     6.398 r  u_ila_0/inst/axis_ila_adv_trig/inst/u_adv_trig/CNT_CTRL_O[0]_INST_0/O
                         net (fo=1, estimated)        0.440     6.838    u_ila_0/inst/axis_ila_adv_trig/inst/u_count/G_COUNTER[1].U_COUNTER/CNT_CTRL[0]
    SLICE_X323Y135       LUT4 (Prop_H6LUT_SLICEM_I2_O)
                                                      0.030     6.868 r  u_ila_0/inst/axis_ila_adv_trig/inst/u_count/G_COUNTER[1].U_COUNTER/counter[16]_i_3/O
                         net (fo=18, estimated)       0.247     7.115    u_ila_0/inst/axis_ila_adv_trig/inst/u_count/G_COUNTER[1].U_COUNTER/counter[16]_i_3_n_0
    SLICE_X322Y134       LUT2 (Prop_C6LUT_SLICEL_I1_O)
                                                      0.028     7.143 r  u_ila_0/inst/axis_ila_adv_trig/inst/u_count/G_COUNTER[1].U_COUNTER/counter[16]_i_1/O
                         net (fo=17, estimated)       0.376     7.519    u_ila_0/inst/axis_ila_adv_trig/inst/u_count/G_COUNTER[1].U_COUNTER/counter[16]_i_1_n_0
    SLICE_X322Y123       FDRE                                         r  u_ila_0/inst/axis_ila_adv_trig/inst/u_count/G_COUNTER[1].U_COUNTER/counter_reg[15]/CE
  -------------------------------------------------------------------    -------------------

                         (clock clk_pl_0 rise edge)
                                                      4.166     4.166 r  
    PS9_X0Y0             PS9                          0.000     4.166 r  hemaia_system_i/versal_cips_0/inst/pspmc_0/inst/PS9_inst/PMCRCLKCLK[0]
                         net (fo=1, estimated)        0.000     4.166    hemaia_system_i/versal_cips_0/inst/pspmc_0/inst/pmc_pl_ref_clk[0]
    BUFG_PS_X0Y6         BUFG_PS (Prop_BUFG_PS_I_O)
                                                      0.057     4.223 r  hemaia_system_i/versal_cips_0/inst/pspmc_0/inst/buffer_pl_clk_0.PL_CLK_0_BUFG/O
    X7Y4 (CLOCK_ROOT)    net (fo=705, estimated)      3.859     8.082    u_ila_0/inst/axis_ila_adv_trig/inst/u_count/G_COUNTER[1].U_COUNTER/CLK
    SLICE_X322Y123       FDRE                                         r  u_ila_0/inst/axis_ila_adv_trig/inst/u_count/G_COUNTER[1].U_COUNTER/counter_reg[15]/C
                         clock pessimism              0.461     8.543    
                         clock uncertainty           -0.107     8.435    
    SLICE_X322Y123       FDRE (Setup_CFF2_SLICEL_C_CE)
                                                     -0.089     8.346    u_ila_0/inst/axis_ila_adv_trig/inst/u_count/G_COUNTER[1].U_COUNTER/counter_reg[15]
  -------------------------------------------------------------------
                         required time                          8.346    
                         arrival time                          -7.519    
  -------------------------------------------------------------------
                         slack                                  0.828    

Slack (MET) :             0.828ns  (required time - arrival time)
  Source:                 u_ila_0/inst/tc_axis_mu30/inst/MU_EQ.match_int_reg/C
                            (rising edge-triggered cell FDRE clocked by clk_pl_0  {rise@0.000ns fall@2.083ns period=4.166ns})
  Destination:            u_ila_0/inst/axis_ila_adv_trig/inst/u_count/G_COUNTER[1].U_COUNTER/counter_reg[16]/CE
                            (rising edge-triggered cell FDRE clocked by clk_pl_0  {rise@0.000ns fall@2.083ns period=4.166ns})
  Path Group:             clk_pl_0
  Path Type:              Setup (Max at Slow Process Corner)
  Requirement:            4.166ns  (clk_pl_0 rise@4.166ns - clk_pl_0 rise@0.000ns)
  Data Path Delay:        3.057ns  (logic 0.479ns (15.669%)  route 2.578ns (84.331%))
  Logic Levels:           7  (LUT2=2 LUT4=2 LUT6=2 RAMD64E5=1)
  Clock Path Skew:        -0.085ns (DCD - SCD + CPR)
    Destination Clock Delay (DCD):    3.916ns = ( 8.082 - 4.166 ) 
    Source Clock Delay      (SCD):    4.462ns
    Clock Pessimism Removal (CPR):    0.461ns
  Clock Uncertainty:      0.107ns  (CJ)/2 + PE + PJ
    Clock Jitter             (CJ):    0.215ns
    Phase Error              (PE):    0.000ns
    Phase Jitter             (PJ):    0.000ns
  Clock Net Delay (Source):      4.357ns (routing 1.924ns, distribution 2.432ns)
  Clock Net Delay (Destination): 3.859ns (routing 1.730ns, distribution 2.128ns)

    Location             Delay type                Incr(ns)  Path(ns)    Netlist Resource(s)
  -------------------------------------------------------------------    -------------------
                         (clock clk_pl_0 rise edge)
                                                      0.000     0.000 r  
    PS9_X0Y0             PS9                          0.000     0.000 r  hemaia_system_i/versal_cips_0/inst/pspmc_0/inst/PS9_inst/PMCRCLKCLK[0]
                         net (fo=1, estimated)        0.000     0.000    hemaia_system_i/versal_cips_0/inst/pspmc_0/inst/pmc_pl_ref_clk[0]
    BUFG_PS_X0Y6         BUFG_PS (Prop_BUFG_PS_I_O)
                                                      0.105     0.105 r  hemaia_system_i/versal_cips_0/inst/pspmc_0/inst/buffer_pl_clk_0.PL_CLK_0_BUFG/O
    X7Y4 (CLOCK_ROOT)    net (fo=705, estimated)      4.357     4.462    u_ila_0/inst/tc_axis_mu30/inst/clk
    SLICE_X318Y161       FDRE                                         r  u_ila_0/inst/tc_axis_mu30/inst/MU_EQ.match_int_reg/C
  -------------------------------------------------------------------    -------------------
    SLICE_X318Y161       FDRE (Prop_AFF2_SLICEL_C_Q)
                                                      0.092     4.554 r  u_ila_0/inst/tc_axis_mu30/inst/MU_EQ.match_int_reg/Q
                         net (fo=1, estimated)        0.215     4.769    u_ila_0/inst/tc_axis_mu30/inst/match_int
    SLICE_X318Y161       LUT2 (Prop_C6LUT_SLICEL_I1_O)
                                                      0.028     4.797 r  u_ila_0/inst/tc_axis_mu30/inst/match_out_INST_0/O
                         net (fo=1, estimated)        0.362     5.159    u_ila_0/inst/axis_ila_adv_trig/inst/u_adv_trig/TRIGGER_EQ[30]
    SLICE_X317Y168       LUT6 (Prop_B6LUT_SLICEM_I1_O)
                                                      0.029     5.188 r  u_ila_0/inst/axis_ila_adv_trig/inst/u_adv_trig/fsm_mem_data_reg_r1_0_63_0_6_i_9/O
                         net (fo=1, estimated)        0.252     5.440    u_ila_0/inst/axis_ila_adv_trig/inst/u_adv_trig/fsm_mem_data_reg_r1_0_63_0_6_i_9_n_0
    SLICE_X318Y169       LUT6 (Prop_B6LUT_SLICEL_I0_O)
                                                      0.073     5.513 r  u_ila_0/inst/axis_ila_adv_trig/inst/u_adv_trig/fsm_mem_data_reg_r1_0_63_0_6_i_2/O
                         net (fo=48, estimated)       0.478     5.991    u_ila_0/inst/axis_ila_adv_trig/inst/u_adv_trig/fsm_mem_data_reg_r1_64_127_0_6/RAME/RADR1
    SLICE_X323Y145       RAMD64E5 (Prop_E6LUT_SLICEM_ADR1_O)
                                                      0.119     6.110 r  u_ila_0/inst/axis_ila_adv_trig/inst/u_adv_trig/fsm_mem_data_reg_r1_64_127_0_6/RAME/RAMD64_INST/O
                         net (fo=1, estimated)        0.208     6.318    u_ila_0/inst/axis_ila_adv_trig/inst/u_adv_trig/fsm_mem_data_reg_r1_64_127_0_6_n_4
    SLICE_X320Y145       LUT4 (Prop_G6LUT_SLICEL_I3_O)
                                                      0.080     6.398 r  u_ila_0/inst/axis_ila_adv_trig/inst/u_adv_trig/CNT_CTRL_O[0]_INST_0/O
                         net (fo=1, estimated)        0.440     6.838    u_ila_0/inst/axis_ila_adv_trig/inst/u_count/G_COUNTER[1].U_COUNTER/CNT_CTRL[0]
    SLICE_X323Y135       LUT4 (Prop_H6LUT_SLICEM_I2_O)
                                                      0.030     6.868 r  u_ila_0/inst/axis_ila_adv_trig/inst/u_count/G_COUNTER[1].U_COUNTER/counter[16]_i_3/O
                         net (fo=18, estimated)       0.247     7.115    u_ila_0/inst/axis_ila_adv_trig/inst/u_count/G_COUNTER[1].U_COUNTER/counter[16]_i_3_n_0
    SLICE_X322Y134       LUT2 (Prop_C6LUT_SLICEL_I1_O)
                                                      0.028     7.143 r  u_ila_0/inst/axis_ila_adv_trig/inst/u_count/G_COUNTER[1].U_COUNTER/counter[16]_i_1/O
                         net (fo=17, estimated)       0.376     7.519    u_ila_0/inst/axis_ila_adv_trig/inst/u_count/G_COUNTER[1].U_COUNTER/counter[16]_i_1_n_0
    SLICE_X322Y123       FDRE                                         r  u_ila_0/inst/axis_ila_adv_trig/inst/u_count/G_COUNTER[1].U_COUNTER/counter_reg[16]/CE
  -------------------------------------------------------------------    -------------------

                         (clock clk_pl_0 rise edge)
                                                      4.166     4.166 r  
    PS9_X0Y0             PS9                          0.000     4.166 r  hemaia_system_i/versal_cips_0/inst/pspmc_0/inst/PS9_inst/PMCRCLKCLK[0]
                         net (fo=1, estimated)        0.000     4.166    hemaia_system_i/versal_cips_0/inst/pspmc_0/inst/pmc_pl_ref_clk[0]
    BUFG_PS_X0Y6         BUFG_PS (Prop_BUFG_PS_I_O)
                                                      0.057     4.223 r  hemaia_system_i/versal_cips_0/inst/pspmc_0/inst/buffer_pl_clk_0.PL_CLK_0_BUFG/O
    X7Y4 (CLOCK_ROOT)    net (fo=705, estimated)      3.859     8.082    u_ila_0/inst/axis_ila_adv_trig/inst/u_count/G_COUNTER[1].U_COUNTER/CLK
    SLICE_X322Y123       FDRE                                         r  u_ila_0/inst/axis_ila_adv_trig/inst/u_count/G_COUNTER[1].U_COUNTER/counter_reg[16]/C
                         clock pessimism              0.461     8.543    
                         clock uncertainty           -0.107     8.435    
    SLICE_X322Y123       FDRE (Setup_CFF_SLICEL_C_CE)
                                                     -0.089     8.346    u_ila_0/inst/axis_ila_adv_trig/inst/u_count/G_COUNTER[1].U_COUNTER/counter_reg[16]
  -------------------------------------------------------------------
                         required time                          8.346    
                         arrival time                          -7.519    
  -------------------------------------------------------------------
                         slack                                  0.828    

Slack (MET) :             0.828ns  (required time - arrival time)
  Source:                 u_ila_0/inst/tc_axis_mu30/inst/MU_EQ.match_int_reg/C
                            (rising edge-triggered cell FDRE clocked by clk_pl_0  {rise@0.000ns fall@2.083ns period=4.166ns})
  Destination:            u_ila_0/inst/axis_ila_adv_trig/inst/u_count/G_COUNTER[1].U_COUNTER/counter_reg[4]/CE
                            (rising edge-triggered cell FDRE clocked by clk_pl_0  {rise@0.000ns fall@2.083ns period=4.166ns})
  Path Group:             clk_pl_0
  Path Type:              Setup (Max at Slow Process Corner)
  Requirement:            4.166ns  (clk_pl_0 rise@4.166ns - clk_pl_0 rise@0.000ns)
  Data Path Delay:        3.043ns  (logic 0.479ns (15.741%)  route 2.564ns (84.259%))
  Logic Levels:           7  (LUT2=2 LUT4=2 LUT6=2 RAMD64E5=1)
  Clock Path Skew:        -0.101ns (DCD - SCD + CPR)
    Destination Clock Delay (DCD):    3.900ns = ( 8.066 - 4.166 ) 
    Source Clock Delay      (SCD):    4.462ns
    Clock Pessimism Removal (CPR):    0.461ns
  Clock Uncertainty:      0.107ns  (CJ)/2 + PE + PJ
    Clock Jitter             (CJ):    0.215ns
    Phase Error              (PE):    0.000ns
    Phase Jitter             (PJ):    0.000ns
  Clock Net Delay (Source):      4.357ns (routing 1.924ns, distribution 2.432ns)
  Clock Net Delay (Destination): 3.843ns (routing 1.730ns, distribution 2.112ns)

    Location             Delay type                Incr(ns)  Path(ns)    Netlist Resource(s)
  -------------------------------------------------------------------    -------------------
                         (clock clk_pl_0 rise edge)
                                                      0.000     0.000 r  
    PS9_X0Y0             PS9                          0.000     0.000 r  hemaia_system_i/versal_cips_0/inst/pspmc_0/inst/PS9_inst/PMCRCLKCLK[0]
                         net (fo=1, estimated)        0.000     0.000    hemaia_system_i/versal_cips_0/inst/pspmc_0/inst/pmc_pl_ref_clk[0]
    BUFG_PS_X0Y6         BUFG_PS (Prop_BUFG_PS_I_O)
                                                      0.105     0.105 r  hemaia_system_i/versal_cips_0/inst/pspmc_0/inst/buffer_pl_clk_0.PL_CLK_0_BUFG/O
    X7Y4 (CLOCK_ROOT)    net (fo=705, estimated)      4.357     4.462    u_ila_0/inst/tc_axis_mu30/inst/clk
    SLICE_X318Y161       FDRE                                         r  u_ila_0/inst/tc_axis_mu30/inst/MU_EQ.match_int_reg/C
  -------------------------------------------------------------------    -------------------
    SLICE_X318Y161       FDRE (Prop_AFF2_SLICEL_C_Q)
                                                      0.092     4.554 r  u_ila_0/inst/tc_axis_mu30/inst/MU_EQ.match_int_reg/Q
                         net (fo=1, estimated)        0.215     4.769    u_ila_0/inst/tc_axis_mu30/inst/match_int
    SLICE_X318Y161       LUT2 (Prop_C6LUT_SLICEL_I1_O)
                                                      0.028     4.797 r  u_ila_0/inst/tc_axis_mu30/inst/match_out_INST_0/O
                         net (fo=1, estimated)        0.362     5.159    u_ila_0/inst/axis_ila_adv_trig/inst/u_adv_trig/TRIGGER_EQ[30]
    SLICE_X317Y168       LUT6 (Prop_B6LUT_SLICEM_I1_O)
                                                      0.029     5.188 r  u_ila_0/inst/axis_ila_adv_trig/inst/u_adv_trig/fsm_mem_data_reg_r1_0_63_0_6_i_9/O
                         net (fo=1, estimated)        0.252     5.440    u_ila_0/inst/axis_ila_adv_trig/inst/u_adv_trig/fsm_mem_data_reg_r1_0_63_0_6_i_9_n_0
    SLICE_X318Y169       LUT6 (Prop_B6LUT_SLICEL_I0_O)
                                                      0.073     5.513 r  u_ila_0/inst/axis_ila_adv_trig/inst/u_adv_trig/fsm_mem_data_reg_r1_0_63_0_6_i_2/O
                         net (fo=48, estimated)       0.478     5.991    u_ila_0/inst/axis_ila_adv_trig/inst/u_adv_trig/fsm_mem_data_reg_r1_64_127_0_6/RAME/RADR1
    SLICE_X323Y145       RAMD64E5 (Prop_E6LUT_SLICEM_ADR1_O)
                                                      0.119     6.110 r  u_ila_0/inst/axis_ila_adv_trig/inst/u_adv_trig/fsm_mem_data_reg_r1_64_127_0_6/RAME/RAMD64_INST/O
                         net (fo=1, estimated)        0.208     6.318    u_ila_0/inst/axis_ila_adv_trig/inst/u_adv_trig/fsm_mem_data_reg_r1_64_127_0_6_n_4
    SLICE_X320Y145       LUT4 (Prop_G6LUT_SLICEL_I3_O)
                                                      0.080     6.398 r  u_ila_0/inst/axis_ila_adv_trig/inst/u_adv_trig/CNT_CTRL_O[0]_INST_0/O
                         net (fo=1, estimated)        0.440     6.838    u_ila_0/inst/axis_ila_adv_trig/inst/u_count/G_COUNTER[1].U_COUNTER/CNT_CTRL[0]
    SLICE_X323Y135       LUT4 (Prop_H6LUT_SLICEM_I2_O)
                                                      0.030     6.868 r  u_ila_0/inst/axis_ila_adv_trig/inst/u_count/G_COUNTER[1].U_COUNTER/counter[16]_i_3/O
                         net (fo=18, estimated)       0.247     7.115    u_ila_0/inst/axis_ila_adv_trig/inst/u_count/G_COUNTER[1].U_COUNTER/counter[16]_i_3_n_0
    SLICE_X322Y134       LUT2 (Prop_C6LUT_SLICEL_I1_O)
                                                      0.028     7.143 r  u_ila_0/inst/axis_ila_adv_trig/inst/u_count/G_COUNTER[1].U_COUNTER/counter[16]_i_1/O
                         net (fo=17, estimated)       0.362     7.505    u_ila_0/inst/axis_ila_adv_trig/inst/u_count/G_COUNTER[1].U_COUNTER/counter[16]_i_1_n_0
    SLICE_X322Y124       FDRE                                         r  u_ila_0/inst/axis_ila_adv_trig/inst/u_count/G_COUNTER[1].U_COUNTER/counter_reg[4]/CE
  -------------------------------------------------------------------    -------------------

                         (clock clk_pl_0 rise edge)
                                                      4.166     4.166 r  
    PS9_X0Y0             PS9                          0.000     4.166 r  hemaia_system_i/versal_cips_0/inst/pspmc_0/inst/PS9_inst/PMCRCLKCLK[0]
                         net (fo=1, estimated)        0.000     4.166    hemaia_system_i/versal_cips_0/inst/pspmc_0/inst/pmc_pl_ref_clk[0]
    BUFG_PS_X0Y6         BUFG_PS (Prop_BUFG_PS_I_O)
                                                      0.057     4.223 r  hemaia_system_i/versal_cips_0/inst/pspmc_0/inst/buffer_pl_clk_0.PL_CLK_0_BUFG/O
    X7Y4 (CLOCK_ROOT)    net (fo=705, estimated)      3.843     8.066    u_ila_0/inst/axis_ila_adv_trig/inst/u_count/G_COUNTER[1].U_COUNTER/CLK
    SLICE_X322Y124       FDRE                                         r  u_ila_0/inst/axis_ila_adv_trig/inst/u_count/G_COUNTER[1].U_COUNTER/counter_reg[4]/C
                         clock pessimism              0.461     8.527    
                         clock uncertainty           -0.107     8.419    
    SLICE_X322Y124       FDRE (Setup_AFF_SLICEL_C_CE)
                                                     -0.087     8.332    u_ila_0/inst/axis_ila_adv_trig/inst/u_count/G_COUNTER[1].U_COUNTER/counter_reg[4]
  -------------------------------------------------------------------
                         required time                          8.332    
                         arrival time                          -7.505    
  -------------------------------------------------------------------
                         slack                                  0.828    

Slack (MET) :             0.828ns  (required time - arrival time)
  Source:                 u_ila_0/inst/tc_axis_mu30/inst/MU_EQ.match_int_reg/C
                            (rising edge-triggered cell FDRE clocked by clk_pl_0  {rise@0.000ns fall@2.083ns period=4.166ns})
  Destination:            u_ila_0/inst/axis_ila_adv_trig/inst/u_count/G_COUNTER[1].U_COUNTER/counter_reg[5]/CE
                            (rising edge-triggered cell FDRE clocked by clk_pl_0  {rise@0.000ns fall@2.083ns period=4.166ns})
  Path Group:             clk_pl_0
  Path Type:              Setup (Max at Slow Process Corner)
  Requirement:            4.166ns  (clk_pl_0 rise@4.166ns - clk_pl_0 rise@0.000ns)
  Data Path Delay:        3.043ns  (logic 0.479ns (15.741%)  route 2.564ns (84.259%))
  Logic Levels:           7  (LUT2=2 LUT4=2 LUT6=2 RAMD64E5=1)
  Clock Path Skew:        -0.101ns (DCD - SCD + CPR)
    Destination Clock Delay (DCD):    3.900ns = ( 8.066 - 4.166 ) 
    Source Clock Delay      (SCD):    4.462ns
    Clock Pessimism Removal (CPR):    0.461ns
  Clock Uncertainty:      0.107ns  (CJ)/2 + PE + PJ
    Clock Jitter             (CJ):    0.215ns
    Phase Error              (PE):    0.000ns
    Phase Jitter             (PJ):    0.000ns
  Clock Net Delay (Source):      4.357ns (routing 1.924ns, distribution 2.432ns)
  Clock Net Delay (Destination): 3.843ns (routing 1.730ns, distribution 2.112ns)

    Location             Delay type                Incr(ns)  Path(ns)    Netlist Resource(s)
  -------------------------------------------------------------------    -------------------
                         (clock clk_pl_0 rise edge)
                                                      0.000     0.000 r  
    PS9_X0Y0             PS9                          0.000     0.000 r  hemaia_system_i/versal_cips_0/inst/pspmc_0/inst/PS9_inst/PMCRCLKCLK[0]
                         net (fo=1, estimated)        0.000     0.000    hemaia_system_i/versal_cips_0/inst/pspmc_0/inst/pmc_pl_ref_clk[0]
    BUFG_PS_X0Y6         BUFG_PS (Prop_BUFG_PS_I_O)
                                                      0.105     0.105 r  hemaia_system_i/versal_cips_0/inst/pspmc_0/inst/buffer_pl_clk_0.PL_CLK_0_BUFG/O
    X7Y4 (CLOCK_ROOT)    net (fo=705, estimated)      4.357     4.462    u_ila_0/inst/tc_axis_mu30/inst/clk
    SLICE_X318Y161       FDRE                                         r  u_ila_0/inst/tc_axis_mu30/inst/MU_EQ.match_int_reg/C
  -------------------------------------------------------------------    -------------------
    SLICE_X318Y161       FDRE (Prop_AFF2_SLICEL_C_Q)
                                                      0.092     4.554 r  u_ila_0/inst/tc_axis_mu30/inst/MU_EQ.match_int_reg/Q
                         net (fo=1, estimated)        0.215     4.769    u_ila_0/inst/tc_axis_mu30/inst/match_int
    SLICE_X318Y161       LUT2 (Prop_C6LUT_SLICEL_I1_O)
                                                      0.028     4.797 r  u_ila_0/inst/tc_axis_mu30/inst/match_out_INST_0/O
                         net (fo=1, estimated)        0.362     5.159    u_ila_0/inst/axis_ila_adv_trig/inst/u_adv_trig/TRIGGER_EQ[30]
    SLICE_X317Y168       LUT6 (Prop_B6LUT_SLICEM_I1_O)
                                                      0.029     5.188 r  u_ila_0/inst/axis_ila_adv_trig/inst/u_adv_trig/fsm_mem_data_reg_r1_0_63_0_6_i_9/O
                         net (fo=1, estimated)        0.252     5.440    u_ila_0/inst/axis_ila_adv_trig/inst/u_adv_trig/fsm_mem_data_reg_r1_0_63_0_6_i_9_n_0
    SLICE_X318Y169       LUT6 (Prop_B6LUT_SLICEL_I0_O)
                                                      0.073     5.513 r  u_ila_0/inst/axis_ila_adv_trig/inst/u_adv_trig/fsm_mem_data_reg_r1_0_63_0_6_i_2/O
                         net (fo=48, estimated)       0.478     5.991    u_ila_0/inst/axis_ila_adv_trig/inst/u_adv_trig/fsm_mem_data_reg_r1_64_127_0_6/RAME/RADR1
    SLICE_X323Y145       RAMD64E5 (Prop_E6LUT_SLICEM_ADR1_O)
                                                      0.119     6.110 r  u_ila_0/inst/axis_ila_adv_trig/inst/u_adv_trig/fsm_mem_data_reg_r1_64_127_0_6/RAME/RAMD64_INST/O
                         net (fo=1, estimated)        0.208     6.318    u_ila_0/inst/axis_ila_adv_trig/inst/u_adv_trig/fsm_mem_data_reg_r1_64_127_0_6_n_4
    SLICE_X320Y145       LUT4 (Prop_G6LUT_SLICEL_I3_O)
                                                      0.080     6.398 r  u_ila_0/inst/axis_ila_adv_trig/inst/u_adv_trig/CNT_CTRL_O[0]_INST_0/O
                         net (fo=1, estimated)        0.440     6.838    u_ila_0/inst/axis_ila_adv_trig/inst/u_count/G_COUNTER[1].U_COUNTER/CNT_CTRL[0]
    SLICE_X323Y135       LUT4 (Prop_H6LUT_SLICEM_I2_O)
                                                      0.030     6.868 r  u_ila_0/inst/axis_ila_adv_trig/inst/u_count/G_COUNTER[1].U_COUNTER/counter[16]_i_3/O
                         net (fo=18, estimated)       0.247     7.115    u_ila_0/inst/axis_ila_adv_trig/inst/u_count/G_COUNTER[1].U_COUNTER/counter[16]_i_3_n_0
    SLICE_X322Y134       LUT2 (Prop_C6LUT_SLICEL_I1_O)
                                                      0.028     7.143 r  u_ila_0/inst/axis_ila_adv_trig/inst/u_count/G_COUNTER[1].U_COUNTER/counter[16]_i_1/O
                         net (fo=17, estimated)       0.362     7.505    u_ila_0/inst/axis_ila_adv_trig/inst/u_count/G_COUNTER[1].U_COUNTER/counter[16]_i_1_n_0
    SLICE_X322Y124       FDRE                                         r  u_ila_0/inst/axis_ila_adv_trig/inst/u_count/G_COUNTER[1].U_COUNTER/counter_reg[5]/CE
  -------------------------------------------------------------------    -------------------

                         (clock clk_pl_0 rise edge)
                                                      4.166     4.166 r  
    PS9_X0Y0             PS9                          0.000     4.166 r  hemaia_system_i/versal_cips_0/inst/pspmc_0/inst/PS9_inst/PMCRCLKCLK[0]
                         net (fo=1, estimated)        0.000     4.166    hemaia_system_i/versal_cips_0/inst/pspmc_0/inst/pmc_pl_ref_clk[0]
    BUFG_PS_X0Y6         BUFG_PS (Prop_BUFG_PS_I_O)
                                                      0.057     4.223 r  hemaia_system_i/versal_cips_0/inst/pspmc_0/inst/buffer_pl_clk_0.PL_CLK_0_BUFG/O
    X7Y4 (CLOCK_ROOT)    net (fo=705, estimated)      3.843     8.066    u_ila_0/inst/axis_ila_adv_trig/inst/u_count/G_COUNTER[1].U_COUNTER/CLK
    SLICE_X322Y124       FDRE                                         r  u_ila_0/inst/axis_ila_adv_trig/inst/u_count/G_COUNTER[1].U_COUNTER/counter_reg[5]/C
                         clock pessimism              0.461     8.527    
                         clock uncertainty           -0.107     8.419    
    SLICE_X322Y124       FDRE (Setup_AFF2_SLICEL_C_CE)
                                                     -0.087     8.332    u_ila_0/inst/axis_ila_adv_trig/inst/u_count/G_COUNTER[1].U_COUNTER/counter_reg[5]
  -------------------------------------------------------------------
                         required time                          8.332    
                         arrival time                          -7.505    
  -------------------------------------------------------------------
                         slack                                  0.828    

Slack (MET) :             0.828ns  (required time - arrival time)
  Source:                 u_ila_0/inst/tc_axis_mu30/inst/MU_EQ.match_int_reg/C
                            (rising edge-triggered cell FDRE clocked by clk_pl_0  {rise@0.000ns fall@2.083ns period=4.166ns})
  Destination:            u_ila_0/inst/axis_ila_adv_trig/inst/u_count/G_COUNTER[1].U_COUNTER/counter_reg[6]/CE
                            (rising edge-triggered cell FDRE clocked by clk_pl_0  {rise@0.000ns fall@2.083ns period=4.166ns})
  Path Group:             clk_pl_0
  Path Type:              Setup (Max at Slow Process Corner)
  Requirement:            4.166ns  (clk_pl_0 rise@4.166ns - clk_pl_0 rise@0.000ns)
  Data Path Delay:        3.043ns  (logic 0.479ns (15.741%)  route 2.564ns (84.259%))
  Logic Levels:           7  (LUT2=2 LUT4=2 LUT6=2 RAMD64E5=1)
  Clock Path Skew:        -0.101ns (DCD - SCD + CPR)
    Destination Clock Delay (DCD):    3.900ns = ( 8.066 - 4.166 ) 
    Source Clock Delay      (SCD):    4.462ns
    Clock Pessimism Removal (CPR):    0.461ns
  Clock Uncertainty:      0.107ns  (CJ)/2 + PE + PJ
    Clock Jitter             (CJ):    0.215ns
    Phase Error              (PE):    0.000ns
    Phase Jitter             (PJ):    0.000ns
  Clock Net Delay (Source):      4.357ns (routing 1.924ns, distribution 2.432ns)
  Clock Net Delay (Destination): 3.843ns (routing 1.730ns, distribution 2.112ns)

    Location             Delay type                Incr(ns)  Path(ns)    Netlist Resource(s)
  -------------------------------------------------------------------    -------------------
                         (clock clk_pl_0 rise edge)
                                                      0.000     0.000 r  
    PS9_X0Y0             PS9                          0.000     0.000 r  hemaia_system_i/versal_cips_0/inst/pspmc_0/inst/PS9_inst/PMCRCLKCLK[0]
                         net (fo=1, estimated)        0.000     0.000    hemaia_system_i/versal_cips_0/inst/pspmc_0/inst/pmc_pl_ref_clk[0]
    BUFG_PS_X0Y6         BUFG_PS (Prop_BUFG_PS_I_O)
                                                      0.105     0.105 r  hemaia_system_i/versal_cips_0/inst/pspmc_0/inst/buffer_pl_clk_0.PL_CLK_0_BUFG/O
    X7Y4 (CLOCK_ROOT)    net (fo=705, estimated)      4.357     4.462    u_ila_0/inst/tc_axis_mu30/inst/clk
    SLICE_X318Y161       FDRE                                         r  u_ila_0/inst/tc_axis_mu30/inst/MU_EQ.match_int_reg/C
  -------------------------------------------------------------------    -------------------
    SLICE_X318Y161       FDRE (Prop_AFF2_SLICEL_C_Q)
                                                      0.092     4.554 r  u_ila_0/inst/tc_axis_mu30/inst/MU_EQ.match_int_reg/Q
                         net (fo=1, estimated)        0.215     4.769    u_ila_0/inst/tc_axis_mu30/inst/match_int
    SLICE_X318Y161       LUT2 (Prop_C6LUT_SLICEL_I1_O)
                                                      0.028     4.797 r  u_ila_0/inst/tc_axis_mu30/inst/match_out_INST_0/O
                         net (fo=1, estimated)        0.362     5.159    u_ila_0/inst/axis_ila_adv_trig/inst/u_adv_trig/TRIGGER_EQ[30]
    SLICE_X317Y168       LUT6 (Prop_B6LUT_SLICEM_I1_O)
                                                      0.029     5.188 r  u_ila_0/inst/axis_ila_adv_trig/inst/u_adv_trig/fsm_mem_data_reg_r1_0_63_0_6_i_9/O
                         net (fo=1, estimated)        0.252     5.440    u_ila_0/inst/axis_ila_adv_trig/inst/u_adv_trig/fsm_mem_data_reg_r1_0_63_0_6_i_9_n_0
    SLICE_X318Y169       LUT6 (Prop_B6LUT_SLICEL_I0_O)
                                                      0.073     5.513 r  u_ila_0/inst/axis_ila_adv_trig/inst/u_adv_trig/fsm_mem_data_reg_r1_0_63_0_6_i_2/O
                         net (fo=48, estimated)       0.478     5.991    u_ila_0/inst/axis_ila_adv_trig/inst/u_adv_trig/fsm_mem_data_reg_r1_64_127_0_6/RAME/RADR1
    SLICE_X323Y145       RAMD64E5 (Prop_E6LUT_SLICEM_ADR1_O)
                                                      0.119     6.110 r  u_ila_0/inst/axis_ila_adv_trig/inst/u_adv_trig/fsm_mem_data_reg_r1_64_127_0_6/RAME/RAMD64_INST/O
                         net (fo=1, estimated)        0.208     6.318    u_ila_0/inst/axis_ila_adv_trig/inst/u_adv_trig/fsm_mem_data_reg_r1_64_127_0_6_n_4
    SLICE_X320Y145       LUT4 (Prop_G6LUT_SLICEL_I3_O)
                                                      0.080     6.398 r  u_ila_0/inst/axis_ila_adv_trig/inst/u_adv_trig/CNT_CTRL_O[0]_INST_0/O
                         net (fo=1, estimated)        0.440     6.838    u_ila_0/inst/axis_ila_adv_trig/inst/u_count/G_COUNTER[1].U_COUNTER/CNT_CTRL[0]
    SLICE_X323Y135       LUT4 (Prop_H6LUT_SLICEM_I2_O)
                                                      0.030     6.868 r  u_ila_0/inst/axis_ila_adv_trig/inst/u_count/G_COUNTER[1].U_COUNTER/counter[16]_i_3/O
                         net (fo=18, estimated)       0.247     7.115    u_ila_0/inst/axis_ila_adv_trig/inst/u_count/G_COUNTER[1].U_COUNTER/counter[16]_i_3_n_0
    SLICE_X322Y134       LUT2 (Prop_C6LUT_SLICEL_I1_O)
                                                      0.028     7.143 r  u_ila_0/inst/axis_ila_adv_trig/inst/u_count/G_COUNTER[1].U_COUNTER/counter[16]_i_1/O
                         net (fo=17, estimated)       0.362     7.505    u_ila_0/inst/axis_ila_adv_trig/inst/u_count/G_COUNTER[1].U_COUNTER/counter[16]_i_1_n_0
    SLICE_X322Y124       FDRE                                         r  u_ila_0/inst/axis_ila_adv_trig/inst/u_count/G_COUNTER[1].U_COUNTER/counter_reg[6]/CE
  -------------------------------------------------------------------    -------------------

                         (clock clk_pl_0 rise edge)
                                                      4.166     4.166 r  
    PS9_X0Y0             PS9                          0.000     4.166 r  hemaia_system_i/versal_cips_0/inst/pspmc_0/inst/PS9_inst/PMCRCLKCLK[0]
                         net (fo=1, estimated)        0.000     4.166    hemaia_system_i/versal_cips_0/inst/pspmc_0/inst/pmc_pl_ref_clk[0]
    BUFG_PS_X0Y6         BUFG_PS (Prop_BUFG_PS_I_O)
                                                      0.057     4.223 r  hemaia_system_i/versal_cips_0/inst/pspmc_0/inst/buffer_pl_clk_0.PL_CLK_0_BUFG/O
    X7Y4 (CLOCK_ROOT)    net (fo=705, estimated)      3.843     8.066    u_ila_0/inst/axis_ila_adv_trig/inst/u_count/G_COUNTER[1].U_COUNTER/CLK
    SLICE_X322Y124       FDRE                                         r  u_ila_0/inst/axis_ila_adv_trig/inst/u_count/G_COUNTER[1].U_COUNTER/counter_reg[6]/C
                         clock pessimism              0.461     8.527    
                         clock uncertainty           -0.107     8.419    
    SLICE_X322Y124       FDRE (Setup_BFF_SLICEL_C_CE)
                                                     -0.087     8.332    u_ila_0/inst/axis_ila_adv_trig/inst/u_count/G_COUNTER[1].U_COUNTER/counter_reg[6]
  -------------------------------------------------------------------
                         required time                          8.332    
                         arrival time                          -7.505    
  -------------------------------------------------------------------
                         slack                                  0.828    

Slack (MET) :             0.836ns  (required time - arrival time)
  Source:                 u_ila_0/inst/tc_axis_mu30/inst/MU_EQ.match_int_reg/C
                            (rising edge-triggered cell FDRE clocked by clk_pl_0  {rise@0.000ns fall@2.083ns period=4.166ns})
  Destination:            u_ila_0/inst/axis_ila_adv_trig/inst/u_count/G_COUNTER[1].U_COUNTER/counter_reg[13]/CE
                            (rising edge-triggered cell FDRE clocked by clk_pl_0  {rise@0.000ns fall@2.083ns period=4.166ns})
  Path Group:             clk_pl_0
  Path Type:              Setup (Max at Slow Process Corner)
  Requirement:            4.166ns  (clk_pl_0 rise@4.166ns - clk_pl_0 rise@0.000ns)
  Data Path Delay:        3.051ns  (logic 0.479ns (15.700%)  route 2.572ns (84.300%))
  Logic Levels:           7  (LUT2=2 LUT4=2 LUT6=2 RAMD64E5=1)
  Clock Path Skew:        -0.085ns (DCD - SCD + CPR)
    Destination Clock Delay (DCD):    3.916ns = ( 8.082 - 4.166 ) 
    Source Clock Delay      (SCD):    4.462ns
    Clock Pessimism Removal (CPR):    0.461ns
  Clock Uncertainty:      0.107ns  (CJ)/2 + PE + PJ
    Clock Jitter             (CJ):    0.215ns
    Phase Error              (PE):    0.000ns
    Phase Jitter             (PJ):    0.000ns
  Clock Net Delay (Source):      4.357ns (routing 1.924ns, distribution 2.432ns)
  Clock Net Delay (Destination): 3.859ns (routing 1.730ns, distribution 2.128ns)

    Location             Delay type                Incr(ns)  Path(ns)    Netlist Resource(s)
  -------------------------------------------------------------------    -------------------
                         (clock clk_pl_0 rise edge)
                                                      0.000     0.000 r  
    PS9_X0Y0             PS9                          0.000     0.000 r  hemaia_system_i/versal_cips_0/inst/pspmc_0/inst/PS9_inst/PMCRCLKCLK[0]
                         net (fo=1, estimated)        0.000     0.000    hemaia_system_i/versal_cips_0/inst/pspmc_0/inst/pmc_pl_ref_clk[0]
    BUFG_PS_X0Y6         BUFG_PS (Prop_BUFG_PS_I_O)
                                                      0.105     0.105 r  hemaia_system_i/versal_cips_0/inst/pspmc_0/inst/buffer_pl_clk_0.PL_CLK_0_BUFG/O
    X7Y4 (CLOCK_ROOT)    net (fo=705, estimated)      4.357     4.462    u_ila_0/inst/tc_axis_mu30/inst/clk
    SLICE_X318Y161       FDRE                                         r  u_ila_0/inst/tc_axis_mu30/inst/MU_EQ.match_int_reg/C
  -------------------------------------------------------------------    -------------------
    SLICE_X318Y161       FDRE (Prop_AFF2_SLICEL_C_Q)
                                                      0.092     4.554 r  u_ila_0/inst/tc_axis_mu30/inst/MU_EQ.match_int_reg/Q
                         net (fo=1, estimated)        0.215     4.769    u_ila_0/inst/tc_axis_mu30/inst/match_int
    SLICE_X318Y161       LUT2 (Prop_C6LUT_SLICEL_I1_O)
                                                      0.028     4.797 r  u_ila_0/inst/tc_axis_mu30/inst/match_out_INST_0/O
                         net (fo=1, estimated)        0.362     5.159    u_ila_0/inst/axis_ila_adv_trig/inst/u_adv_trig/TRIGGER_EQ[30]
    SLICE_X317Y168       LUT6 (Prop_B6LUT_SLICEM_I1_O)
                                                      0.029     5.188 r  u_ila_0/inst/axis_ila_adv_trig/inst/u_adv_trig/fsm_mem_data_reg_r1_0_63_0_6_i_9/O
                         net (fo=1, estimated)        0.252     5.440    u_ila_0/inst/axis_ila_adv_trig/inst/u_adv_trig/fsm_mem_data_reg_r1_0_63_0_6_i_9_n_0
    SLICE_X318Y169       LUT6 (Prop_B6LUT_SLICEL_I0_O)
                                                      0.073     5.513 r  u_ila_0/inst/axis_ila_adv_trig/inst/u_adv_trig/fsm_mem_data_reg_r1_0_63_0_6_i_2/O
                         net (fo=48, estimated)       0.478     5.991    u_ila_0/inst/axis_ila_adv_trig/inst/u_adv_trig/fsm_mem_data_reg_r1_64_127_0_6/RAME/RADR1
    SLICE_X323Y145       RAMD64E5 (Prop_E6LUT_SLICEM_ADR1_O)
                                                      0.119     6.110 r  u_ila_0/inst/axis_ila_adv_trig/inst/u_adv_trig/fsm_mem_data_reg_r1_64_127_0_6/RAME/RAMD64_INST/O
                         net (fo=1, estimated)        0.208     6.318    u_ila_0/inst/axis_ila_adv_trig/inst/u_adv_trig/fsm_mem_data_reg_r1_64_127_0_6_n_4
    SLICE_X320Y145       LUT4 (Prop_G6LUT_SLICEL_I3_O)
                                                      0.080     6.398 r  u_ila_0/inst/axis_ila_adv_trig/inst/u_adv_trig/CNT_CTRL_O[0]_INST_0/O
                         net (fo=1, estimated)        0.440     6.838    u_ila_0/inst/axis_ila_adv_trig/inst/u_count/G_COUNTER[1].U_COUNTER/CNT_CTRL[0]
    SLICE_X323Y135       LUT4 (Prop_H6LUT_SLICEM_I2_O)
                                                      0.030     6.868 r  u_ila_0/inst/axis_ila_adv_trig/inst/u_count/G_COUNTER[1].U_COUNTER/counter[16]_i_3/O
                         net (fo=18, estimated)       0.247     7.115    u_ila_0/inst/axis_ila_adv_trig/inst/u_count/G_COUNTER[1].U_COUNTER/counter[16]_i_3_n_0
    SLICE_X322Y134       LUT2 (Prop_C6LUT_SLICEL_I1_O)
                                                      0.028     7.143 r  u_ila_0/inst/axis_ila_adv_trig/inst/u_count/G_COUNTER[1].U_COUNTER/counter[16]_i_1/O
                         net (fo=17, estimated)       0.370     7.513    u_ila_0/inst/axis_ila_adv_trig/inst/u_count/G_COUNTER[1].U_COUNTER/counter[16]_i_1_n_0
    SLICE_X322Y123       FDRE                                         r  u_ila_0/inst/axis_ila_adv_trig/inst/u_count/G_COUNTER[1].U_COUNTER/counter_reg[13]/CE
  -------------------------------------------------------------------    -------------------

                         (clock clk_pl_0 rise edge)
                                                      4.166     4.166 r  
    PS9_X0Y0             PS9                          0.000     4.166 r  hemaia_system_i/versal_cips_0/inst/pspmc_0/inst/PS9_inst/PMCRCLKCLK[0]
                         net (fo=1, estimated)        0.000     4.166    hemaia_system_i/versal_cips_0/inst/pspmc_0/inst/pmc_pl_ref_clk[0]
    BUFG_PS_X0Y6         BUFG_PS (Prop_BUFG_PS_I_O)
                                                      0.057     4.223 r  hemaia_system_i/versal_cips_0/inst/pspmc_0/inst/buffer_pl_clk_0.PL_CLK_0_BUFG/O
    X7Y4 (CLOCK_ROOT)    net (fo=705, estimated)      3.859     8.082    u_ila_0/inst/axis_ila_adv_trig/inst/u_count/G_COUNTER[1].U_COUNTER/CLK
    SLICE_X322Y123       FDRE                                         r  u_ila_0/inst/axis_ila_adv_trig/inst/u_count/G_COUNTER[1].U_COUNTER/counter_reg[13]/C
                         clock pessimism              0.461     8.543    
                         clock uncertainty           -0.107     8.435    
    SLICE_X322Y123       FDRE (Setup_BFF_SLICEL_C_CE)
                                                     -0.087     8.348    u_ila_0/inst/axis_ila_adv_trig/inst/u_count/G_COUNTER[1].U_COUNTER/counter_reg[13]
  -------------------------------------------------------------------
                         required time                          8.348    
                         arrival time                          -7.513    
  -------------------------------------------------------------------
                         slack                                  0.836    

Slack (MET) :             0.836ns  (required time - arrival time)
  Source:                 u_ila_0/inst/tc_axis_mu30/inst/MU_EQ.match_int_reg/C
                            (rising edge-triggered cell FDRE clocked by clk_pl_0  {rise@0.000ns fall@2.083ns period=4.166ns})
  Destination:            u_ila_0/inst/axis_ila_adv_trig/inst/u_count/G_COUNTER[1].U_COUNTER/counter_reg[14]/CE
                            (rising edge-triggered cell FDRE clocked by clk_pl_0  {rise@0.000ns fall@2.083ns period=4.166ns})
  Path Group:             clk_pl_0
  Path Type:              Setup (Max at Slow Process Corner)
  Requirement:            4.166ns  (clk_pl_0 rise@4.166ns - clk_pl_0 rise@0.000ns)
  Data Path Delay:        3.051ns  (logic 0.479ns (15.700%)  route 2.572ns (84.300%))
  Logic Levels:           7  (LUT2=2 LUT4=2 LUT6=2 RAMD64E5=1)
  Clock Path Skew:        -0.085ns (DCD - SCD + CPR)
    Destination Clock Delay (DCD):    3.916ns = ( 8.082 - 4.166 ) 
    Source Clock Delay      (SCD):    4.462ns
    Clock Pessimism Removal (CPR):    0.461ns
  Clock Uncertainty:      0.107ns  (CJ)/2 + PE + PJ
    Clock Jitter             (CJ):    0.215ns
    Phase Error              (PE):    0.000ns
    Phase Jitter             (PJ):    0.000ns
  Clock Net Delay (Source):      4.357ns (routing 1.924ns, distribution 2.432ns)
  Clock Net Delay (Destination): 3.859ns (routing 1.730ns, distribution 2.128ns)

    Location             Delay type                Incr(ns)  Path(ns)    Netlist Resource(s)
  -------------------------------------------------------------------    -------------------
                         (clock clk_pl_0 rise edge)
                                                      0.000     0.000 r  
    PS9_X0Y0             PS9                          0.000     0.000 r  hemaia_system_i/versal_cips_0/inst/pspmc_0/inst/PS9_inst/PMCRCLKCLK[0]
                         net (fo=1, estimated)        0.000     0.000    hemaia_system_i/versal_cips_0/inst/pspmc_0/inst/pmc_pl_ref_clk[0]
    BUFG_PS_X0Y6         BUFG_PS (Prop_BUFG_PS_I_O)
                                                      0.105     0.105 r  hemaia_system_i/versal_cips_0/inst/pspmc_0/inst/buffer_pl_clk_0.PL_CLK_0_BUFG/O
    X7Y4 (CLOCK_ROOT)    net (fo=705, estimated)      4.357     4.462    u_ila_0/inst/tc_axis_mu30/inst/clk
    SLICE_X318Y161       FDRE                                         r  u_ila_0/inst/tc_axis_mu30/inst/MU_EQ.match_int_reg/C
  -------------------------------------------------------------------    -------------------
    SLICE_X318Y161       FDRE (Prop_AFF2_SLICEL_C_Q)
                                                      0.092     4.554 r  u_ila_0/inst/tc_axis_mu30/inst/MU_EQ.match_int_reg/Q
                         net (fo=1, estimated)        0.215     4.769    u_ila_0/inst/tc_axis_mu30/inst/match_int
    SLICE_X318Y161       LUT2 (Prop_C6LUT_SLICEL_I1_O)
                                                      0.028     4.797 r  u_ila_0/inst/tc_axis_mu30/inst/match_out_INST_0/O
                         net (fo=1, estimated)        0.362     5.159    u_ila_0/inst/axis_ila_adv_trig/inst/u_adv_trig/TRIGGER_EQ[30]
    SLICE_X317Y168       LUT6 (Prop_B6LUT_SLICEM_I1_O)
                                                      0.029     5.188 r  u_ila_0/inst/axis_ila_adv_trig/inst/u_adv_trig/fsm_mem_data_reg_r1_0_63_0_6_i_9/O
                         net (fo=1, estimated)        0.252     5.440    u_ila_0/inst/axis_ila_adv_trig/inst/u_adv_trig/fsm_mem_data_reg_r1_0_63_0_6_i_9_n_0
    SLICE_X318Y169       LUT6 (Prop_B6LUT_SLICEL_I0_O)
                                                      0.073     5.513 r  u_ila_0/inst/axis_ila_adv_trig/inst/u_adv_trig/fsm_mem_data_reg_r1_0_63_0_6_i_2/O
                         net (fo=48, estimated)       0.478     5.991    u_ila_0/inst/axis_ila_adv_trig/inst/u_adv_trig/fsm_mem_data_reg_r1_64_127_0_6/RAME/RADR1
    SLICE_X323Y145       RAMD64E5 (Prop_E6LUT_SLICEM_ADR1_O)
                                                      0.119     6.110 r  u_ila_0/inst/axis_ila_adv_trig/inst/u_adv_trig/fsm_mem_data_reg_r1_64_127_0_6/RAME/RAMD64_INST/O
                         net (fo=1, estimated)        0.208     6.318    u_ila_0/inst/axis_ila_adv_trig/inst/u_adv_trig/fsm_mem_data_reg_r1_64_127_0_6_n_4
    SLICE_X320Y145       LUT4 (Prop_G6LUT_SLICEL_I3_O)
                                                      0.080     6.398 r  u_ila_0/inst/axis_ila_adv_trig/inst/u_adv_trig/CNT_CTRL_O[0]_INST_0/O
                         net (fo=1, estimated)        0.440     6.838    u_ila_0/inst/axis_ila_adv_trig/inst/u_count/G_COUNTER[1].U_COUNTER/CNT_CTRL[0]
    SLICE_X323Y135       LUT4 (Prop_H6LUT_SLICEM_I2_O)
                                                      0.030     6.868 r  u_ila_0/inst/axis_ila_adv_trig/inst/u_count/G_COUNTER[1].U_COUNTER/counter[16]_i_3/O
                         net (fo=18, estimated)       0.247     7.115    u_ila_0/inst/axis_ila_adv_trig/inst/u_count/G_COUNTER[1].U_COUNTER/counter[16]_i_3_n_0
    SLICE_X322Y134       LUT2 (Prop_C6LUT_SLICEL_I1_O)
                                                      0.028     7.143 r  u_ila_0/inst/axis_ila_adv_trig/inst/u_count/G_COUNTER[1].U_COUNTER/counter[16]_i_1/O
                         net (fo=17, estimated)       0.370     7.513    u_ila_0/inst/axis_ila_adv_trig/inst/u_count/G_COUNTER[1].U_COUNTER/counter[16]_i_1_n_0
    SLICE_X322Y123       FDRE                                         r  u_ila_0/inst/axis_ila_adv_trig/inst/u_count/G_COUNTER[1].U_COUNTER/counter_reg[14]/CE
  -------------------------------------------------------------------    -------------------

                         (clock clk_pl_0 rise edge)
                                                      4.166     4.166 r  
    PS9_X0Y0             PS9                          0.000     4.166 r  hemaia_system_i/versal_cips_0/inst/pspmc_0/inst/PS9_inst/PMCRCLKCLK[0]
                         net (fo=1, estimated)        0.000     4.166    hemaia_system_i/versal_cips_0/inst/pspmc_0/inst/pmc_pl_ref_clk[0]
    BUFG_PS_X0Y6         BUFG_PS (Prop_BUFG_PS_I_O)
                                                      0.057     4.223 r  hemaia_system_i/versal_cips_0/inst/pspmc_0/inst/buffer_pl_clk_0.PL_CLK_0_BUFG/O
    X7Y4 (CLOCK_ROOT)    net (fo=705, estimated)      3.859     8.082    u_ila_0/inst/axis_ila_adv_trig/inst/u_count/G_COUNTER[1].U_COUNTER/CLK
    SLICE_X322Y123       FDRE                                         r  u_ila_0/inst/axis_ila_adv_trig/inst/u_count/G_COUNTER[1].U_COUNTER/counter_reg[14]/C
                         clock pessimism              0.461     8.543    
                         clock uncertainty           -0.107     8.435    
    SLICE_X322Y123       FDRE (Setup_BFF2_SLICEL_C_CE)
                                                     -0.087     8.348    u_ila_0/inst/axis_ila_adv_trig/inst/u_count/G_COUNTER[1].U_COUNTER/counter_reg[14]
  -------------------------------------------------------------------
                         required time                          8.348    
                         arrival time                          -7.513    
  -------------------------------------------------------------------
                         slack                                  0.836    

Slack (MET) :             0.847ns  (required time - arrival time)
  Source:                 u_ila_0/inst/tc_axis_mu30/inst/MU_EQ.match_int_reg/C
                            (rising edge-triggered cell FDRE clocked by clk_pl_0  {rise@0.000ns fall@2.083ns period=4.166ns})
  Destination:            u_ila_0/inst/axis_ila_adv_trig/inst/u_count/G_COUNTER[1].U_COUNTER/counter_reg[11]/CE
                            (rising edge-triggered cell FDRE clocked by clk_pl_0  {rise@0.000ns fall@2.083ns period=4.166ns})
  Path Group:             clk_pl_0
  Path Type:              Setup (Max at Slow Process Corner)
  Requirement:            4.166ns  (clk_pl_0 rise@4.166ns - clk_pl_0 rise@0.000ns)
  Data Path Delay:        3.023ns  (logic 0.479ns (15.845%)  route 2.544ns (84.155%))
  Logic Levels:           7  (LUT2=2 LUT4=2 LUT6=2 RAMD64E5=1)
  Clock Path Skew:        -0.099ns (DCD - SCD + CPR)
    Destination Clock Delay (DCD):    3.902ns = ( 8.068 - 4.166 ) 
    Source Clock Delay      (SCD):    4.462ns
    Clock Pessimism Removal (CPR):    0.461ns
  Clock Uncertainty:      0.107ns  (CJ)/2 + PE + PJ
    Clock Jitter             (CJ):    0.215ns
    Phase Error              (PE):    0.000ns
    Phase Jitter             (PJ):    0.000ns
  Clock Net Delay (Source):      4.357ns (routing 1.924ns, distribution 2.432ns)
  Clock Net Delay (Destination): 3.845ns (routing 1.730ns, distribution 2.114ns)

    Location             Delay type                Incr(ns)  Path(ns)    Netlist Resource(s)
  -------------------------------------------------------------------    -------------------
                         (clock clk_pl_0 rise edge)
                                                      0.000     0.000 r  
    PS9_X0Y0             PS9                          0.000     0.000 r  hemaia_system_i/versal_cips_0/inst/pspmc_0/inst/PS9_inst/PMCRCLKCLK[0]
                         net (fo=1, estimated)        0.000     0.000    hemaia_system_i/versal_cips_0/inst/pspmc_0/inst/pmc_pl_ref_clk[0]
    BUFG_PS_X0Y6         BUFG_PS (Prop_BUFG_PS_I_O)
                                                      0.105     0.105 r  hemaia_system_i/versal_cips_0/inst/pspmc_0/inst/buffer_pl_clk_0.PL_CLK_0_BUFG/O
    X7Y4 (CLOCK_ROOT)    net (fo=705, estimated)      4.357     4.462    u_ila_0/inst/tc_axis_mu30/inst/clk
    SLICE_X318Y161       FDRE                                         r  u_ila_0/inst/tc_axis_mu30/inst/MU_EQ.match_int_reg/C
  -------------------------------------------------------------------    -------------------
    SLICE_X318Y161       FDRE (Prop_AFF2_SLICEL_C_Q)
                                                      0.092     4.554 r  u_ila_0/inst/tc_axis_mu30/inst/MU_EQ.match_int_reg/Q
                         net (fo=1, estimated)        0.215     4.769    u_ila_0/inst/tc_axis_mu30/inst/match_int
    SLICE_X318Y161       LUT2 (Prop_C6LUT_SLICEL_I1_O)
                                                      0.028     4.797 r  u_ila_0/inst/tc_axis_mu30/inst/match_out_INST_0/O
                         net (fo=1, estimated)        0.362     5.159    u_ila_0/inst/axis_ila_adv_trig/inst/u_adv_trig/TRIGGER_EQ[30]
    SLICE_X317Y168       LUT6 (Prop_B6LUT_SLICEM_I1_O)
                                                      0.029     5.188 r  u_ila_0/inst/axis_ila_adv_trig/inst/u_adv_trig/fsm_mem_data_reg_r1_0_63_0_6_i_9/O
                         net (fo=1, estimated)        0.252     5.440    u_ila_0/inst/axis_ila_adv_trig/inst/u_adv_trig/fsm_mem_data_reg_r1_0_63_0_6_i_9_n_0
    SLICE_X318Y169       LUT6 (Prop_B6LUT_SLICEL_I0_O)
                                                      0.073     5.513 r  u_ila_0/inst/axis_ila_adv_trig/inst/u_adv_trig/fsm_mem_data_reg_r1_0_63_0_6_i_2/O
                         net (fo=48, estimated)       0.478     5.991    u_ila_0/inst/axis_ila_adv_trig/inst/u_adv_trig/fsm_mem_data_reg_r1_64_127_0_6/RAME/RADR1
    SLICE_X323Y145       RAMD64E5 (Prop_E6LUT_SLICEM_ADR1_O)
                                                      0.119     6.110 r  u_ila_0/inst/axis_ila_adv_trig/inst/u_adv_trig/fsm_mem_data_reg_r1_64_127_0_6/RAME/RAMD64_INST/O
                         net (fo=1, estimated)        0.208     6.318    u_ila_0/inst/axis_ila_adv_trig/inst/u_adv_trig/fsm_mem_data_reg_r1_64_127_0_6_n_4
    SLICE_X320Y145       LUT4 (Prop_G6LUT_SLICEL_I3_O)
                                                      0.080     6.398 r  u_ila_0/inst/axis_ila_adv_trig/inst/u_adv_trig/CNT_CTRL_O[0]_INST_0/O
                         net (fo=1, estimated)        0.440     6.838    u_ila_0/inst/axis_ila_adv_trig/inst/u_count/G_COUNTER[1].U_COUNTER/CNT_CTRL[0]
    SLICE_X323Y135       LUT4 (Prop_H6LUT_SLICEM_I2_O)
                                                      0.030     6.868 r  u_ila_0/inst/axis_ila_adv_trig/inst/u_count/G_COUNTER[1].U_COUNTER/counter[16]_i_3/O
                         net (fo=18, estimated)       0.247     7.115    u_ila_0/inst/axis_ila_adv_trig/inst/u_count/G_COUNTER[1].U_COUNTER/counter[16]_i_3_n_0
    SLICE_X322Y134       LUT2 (Prop_C6LUT_SLICEL_I1_O)
                                                      0.028     7.143 r  u_ila_0/inst/axis_ila_adv_trig/inst/u_count/G_COUNTER[1].U_COUNTER/counter[16]_i_1/O
                         net (fo=17, estimated)       0.342     7.485    u_ila_0/inst/axis_ila_adv_trig/inst/u_count/G_COUNTER[1].U_COUNTER/counter[16]_i_1_n_0
    SLICE_X323Y125       FDRE                                         r  u_ila_0/inst/axis_ila_adv_trig/inst/u_count/G_COUNTER[1].U_COUNTER/counter_reg[11]/CE
  -------------------------------------------------------------------    -------------------

                         (clock clk_pl_0 rise edge)
                                                      4.166     4.166 r  
    PS9_X0Y0             PS9                          0.000     4.166 r  hemaia_system_i/versal_cips_0/inst/pspmc_0/inst/PS9_inst/PMCRCLKCLK[0]
                         net (fo=1, estimated)        0.000     4.166    hemaia_system_i/versal_cips_0/inst/pspmc_0/inst/pmc_pl_ref_clk[0]
    BUFG_PS_X0Y6         BUFG_PS (Prop_BUFG_PS_I_O)
                                                      0.057     4.223 r  hemaia_system_i/versal_cips_0/inst/pspmc_0/inst/buffer_pl_clk_0.PL_CLK_0_BUFG/O
    X7Y4 (CLOCK_ROOT)    net (fo=705, estimated)      3.845     8.068    u_ila_0/inst/axis_ila_adv_trig/inst/u_count/G_COUNTER[1].U_COUNTER/CLK
    SLICE_X323Y125       FDRE                                         r  u_ila_0/inst/axis_ila_adv_trig/inst/u_count/G_COUNTER[1].U_COUNTER/counter_reg[11]/C
                         clock pessimism              0.461     8.529    
                         clock uncertainty           -0.107     8.421    
    SLICE_X323Y125       FDRE (Setup_GFF2_SLICEM_C_CE)
                                                     -0.090     8.331    u_ila_0/inst/axis_ila_adv_trig/inst/u_count/G_COUNTER[1].U_COUNTER/counter_reg[11]
  -------------------------------------------------------------------
                         required time                          8.331    
                         arrival time                          -7.485    
  -------------------------------------------------------------------
                         slack                                  0.847    

Slack (MET) :             0.847ns  (required time - arrival time)
  Source:                 u_ila_0/inst/tc_axis_mu8/inst/MU_EQ.match_int_reg/C
                            (rising edge-triggered cell FDRE clocked by clk_pl_0  {rise@0.000ns fall@2.083ns period=4.166ns})
  Destination:            u_ila_0/inst/axis_ila_adv_trig/inst/u_count/G_COUNTER[3].U_COUNTER/counter_reg[13]/D
                            (rising edge-triggered cell FDRE clocked by clk_pl_0  {rise@0.000ns fall@2.083ns period=4.166ns})
  Path Group:             clk_pl_0
  Path Type:              Setup (Max at Slow Process Corner)
  Requirement:            4.166ns  (clk_pl_0 rise@4.166ns - clk_pl_0 rise@0.000ns)
  Data Path Delay:        3.118ns  (logic 0.569ns (18.249%)  route 2.549ns (81.751%))
  Logic Levels:           7  (LUT2=1 LUT4=2 LUT5=1 LUT6=2 RAMD64E5=1)
  Clock Path Skew:        -0.102ns (DCD - SCD + CPR)
    Destination Clock Delay (DCD):    3.902ns = ( 8.068 - 4.166 ) 
    Source Clock Delay      (SCD):    4.465ns
    Clock Pessimism Removal (CPR):    0.461ns
  Clock Uncertainty:      0.107ns  (CJ)/2 + PE + PJ
    Clock Jitter             (CJ):    0.215ns
    Phase Error              (PE):    0.000ns
    Phase Jitter             (PJ):    0.000ns
  Clock Net Delay (Source):      4.360ns (routing 1.924ns, distribution 2.435ns)
  Clock Net Delay (Destination): 3.845ns (routing 1.730ns, distribution 2.114ns)

    Location             Delay type                Incr(ns)  Path(ns)    Netlist Resource(s)
  -------------------------------------------------------------------    -------------------
                         (clock clk_pl_0 rise edge)
                                                      0.000     0.000 r  
    PS9_X0Y0             PS9                          0.000     0.000 r  hemaia_system_i/versal_cips_0/inst/pspmc_0/inst/PS9_inst/PMCRCLKCLK[0]
                         net (fo=1, estimated)        0.000     0.000    hemaia_system_i/versal_cips_0/inst/pspmc_0/inst/pmc_pl_ref_clk[0]
    BUFG_PS_X0Y6         BUFG_PS (Prop_BUFG_PS_I_O)
                                                      0.105     0.105 r  hemaia_system_i/versal_cips_0/inst/pspmc_0/inst/buffer_pl_clk_0.PL_CLK_0_BUFG/O
    X7Y4 (CLOCK_ROOT)    net (fo=705, estimated)      4.360     4.465    u_ila_0/inst/tc_axis_mu8/inst/clk
    SLICE_X312Y168       FDRE                                         r  u_ila_0/inst/tc_axis_mu8/inst/MU_EQ.match_int_reg/C
  -------------------------------------------------------------------    -------------------
    SLICE_X312Y168       FDRE (Prop_FFF_SLICEL_C_Q)
                                                      0.092     4.557 r  u_ila_0/inst/tc_axis_mu8/inst/MU_EQ.match_int_reg/Q
                         net (fo=1, estimated)        0.215     4.772    u_ila_0/inst/tc_axis_mu8/inst/match_int
    SLICE_X312Y168       LUT2 (Prop_D6LUT_SLICEL_I1_O)
                                                      0.048     4.820 r  u_ila_0/inst/tc_axis_mu8/inst/match_out_INST_0/O
                         net (fo=1, estimated)        0.288     5.108    u_ila_0/inst/axis_ila_adv_trig/inst/u_adv_trig/TRIGGER_EQ[8]
    SLICE_X316Y166       LUT6 (Prop_D6LUT_SLICEL_I5_O)
                                                      0.087     5.195 r  u_ila_0/inst/axis_ila_adv_trig/inst/u_adv_trig/fsm_mem_data_reg_r1_0_63_0_6_i_6/O
                         net (fo=1, estimated)        0.289     5.484    u_ila_0/inst/axis_ila_adv_trig/inst/u_adv_trig/fsm_mem_data_reg_r1_0_63_0_6_i_6_n_0
    SLICE_X321Y167       LUT6 (Prop_B6LUT_SLICEM_I1_O)
                                                      0.075     5.559 r  u_ila_0/inst/axis_ila_adv_trig/inst/u_adv_trig/fsm_mem_data_reg_r1_0_63_0_6_i_1/O
                         net (fo=48, estimated)       0.456     6.015    u_ila_0/inst/axis_ila_adv_trig/inst/u_adv_trig/fsm_mem_data_reg_r1_64_127_7_13/RAMB/RADR2
    SLICE_X321Y142       RAMD64E5 (Prop_B6LUT_SLICEM_ADR2_O)
                                                      0.089     6.104 r  u_ila_0/inst/axis_ila_adv_trig/inst/u_adv_trig/fsm_mem_data_reg_r1_64_127_7_13/RAMB/RAMD64_INST/O
                         net (fo=1, estimated)        0.215     6.319    u_ila_0/inst/axis_ila_adv_trig/inst/u_adv_trig/fsm_mem_data_reg_r1_64_127_7_13_n_1
    SLICE_X320Y141       LUT4 (Prop_E6LUT_SLICEL_I3_O)
                                                      0.092     6.411 r  u_ila_0/inst/axis_ila_adv_trig/inst/u_adv_trig/CNT_CTRL_O[4]_INST_0/O
                         net (fo=1, estimated)        0.407     6.818    u_ila_0/inst/axis_ila_adv_trig/inst/u_count/G_COUNTER[3].U_COUNTER/CNT_CTRL[0]
    SLICE_X319Y134       LUT4 (Prop_F6LUT_SLICEM_I2_O)
                                                      0.029     6.847 r  u_ila_0/inst/axis_ila_adv_trig/inst/u_count/G_COUNTER[3].U_COUNTER/counter[16]_i_3/O
                         net (fo=18, estimated)       0.378     7.225    u_ila_0/inst/axis_ila_adv_trig/inst/u_count/G_COUNTER[3].U_COUNTER/counter[16]_i_3_n_0
    SLICE_X322Y128       LUT5 (Prop_G6LUT_SLICEL_I2_O)
                                                      0.057     7.282 r  u_ila_0/inst/axis_ila_adv_trig/inst/u_count/G_COUNTER[3].U_COUNTER/counter[13]_i_1/O
                         net (fo=1, estimated)        0.301     7.583    u_ila_0/inst/axis_ila_adv_trig/inst/u_count/G_COUNTER[3].U_COUNTER/p_1_in[13]
    SLICE_X322Y128       FDRE                                         r  u_ila_0/inst/axis_ila_adv_trig/inst/u_count/G_COUNTER[3].U_COUNTER/counter_reg[13]/D
  -------------------------------------------------------------------    -------------------

                         (clock clk_pl_0 rise edge)
                                                      4.166     4.166 r  
    PS9_X0Y0             PS9                          0.000     4.166 r  hemaia_system_i/versal_cips_0/inst/pspmc_0/inst/PS9_inst/PMCRCLKCLK[0]
                         net (fo=1, estimated)        0.000     4.166    hemaia_system_i/versal_cips_0/inst/pspmc_0/inst/pmc_pl_ref_clk[0]
    BUFG_PS_X0Y6         BUFG_PS (Prop_BUFG_PS_I_O)
                                                      0.057     4.223 r  hemaia_system_i/versal_cips_0/inst/pspmc_0/inst/buffer_pl_clk_0.PL_CLK_0_BUFG/O
    X7Y4 (CLOCK_ROOT)    net (fo=705, estimated)      3.845     8.068    u_ila_0/inst/axis_ila_adv_trig/inst/u_count/G_COUNTER[3].U_COUNTER/CLK
    SLICE_X322Y128       FDRE                                         r  u_ila_0/inst/axis_ila_adv_trig/inst/u_count/G_COUNTER[3].U_COUNTER/counter_reg[13]/C
                         clock pessimism              0.461     8.529    
                         clock uncertainty           -0.107     8.421    
    SLICE_X322Y128       FDRE (Setup_EFF_SLICEL_C_D)
                                                      0.008     8.429    u_ila_0/inst/axis_ila_adv_trig/inst/u_count/G_COUNTER[3].U_COUNTER/counter_reg[13]
  -------------------------------------------------------------------
                         required time                          8.429    
                         arrival time                          -7.583    
  -------------------------------------------------------------------
                         slack                                  0.847    

Slack (MET) :             0.848ns  (required time - arrival time)
  Source:                 u_ila_0/inst/tc_axis_mu8/inst/MU_EQ.match_int_reg/C
                            (rising edge-triggered cell FDRE clocked by clk_pl_0  {rise@0.000ns fall@2.083ns period=4.166ns})
  Destination:            u_ila_0/inst/axis_ila_adv_trig/inst/u_count/G_COUNTER[4].U_COUNTER/counter_reg[11]/CE
                            (rising edge-triggered cell FDRE clocked by clk_pl_0  {rise@0.000ns fall@2.083ns period=4.166ns})
  Path Group:             clk_pl_0
  Path Type:              Setup (Max at Slow Process Corner)
  Requirement:            4.166ns  (clk_pl_0 rise@4.166ns - clk_pl_0 rise@0.000ns)
  Data Path Delay:        3.022ns  (logic 0.527ns (17.439%)  route 2.495ns (82.561%))
  Logic Levels:           7  (LUT2=2 LUT4=2 LUT6=2 RAMD64E5=1)
  Clock Path Skew:        -0.102ns (DCD - SCD + CPR)
    Destination Clock Delay (DCD):    3.902ns = ( 8.068 - 4.166 ) 
    Source Clock Delay      (SCD):    4.465ns
    Clock Pessimism Removal (CPR):    0.461ns
  Clock Uncertainty:      0.107ns  (CJ)/2 + PE + PJ
    Clock Jitter             (CJ):    0.215ns
    Phase Error              (PE):    0.000ns
    Phase Jitter             (PJ):    0.000ns
  Clock Net Delay (Source):      4.360ns (routing 1.924ns, distribution 2.435ns)
  Clock Net Delay (Destination): 3.845ns (routing 1.730ns, distribution 2.114ns)

    Location             Delay type                Incr(ns)  Path(ns)    Netlist Resource(s)
  -------------------------------------------------------------------    -------------------
                         (clock clk_pl_0 rise edge)
                                                      0.000     0.000 r  
    PS9_X0Y0             PS9                          0.000     0.000 r  hemaia_system_i/versal_cips_0/inst/pspmc_0/inst/PS9_inst/PMCRCLKCLK[0]
                         net (fo=1, estimated)        0.000     0.000    hemaia_system_i/versal_cips_0/inst/pspmc_0/inst/pmc_pl_ref_clk[0]
    BUFG_PS_X0Y6         BUFG_PS (Prop_BUFG_PS_I_O)
                                                      0.105     0.105 r  hemaia_system_i/versal_cips_0/inst/pspmc_0/inst/buffer_pl_clk_0.PL_CLK_0_BUFG/O
    X7Y4 (CLOCK_ROOT)    net (fo=705, estimated)      4.360     4.465    u_ila_0/inst/tc_axis_mu8/inst/clk
    SLICE_X312Y168       FDRE                                         r  u_ila_0/inst/tc_axis_mu8/inst/MU_EQ.match_int_reg/C
  -------------------------------------------------------------------    -------------------
    SLICE_X312Y168       FDRE (Prop_FFF_SLICEL_C_Q)
                                                      0.092     4.557 r  u_ila_0/inst/tc_axis_mu8/inst/MU_EQ.match_int_reg/Q
                         net (fo=1, estimated)        0.215     4.772    u_ila_0/inst/tc_axis_mu8/inst/match_int
    SLICE_X312Y168       LUT2 (Prop_D6LUT_SLICEL_I1_O)
                                                      0.048     4.820 r  u_ila_0/inst/tc_axis_mu8/inst/match_out_INST_0/O
                         net (fo=1, estimated)        0.288     5.108    u_ila_0/inst/axis_ila_adv_trig/inst/u_adv_trig/TRIGGER_EQ[8]
    SLICE_X316Y166       LUT6 (Prop_D6LUT_SLICEL_I5_O)
                                                      0.087     5.195 r  u_ila_0/inst/axis_ila_adv_trig/inst/u_adv_trig/fsm_mem_data_reg_r1_0_63_0_6_i_6/O
                         net (fo=1, estimated)        0.289     5.484    u_ila_0/inst/axis_ila_adv_trig/inst/u_adv_trig/fsm_mem_data_reg_r1_0_63_0_6_i_6_n_0
    SLICE_X321Y167       LUT6 (Prop_B6LUT_SLICEM_I1_O)
                                                      0.075     5.559 r  u_ila_0/inst/axis_ila_adv_trig/inst/u_adv_trig/fsm_mem_data_reg_r1_0_63_0_6_i_1/O
                         net (fo=48, estimated)       0.452     6.011    u_ila_0/inst/axis_ila_adv_trig/inst/u_adv_trig/fsm_mem_data_reg_r1_64_127_7_13/RAMD/RADR2
    SLICE_X321Y142       RAMD64E5 (Prop_D6LUT_SLICEM_ADR2_O)
                                                      0.087     6.098 r  u_ila_0/inst/axis_ila_adv_trig/inst/u_adv_trig/fsm_mem_data_reg_r1_64_127_7_13/RAMD/RAMD64_INST/O
                         net (fo=1, estimated)        0.208     6.306    u_ila_0/inst/axis_ila_adv_trig/inst/u_adv_trig/fsm_mem_data_reg_r1_64_127_7_13_n_3
    SLICE_X320Y141       LUT4 (Prop_E5LUT_SLICEL_I3_O)
                                                      0.079     6.385 r  u_ila_0/inst/axis_ila_adv_trig/inst/u_adv_trig/CNT_CTRL_O[6]_INST_0/O
                         net (fo=1, estimated)        0.424     6.809    u_ila_0/inst/axis_ila_adv_trig/inst/u_count/G_COUNTER[4].U_COUNTER/CNT_CTRL[0]
    SLICE_X323Y133       LUT4 (Prop_H6LUT_SLICEM_I2_O)
                                                      0.030     6.839 r  u_ila_0/inst/axis_ila_adv_trig/inst/u_count/G_COUNTER[4].U_COUNTER/counter[16]_i_3/O
                         net (fo=18, estimated)       0.269     7.108    u_ila_0/inst/axis_ila_adv_trig/inst/u_count/G_COUNTER[4].U_COUNTER/counter[16]_i_3_n_0
    SLICE_X323Y132       LUT2 (Prop_B6LUT_SLICEM_I1_O)
                                                      0.029     7.137 r  u_ila_0/inst/axis_ila_adv_trig/inst/u_count/G_COUNTER[4].U_COUNTER/counter[16]_i_1/O
                         net (fo=17, estimated)       0.350     7.487    u_ila_0/inst/axis_ila_adv_trig/inst/u_count/G_COUNTER[4].U_COUNTER/counter[16]_i_1_n_0
    SLICE_X321Y126       FDRE                                         r  u_ila_0/inst/axis_ila_adv_trig/inst/u_count/G_COUNTER[4].U_COUNTER/counter_reg[11]/CE
  -------------------------------------------------------------------    -------------------

                         (clock clk_pl_0 rise edge)
                                                      4.166     4.166 r  
    PS9_X0Y0             PS9                          0.000     4.166 r  hemaia_system_i/versal_cips_0/inst/pspmc_0/inst/PS9_inst/PMCRCLKCLK[0]
                         net (fo=1, estimated)        0.000     4.166    hemaia_system_i/versal_cips_0/inst/pspmc_0/inst/pmc_pl_ref_clk[0]
    BUFG_PS_X0Y6         BUFG_PS (Prop_BUFG_PS_I_O)
                                                      0.057     4.223 r  hemaia_system_i/versal_cips_0/inst/pspmc_0/inst/buffer_pl_clk_0.PL_CLK_0_BUFG/O
    X7Y4 (CLOCK_ROOT)    net (fo=705, estimated)      3.845     8.068    u_ila_0/inst/axis_ila_adv_trig/inst/u_count/G_COUNTER[4].U_COUNTER/CLK
    SLICE_X321Y126       FDRE                                         r  u_ila_0/inst/axis_ila_adv_trig/inst/u_count/G_COUNTER[4].U_COUNTER/counter_reg[11]/C
                         clock pessimism              0.461     8.529    
                         clock uncertainty           -0.107     8.421    
    SLICE_X321Y126       FDRE (Setup_BFF2_SLICEM_C_CE)
                                                     -0.087     8.334    u_ila_0/inst/axis_ila_adv_trig/inst/u_count/G_COUNTER[4].U_COUNTER/counter_reg[11]
  -------------------------------------------------------------------
                         required time                          8.334    
                         arrival time                          -7.487    
  -------------------------------------------------------------------
                         slack                                  0.848    

Slack (MET) :             0.848ns  (required time - arrival time)
  Source:                 u_ila_0/inst/tc_axis_mu8/inst/MU_EQ.match_int_reg/C
                            (rising edge-triggered cell FDRE clocked by clk_pl_0  {rise@0.000ns fall@2.083ns period=4.166ns})
  Destination:            u_ila_0/inst/axis_ila_adv_trig/inst/u_count/G_COUNTER[4].U_COUNTER/counter_reg[12]/CE
                            (rising edge-triggered cell FDRE clocked by clk_pl_0  {rise@0.000ns fall@2.083ns period=4.166ns})
  Path Group:             clk_pl_0
  Path Type:              Setup (Max at Slow Process Corner)
  Requirement:            4.166ns  (clk_pl_0 rise@4.166ns - clk_pl_0 rise@0.000ns)
  Data Path Delay:        3.022ns  (logic 0.527ns (17.439%)  route 2.495ns (82.561%))
  Logic Levels:           7  (LUT2=2 LUT4=2 LUT6=2 RAMD64E5=1)
  Clock Path Skew:        -0.102ns (DCD - SCD + CPR)
    Destination Clock Delay (DCD):    3.902ns = ( 8.068 - 4.166 ) 
    Source Clock Delay      (SCD):    4.465ns
    Clock Pessimism Removal (CPR):    0.461ns
  Clock Uncertainty:      0.107ns  (CJ)/2 + PE + PJ
    Clock Jitter             (CJ):    0.215ns
    Phase Error              (PE):    0.000ns
    Phase Jitter             (PJ):    0.000ns
  Clock Net Delay (Source):      4.360ns (routing 1.924ns, distribution 2.435ns)
  Clock Net Delay (Destination): 3.845ns (routing 1.730ns, distribution 2.114ns)

    Location             Delay type                Incr(ns)  Path(ns)    Netlist Resource(s)
  -------------------------------------------------------------------    -------------------
                         (clock clk_pl_0 rise edge)
                                                      0.000     0.000 r  
    PS9_X0Y0             PS9                          0.000     0.000 r  hemaia_system_i/versal_cips_0/inst/pspmc_0/inst/PS9_inst/PMCRCLKCLK[0]
                         net (fo=1, estimated)        0.000     0.000    hemaia_system_i/versal_cips_0/inst/pspmc_0/inst/pmc_pl_ref_clk[0]
    BUFG_PS_X0Y6         BUFG_PS (Prop_BUFG_PS_I_O)
                                                      0.105     0.105 r  hemaia_system_i/versal_cips_0/inst/pspmc_0/inst/buffer_pl_clk_0.PL_CLK_0_BUFG/O
    X7Y4 (CLOCK_ROOT)    net (fo=705, estimated)      4.360     4.465    u_ila_0/inst/tc_axis_mu8/inst/clk
    SLICE_X312Y168       FDRE                                         r  u_ila_0/inst/tc_axis_mu8/inst/MU_EQ.match_int_reg/C
  -------------------------------------------------------------------    -------------------
    SLICE_X312Y168       FDRE (Prop_FFF_SLICEL_C_Q)
                                                      0.092     4.557 r  u_ila_0/inst/tc_axis_mu8/inst/MU_EQ.match_int_reg/Q
                         net (fo=1, estimated)        0.215     4.772    u_ila_0/inst/tc_axis_mu8/inst/match_int
    SLICE_X312Y168       LUT2 (Prop_D6LUT_SLICEL_I1_O)
                                                      0.048     4.820 r  u_ila_0/inst/tc_axis_mu8/inst/match_out_INST_0/O
                         net (fo=1, estimated)        0.288     5.108    u_ila_0/inst/axis_ila_adv_trig/inst/u_adv_trig/TRIGGER_EQ[8]
    SLICE_X316Y166       LUT6 (Prop_D6LUT_SLICEL_I5_O)
                                                      0.087     5.195 r  u_ila_0/inst/axis_ila_adv_trig/inst/u_adv_trig/fsm_mem_data_reg_r1_0_63_0_6_i_6/O
                         net (fo=1, estimated)        0.289     5.484    u_ila_0/inst/axis_ila_adv_trig/inst/u_adv_trig/fsm_mem_data_reg_r1_0_63_0_6_i_6_n_0
    SLICE_X321Y167       LUT6 (Prop_B6LUT_SLICEM_I1_O)
                                                      0.075     5.559 r  u_ila_0/inst/axis_ila_adv_trig/inst/u_adv_trig/fsm_mem_data_reg_r1_0_63_0_6_i_1/O
                         net (fo=48, estimated)       0.452     6.011    u_ila_0/inst/axis_ila_adv_trig/inst/u_adv_trig/fsm_mem_data_reg_r1_64_127_7_13/RAMD/RADR2
    SLICE_X321Y142       RAMD64E5 (Prop_D6LUT_SLICEM_ADR2_O)
                                                      0.087     6.098 r  u_ila_0/inst/axis_ila_adv_trig/inst/u_adv_trig/fsm_mem_data_reg_r1_64_127_7_13/RAMD/RAMD64_INST/O
                         net (fo=1, estimated)        0.208     6.306    u_ila_0/inst/axis_ila_adv_trig/inst/u_adv_trig/fsm_mem_data_reg_r1_64_127_7_13_n_3
    SLICE_X320Y141       LUT4 (Prop_E5LUT_SLICEL_I3_O)
                                                      0.079     6.385 r  u_ila_0/inst/axis_ila_adv_trig/inst/u_adv_trig/CNT_CTRL_O[6]_INST_0/O
                         net (fo=1, estimated)        0.424     6.809    u_ila_0/inst/axis_ila_adv_trig/inst/u_count/G_COUNTER[4].U_COUNTER/CNT_CTRL[0]
    SLICE_X323Y133       LUT4 (Prop_H6LUT_SLICEM_I2_O)
                                                      0.030     6.839 r  u_ila_0/inst/axis_ila_adv_trig/inst/u_count/G_COUNTER[4].U_COUNTER/counter[16]_i_3/O
                         net (fo=18, estimated)       0.269     7.108    u_ila_0/inst/axis_ila_adv_trig/inst/u_count/G_COUNTER[4].U_COUNTER/counter[16]_i_3_n_0
    SLICE_X323Y132       LUT2 (Prop_B6LUT_SLICEM_I1_O)
                                                      0.029     7.137 r  u_ila_0/inst/axis_ila_adv_trig/inst/u_count/G_COUNTER[4].U_COUNTER/counter[16]_i_1/O
                         net (fo=17, estimated)       0.350     7.487    u_ila_0/inst/axis_ila_adv_trig/inst/u_count/G_COUNTER[4].U_COUNTER/counter[16]_i_1_n_0
    SLICE_X321Y126       FDRE                                         r  u_ila_0/inst/axis_ila_adv_trig/inst/u_count/G_COUNTER[4].U_COUNTER/counter_reg[12]/CE
  -------------------------------------------------------------------    -------------------

                         (clock clk_pl_0 rise edge)
                                                      4.166     4.166 r  
    PS9_X0Y0             PS9                          0.000     4.166 r  hemaia_system_i/versal_cips_0/inst/pspmc_0/inst/PS9_inst/PMCRCLKCLK[0]
                         net (fo=1, estimated)        0.000     4.166    hemaia_system_i/versal_cips_0/inst/pspmc_0/inst/pmc_pl_ref_clk[0]
    BUFG_PS_X0Y6         BUFG_PS (Prop_BUFG_PS_I_O)
                                                      0.057     4.223 r  hemaia_system_i/versal_cips_0/inst/pspmc_0/inst/buffer_pl_clk_0.PL_CLK_0_BUFG/O
    X7Y4 (CLOCK_ROOT)    net (fo=705, estimated)      3.845     8.068    u_ila_0/inst/axis_ila_adv_trig/inst/u_count/G_COUNTER[4].U_COUNTER/CLK
    SLICE_X321Y126       FDRE                                         r  u_ila_0/inst/axis_ila_adv_trig/inst/u_count/G_COUNTER[4].U_COUNTER/counter_reg[12]/C
                         clock pessimism              0.461     8.529    
                         clock uncertainty           -0.107     8.421    
    SLICE_X321Y126       FDRE (Setup_AFF_SLICEM_C_CE)
                                                     -0.087     8.334    u_ila_0/inst/axis_ila_adv_trig/inst/u_count/G_COUNTER[4].U_COUNTER/counter_reg[12]
  -------------------------------------------------------------------
                         required time                          8.334    
                         arrival time                          -7.487    
  -------------------------------------------------------------------
                         slack                                  0.848    

Slack (MET) :             0.849ns  (required time - arrival time)
  Source:                 u_ila_0/inst/tc_axis_mu30/inst/MU_EQ.match_int_reg/C
                            (rising edge-triggered cell FDRE clocked by clk_pl_0  {rise@0.000ns fall@2.083ns period=4.166ns})
  Destination:            u_ila_0/inst/axis_ila_adv_trig/inst/u_count/G_COUNTER[1].U_COUNTER/counter_reg[10]/CE
                            (rising edge-triggered cell FDRE clocked by clk_pl_0  {rise@0.000ns fall@2.083ns period=4.166ns})
  Path Group:             clk_pl_0
  Path Type:              Setup (Max at Slow Process Corner)
  Requirement:            4.166ns  (clk_pl_0 rise@4.166ns - clk_pl_0 rise@0.000ns)
  Data Path Delay:        3.021ns  (logic 0.479ns (15.856%)  route 2.542ns (84.144%))
  Logic Levels:           7  (LUT2=2 LUT4=2 LUT6=2 RAMD64E5=1)
  Clock Path Skew:        -0.099ns (DCD - SCD + CPR)
    Destination Clock Delay (DCD):    3.902ns = ( 8.068 - 4.166 ) 
    Source Clock Delay      (SCD):    4.462ns
    Clock Pessimism Removal (CPR):    0.461ns
  Clock Uncertainty:      0.107ns  (CJ)/2 + PE + PJ
    Clock Jitter             (CJ):    0.215ns
    Phase Error              (PE):    0.000ns
    Phase Jitter             (PJ):    0.000ns
  Clock Net Delay (Source):      4.357ns (routing 1.924ns, distribution 2.432ns)
  Clock Net Delay (Destination): 3.845ns (routing 1.730ns, distribution 2.114ns)

    Location             Delay type                Incr(ns)  Path(ns)    Netlist Resource(s)
  -------------------------------------------------------------------    -------------------
                         (clock clk_pl_0 rise edge)
                                                      0.000     0.000 r  
    PS9_X0Y0             PS9                          0.000     0.000 r  hemaia_system_i/versal_cips_0/inst/pspmc_0/inst/PS9_inst/PMCRCLKCLK[0]
                         net (fo=1, estimated)        0.000     0.000    hemaia_system_i/versal_cips_0/inst/pspmc_0/inst/pmc_pl_ref_clk[0]
    BUFG_PS_X0Y6         BUFG_PS (Prop_BUFG_PS_I_O)
                                                      0.105     0.105 r  hemaia_system_i/versal_cips_0/inst/pspmc_0/inst/buffer_pl_clk_0.PL_CLK_0_BUFG/O
    X7Y4 (CLOCK_ROOT)    net (fo=705, estimated)      4.357     4.462    u_ila_0/inst/tc_axis_mu30/inst/clk
    SLICE_X318Y161       FDRE                                         r  u_ila_0/inst/tc_axis_mu30/inst/MU_EQ.match_int_reg/C
  -------------------------------------------------------------------    -------------------
    SLICE_X318Y161       FDRE (Prop_AFF2_SLICEL_C_Q)
                                                      0.092     4.554 r  u_ila_0/inst/tc_axis_mu30/inst/MU_EQ.match_int_reg/Q
                         net (fo=1, estimated)        0.215     4.769    u_ila_0/inst/tc_axis_mu30/inst/match_int
    SLICE_X318Y161       LUT2 (Prop_C6LUT_SLICEL_I1_O)
                                                      0.028     4.797 r  u_ila_0/inst/tc_axis_mu30/inst/match_out_INST_0/O
                         net (fo=1, estimated)        0.362     5.159    u_ila_0/inst/axis_ila_adv_trig/inst/u_adv_trig/TRIGGER_EQ[30]
    SLICE_X317Y168       LUT6 (Prop_B6LUT_SLICEM_I1_O)
                                                      0.029     5.188 r  u_ila_0/inst/axis_ila_adv_trig/inst/u_adv_trig/fsm_mem_data_reg_r1_0_63_0_6_i_9/O
                         net (fo=1, estimated)        0.252     5.440    u_ila_0/inst/axis_ila_adv_trig/inst/u_adv_trig/fsm_mem_data_reg_r1_0_63_0_6_i_9_n_0
    SLICE_X318Y169       LUT6 (Prop_B6LUT_SLICEL_I0_O)
                                                      0.073     5.513 r  u_ila_0/inst/axis_ila_adv_trig/inst/u_adv_trig/fsm_mem_data_reg_r1_0_63_0_6_i_2/O
                         net (fo=48, estimated)       0.478     5.991    u_ila_0/inst/axis_ila_adv_trig/inst/u_adv_trig/fsm_mem_data_reg_r1_64_127_0_6/RAME/RADR1
    SLICE_X323Y145       RAMD64E5 (Prop_E6LUT_SLICEM_ADR1_O)
                                                      0.119     6.110 r  u_ila_0/inst/axis_ila_adv_trig/inst/u_adv_trig/fsm_mem_data_reg_r1_64_127_0_6/RAME/RAMD64_INST/O
                         net (fo=1, estimated)        0.208     6.318    u_ila_0/inst/axis_ila_adv_trig/inst/u_adv_trig/fsm_mem_data_reg_r1_64_127_0_6_n_4
    SLICE_X320Y145       LUT4 (Prop_G6LUT_SLICEL_I3_O)
                                                      0.080     6.398 r  u_ila_0/inst/axis_ila_adv_trig/inst/u_adv_trig/CNT_CTRL_O[0]_INST_0/O
                         net (fo=1, estimated)        0.440     6.838    u_ila_0/inst/axis_ila_adv_trig/inst/u_count/G_COUNTER[1].U_COUNTER/CNT_CTRL[0]
    SLICE_X323Y135       LUT4 (Prop_H6LUT_SLICEM_I2_O)
                                                      0.030     6.868 r  u_ila_0/inst/axis_ila_adv_trig/inst/u_count/G_COUNTER[1].U_COUNTER/counter[16]_i_3/O
                         net (fo=18, estimated)       0.247     7.115    u_ila_0/inst/axis_ila_adv_trig/inst/u_count/G_COUNTER[1].U_COUNTER/counter[16]_i_3_n_0
    SLICE_X322Y134       LUT2 (Prop_C6LUT_SLICEL_I1_O)
                                                      0.028     7.143 r  u_ila_0/inst/axis_ila_adv_trig/inst/u_count/G_COUNTER[1].U_COUNTER/counter[16]_i_1/O
                         net (fo=17, estimated)       0.340     7.483    u_ila_0/inst/axis_ila_adv_trig/inst/u_count/G_COUNTER[1].U_COUNTER/counter[16]_i_1_n_0
    SLICE_X323Y125       FDRE                                         r  u_ila_0/inst/axis_ila_adv_trig/inst/u_count/G_COUNTER[1].U_COUNTER/counter_reg[10]/CE
  -------------------------------------------------------------------    -------------------

                         (clock clk_pl_0 rise edge)
                                                      4.166     4.166 r  
    PS9_X0Y0             PS9                          0.000     4.166 r  hemaia_system_i/versal_cips_0/inst/pspmc_0/inst/PS9_inst/PMCRCLKCLK[0]
                         net (fo=1, estimated)        0.000     4.166    hemaia_system_i/versal_cips_0/inst/pspmc_0/inst/pmc_pl_ref_clk[0]
    BUFG_PS_X0Y6         BUFG_PS (Prop_BUFG_PS_I_O)
                                                      0.057     4.223 r  hemaia_system_i/versal_cips_0/inst/pspmc_0/inst/buffer_pl_clk_0.PL_CLK_0_BUFG/O
    X7Y4 (CLOCK_ROOT)    net (fo=705, estimated)      3.845     8.068    u_ila_0/inst/axis_ila_adv_trig/inst/u_count/G_COUNTER[1].U_COUNTER/CLK
    SLICE_X323Y125       FDRE                                         r  u_ila_0/inst/axis_ila_adv_trig/inst/u_count/G_COUNTER[1].U_COUNTER/counter_reg[10]/C
                         clock pessimism              0.461     8.529    
                         clock uncertainty           -0.107     8.421    
    SLICE_X323Y125       FDRE (Setup_FFF2_SLICEM_C_CE)
                                                     -0.090     8.331    u_ila_0/inst/axis_ila_adv_trig/inst/u_count/G_COUNTER[1].U_COUNTER/counter_reg[10]
  -------------------------------------------------------------------
                         required time                          8.331    
                         arrival time                          -7.483    
  -------------------------------------------------------------------
                         slack                                  0.849    

Slack (MET) :             0.852ns  (required time - arrival time)
  Source:                 u_ila_0/inst/tc_axis_mu8/inst/MU_EQ.match_int_reg/C
                            (rising edge-triggered cell FDRE clocked by clk_pl_0  {rise@0.000ns fall@2.083ns period=4.166ns})
  Destination:            u_ila_0/inst/axis_ila_adv_trig/inst/u_count/G_COUNTER[4].U_COUNTER/counter_reg[4]/D
                            (rising edge-triggered cell FDRE clocked by clk_pl_0  {rise@0.000ns fall@2.083ns period=4.166ns})
  Path Group:             clk_pl_0
  Path Type:              Setup (Max at Slow Process Corner)
  Requirement:            4.166ns  (clk_pl_0 rise@4.166ns - clk_pl_0 rise@0.000ns)
  Data Path Delay:        3.113ns  (logic 0.555ns (17.828%)  route 2.558ns (82.172%))
  Logic Levels:           7  (LUT2=1 LUT4=2 LUT5=1 LUT6=2 RAMD64E5=1)
  Clock Path Skew:        -0.101ns (DCD - SCD + CPR)
    Destination Clock Delay (DCD):    3.903ns = ( 8.069 - 4.166 ) 
    Source Clock Delay      (SCD):    4.465ns
    Clock Pessimism Removal (CPR):    0.461ns
  Clock Uncertainty:      0.107ns  (CJ)/2 + PE + PJ
    Clock Jitter             (CJ):    0.215ns
    Phase Error              (PE):    0.000ns
    Phase Jitter             (PJ):    0.000ns
  Clock Net Delay (Source):      4.360ns (routing 1.924ns, distribution 2.435ns)
  Clock Net Delay (Destination): 3.846ns (routing 1.730ns, distribution 2.115ns)

    Location             Delay type                Incr(ns)  Path(ns)    Netlist Resource(s)
  -------------------------------------------------------------------    -------------------
                         (clock clk_pl_0 rise edge)
                                                      0.000     0.000 r  
    PS9_X0Y0             PS9                          0.000     0.000 r  hemaia_system_i/versal_cips_0/inst/pspmc_0/inst/PS9_inst/PMCRCLKCLK[0]
                         net (fo=1, estimated)        0.000     0.000    hemaia_system_i/versal_cips_0/inst/pspmc_0/inst/pmc_pl_ref_clk[0]
    BUFG_PS_X0Y6         BUFG_PS (Prop_BUFG_PS_I_O)
                                                      0.105     0.105 r  hemaia_system_i/versal_cips_0/inst/pspmc_0/inst/buffer_pl_clk_0.PL_CLK_0_BUFG/O
    X7Y4 (CLOCK_ROOT)    net (fo=705, estimated)      4.360     4.465    u_ila_0/inst/tc_axis_mu8/inst/clk
    SLICE_X312Y168       FDRE                                         r  u_ila_0/inst/tc_axis_mu8/inst/MU_EQ.match_int_reg/C
  -------------------------------------------------------------------    -------------------
    SLICE_X312Y168       FDRE (Prop_FFF_SLICEL_C_Q)
                                                      0.092     4.557 r  u_ila_0/inst/tc_axis_mu8/inst/MU_EQ.match_int_reg/Q
                         net (fo=1, estimated)        0.215     4.772    u_ila_0/inst/tc_axis_mu8/inst/match_int
    SLICE_X312Y168       LUT2 (Prop_D6LUT_SLICEL_I1_O)
                                                      0.048     4.820 r  u_ila_0/inst/tc_axis_mu8/inst/match_out_INST_0/O
                         net (fo=1, estimated)        0.288     5.108    u_ila_0/inst/axis_ila_adv_trig/inst/u_adv_trig/TRIGGER_EQ[8]
    SLICE_X316Y166       LUT6 (Prop_D6LUT_SLICEL_I5_O)
                                                      0.087     5.195 r  u_ila_0/inst/axis_ila_adv_trig/inst/u_adv_trig/fsm_mem_data_reg_r1_0_63_0_6_i_6/O
                         net (fo=1, estimated)        0.289     5.484    u_ila_0/inst/axis_ila_adv_trig/inst/u_adv_trig/fsm_mem_data_reg_r1_0_63_0_6_i_6_n_0
    SLICE_X321Y167       LUT6 (Prop_B6LUT_SLICEM_I1_O)
                                                      0.075     5.559 r  u_ila_0/inst/axis_ila_adv_trig/inst/u_adv_trig/fsm_mem_data_reg_r1_0_63_0_6_i_1/O
                         net (fo=48, estimated)       0.452     6.011    u_ila_0/inst/axis_ila_adv_trig/inst/u_adv_trig/fsm_mem_data_reg_r1_64_127_7_13/RAMD/RADR2
    SLICE_X321Y142       RAMD64E5 (Prop_D6LUT_SLICEM_ADR2_O)
                                                      0.087     6.098 r  u_ila_0/inst/axis_ila_adv_trig/inst/u_adv_trig/fsm_mem_data_reg_r1_64_127_7_13/RAMD/RAMD64_INST/O
                         net (fo=1, estimated)        0.208     6.306    u_ila_0/inst/axis_ila_adv_trig/inst/u_adv_trig/fsm_mem_data_reg_r1_64_127_7_13_n_3
    SLICE_X320Y141       LUT4 (Prop_E5LUT_SLICEL_I3_O)
                                                      0.079     6.385 r  u_ila_0/inst/axis_ila_adv_trig/inst/u_adv_trig/CNT_CTRL_O[6]_INST_0/O
                         net (fo=1, estimated)        0.424     6.809    u_ila_0/inst/axis_ila_adv_trig/inst/u_count/G_COUNTER[4].U_COUNTER/CNT_CTRL[0]
    SLICE_X323Y133       LUT4 (Prop_H6LUT_SLICEM_I2_O)
                                                      0.030     6.839 r  u_ila_0/inst/axis_ila_adv_trig/inst/u_count/G_COUNTER[4].U_COUNTER/counter[16]_i_3/O
                         net (fo=18, estimated)       0.322     7.161    u_ila_0/inst/axis_ila_adv_trig/inst/u_count/G_COUNTER[4].U_COUNTER/counter[16]_i_3_n_0
    SLICE_X322Y129       LUT5 (Prop_E6LUT_SLICEL_I2_O)
                                                      0.057     7.218 r  u_ila_0/inst/axis_ila_adv_trig/inst/u_count/G_COUNTER[4].U_COUNTER/counter[4]_i_1/O
                         net (fo=1, estimated)        0.360     7.578    u_ila_0/inst/axis_ila_adv_trig/inst/u_count/G_COUNTER[4].U_COUNTER/p_1_in[4]
    SLICE_X322Y129       FDRE                                         r  u_ila_0/inst/axis_ila_adv_trig/inst/u_count/G_COUNTER[4].U_COUNTER/counter_reg[4]/D
  -------------------------------------------------------------------    -------------------

                         (clock clk_pl_0 rise edge)
                                                      4.166     4.166 r  
    PS9_X0Y0             PS9                          0.000     4.166 r  hemaia_system_i/versal_cips_0/inst/pspmc_0/inst/PS9_inst/PMCRCLKCLK[0]
                         net (fo=1, estimated)        0.000     4.166    hemaia_system_i/versal_cips_0/inst/pspmc_0/inst/pmc_pl_ref_clk[0]
    BUFG_PS_X0Y6         BUFG_PS (Prop_BUFG_PS_I_O)
                                                      0.057     4.223 r  hemaia_system_i/versal_cips_0/inst/pspmc_0/inst/buffer_pl_clk_0.PL_CLK_0_BUFG/O
    X7Y4 (CLOCK_ROOT)    net (fo=705, estimated)      3.846     8.069    u_ila_0/inst/axis_ila_adv_trig/inst/u_count/G_COUNTER[4].U_COUNTER/CLK
    SLICE_X322Y129       FDRE                                         r  u_ila_0/inst/axis_ila_adv_trig/inst/u_count/G_COUNTER[4].U_COUNTER/counter_reg[4]/C
                         clock pessimism              0.461     8.530    
                         clock uncertainty           -0.107     8.422    
    SLICE_X322Y129       FDRE (Setup_DFF_SLICEL_C_D)
                                                      0.007     8.429    u_ila_0/inst/axis_ila_adv_trig/inst/u_count/G_COUNTER[4].U_COUNTER/counter_reg[4]
  -------------------------------------------------------------------
                         required time                          8.429    
                         arrival time                          -7.578    
  -------------------------------------------------------------------
                         slack                                  0.852    




