Copyright 1986-2022 Xilinx, Inc. All Rights Reserved. Copyright 2022-2025 Advanced Micro Devices, Inc. All Rights Reserved.
---------------------------------------------------------------------------------------------------------------------------------------------
| Tool Version : Vivado v.2025.2 (lin64) Build 6299465 Fri Nov 14 12:34:56 MST 2025
| Date         : Sun Jul  5 19:54:19 2026
| Host         : barnard3.esat.kuleuven.be running 64-bit Rocky Linux release 8.10 (Green Obsidian)
| Command      : report_utilization -hierarchical -hierarchical_depth 8 -file HeMAiA/target/fpga/hemaia_system/post_physopt_util_hier.rpt
| Design       : hemaia_system_wrapper
| Device       : xcvp1802-lsvc4072-2MP-e-S
| Speed File   : -2MP
| Design State : Physopt postPlace
---------------------------------------------------------------------------------------------------------------------------------------------

Utilization Design Information

Table of Contents
-----------------
1. Utilization by Hierarchy

1. Utilization by Hierarchy
---------------------------

+---------------------------------------------------------------------------------------------+------------------------------------------------------------------------------------------------------+------------+------------+---------+------+--------+--------+--------+------+------------+
|                                           Instance                                          |                                                Module                                                | Total LUTs | Logic LUTs | LUTRAMs | SRLs |   FFs  | RAMB36 | RAMB18 | URAM | DSP Blocks |
+---------------------------------------------------------------------------------------------+------------------------------------------------------------------------------------------------------+------------+------------+---------+------+--------+--------+--------+------+------------+
| hemaia_system_wrapper                                                                       |                                                                                                (top) |    1616852 |    1567187 |   49298 |  367 | 654125 |   2346 |     16 | 1776 |        429 |
|   (hemaia_system_wrapper)                                                                   |                                                                                                (top) |          0 |          0 |       0 |    0 |      0 |      0 |      0 |    0 |          0 |
|   axi_dbg_hub                                                                               |                                                                            axi_dbg_hub_axi_dbg_hub_0 |        631 |        631 |       0 |    0 |    949 |      0 |      0 |    0 |          0 |
|     inst                                                                                    |                                                                axi_dbg_hub_axi_dbg_hub_0_axi_dbg_hub |        631 |        631 |       0 |    0 |    949 |      0 |      0 |    0 |          0 |
|       sv_top_inst                                                                           |                                                 axi_dbg_hub_axi_dbg_hub_0_axi_dbg_hub_v2_0_10_sv_top |        631 |        631 |       0 |    0 |    949 |      0 |      0 |    0 |          0 |
|         core_inst                                                                           |                                                   axi_dbg_hub_axi_dbg_hub_0_axi_dbg_hub_v2_0_10_core |        631 |        631 |       0 |    0 |    949 |      0 |      0 |    0 |          0 |
|           dbg_core_intf_inst                                                                |                                              axi_dbg_hub_axi_dbg_hub_0_axi_dbg_hub_v2_0_10_core_intf |        183 |        183 |       0 |    0 |    268 |      0 |      0 |    0 |          0 |
|             (dbg_core_intf_inst)                                                            |                                              axi_dbg_hub_axi_dbg_hub_0_axi_dbg_hub_v2_0_10_core_intf |         37 |         37 |       0 |    0 |    169 |      0 |      0 |    0 |          0 |
|             dbg_core_axis_intf0_inst                                                        |                                          axi_dbg_hub_axi_dbg_hub_0_axi_dbg_hub_v2_0_10_stream_engine |         63 |         63 |       0 |    0 |     48 |      0 |      0 |    0 |          0 |
|             dbg_core_axis_intf1_inst                                                        |                          axi_dbg_hub_axi_dbg_hub_0_axi_dbg_hub_v2_0_10_stream_engine__parameterized0 |         60 |         60 |       0 |    0 |     47 |      0 |      0 |    0 |          0 |
|           dbg_core_reg_intf_inst                                                            |                                               axi_dbg_hub_axi_dbg_hub_0_axi_dbg_hub_v2_0_10_reg_intf |        449 |        449 |       0 |    0 |    681 |      0 |      0 |    0 |          0 |
|   hemaia_system_i                                                                           |                                                                                        hemaia_system |    1613371 |    1564185 |   49186 |    0 | 650094 |   2344 |     16 | 1776 |        429 |
|     occamy_chip                                                                             |                                                                          hemaia_system_occamy_chip_0 |    1612807 |    1563621 |   49186 |    0 | 649000 |   2344 |     16 | 1776 |        429 |
|       inst                                                                                  |                                                              hemaia_system_occamy_chip_0_occamy_chip |    1612807 |    1563621 |   49186 |    0 | 649000 |   2344 |     16 | 1776 |        429 |
|         (inst)                                                                              |                                                              hemaia_system_occamy_chip_0_occamy_chip |        515 |          3 |     512 |    0 |    121 |      0 |      0 |    0 |          0 |
|         adder                                                                               |                                                                hemaia_system_occamy_chip_0_adder_mod |        256 |        256 |       0 |    0 |      0 |      0 |      0 |    0 |          0 |
|         adder_1                                                                             |                                                              hemaia_system_occamy_chip_0_adder_1_mod |        256 |        256 |       0 |    0 |      0 |      0 |      0 |    0 |          0 |
|         adder_10                                                                            |                                                             hemaia_system_occamy_chip_0_adder_10_mod |        256 |        256 |       0 |    0 |      0 |      0 |      0 |    0 |          0 |
|         adder_100                                                                           |                                                            hemaia_system_occamy_chip_0_adder_100_mod |        256 |        256 |       0 |    0 |      0 |      0 |      0 |    0 |          0 |
|         adder_101                                                                           |                                                            hemaia_system_occamy_chip_0_adder_101_mod |        256 |        256 |       0 |    0 |      0 |      0 |      0 |    0 |          0 |
|         adder_102                                                                           |                                                            hemaia_system_occamy_chip_0_adder_102_mod |        256 |        256 |       0 |    0 |      0 |      0 |      0 |    0 |          0 |
|         adder_103                                                                           |                                                            hemaia_system_occamy_chip_0_adder_103_mod |        256 |        256 |       0 |    0 |      0 |      0 |      0 |    0 |          0 |
|         adder_104                                                                           |                                                            hemaia_system_occamy_chip_0_adder_104_mod |        256 |        256 |       0 |    0 |      0 |      0 |      0 |    0 |          0 |
|         adder_105                                                                           |                                                            hemaia_system_occamy_chip_0_adder_105_mod |        256 |        256 |       0 |    0 |      0 |      0 |      0 |    0 |          0 |
|         adder_106                                                                           |                                                            hemaia_system_occamy_chip_0_adder_106_mod |        256 |        256 |       0 |    0 |      0 |      0 |      0 |    0 |          0 |
|         adder_107                                                                           |                                                            hemaia_system_occamy_chip_0_adder_107_mod |        256 |        256 |       0 |    0 |      0 |      0 |      0 |    0 |          0 |
|         adder_108                                                                           |                                                            hemaia_system_occamy_chip_0_adder_108_mod |        256 |        256 |       0 |    0 |      0 |      0 |      0 |    0 |          0 |
|         adder_109                                                                           |                                                            hemaia_system_occamy_chip_0_adder_109_mod |        256 |        256 |       0 |    0 |      0 |      0 |      0 |    0 |          0 |
|         adder_11                                                                            |                                                             hemaia_system_occamy_chip_0_adder_11_mod |        256 |        256 |       0 |    0 |      0 |      0 |      0 |    0 |          0 |
|         adder_110                                                                           |                                                            hemaia_system_occamy_chip_0_adder_110_mod |        256 |        256 |       0 |    0 |      0 |      0 |      0 |    0 |          0 |
|         adder_111                                                                           |                                                            hemaia_system_occamy_chip_0_adder_111_mod |        256 |        256 |       0 |    0 |      0 |      0 |      0 |    0 |          0 |
|         adder_112                                                                           |                                                            hemaia_system_occamy_chip_0_adder_112_mod |        256 |        256 |       0 |    0 |      0 |      0 |      0 |    0 |          0 |
|         adder_113                                                                           |                                                            hemaia_system_occamy_chip_0_adder_113_mod |        256 |        256 |       0 |    0 |      0 |      0 |      0 |    0 |          0 |
|         adder_114                                                                           |                                                            hemaia_system_occamy_chip_0_adder_114_mod |        256 |        256 |       0 |    0 |      0 |      0 |      0 |    0 |          0 |
|         adder_115                                                                           |                                                            hemaia_system_occamy_chip_0_adder_115_mod |        256 |        256 |       0 |    0 |      0 |      0 |      0 |    0 |          0 |
|         adder_116                                                                           |                                                            hemaia_system_occamy_chip_0_adder_116_mod |        256 |        256 |       0 |    0 |      0 |      0 |      0 |    0 |          0 |
|         adder_117                                                                           |                                                            hemaia_system_occamy_chip_0_adder_117_mod |        256 |        256 |       0 |    0 |      0 |      0 |      0 |    0 |          0 |
|         adder_118                                                                           |                                                            hemaia_system_occamy_chip_0_adder_118_mod |        256 |        256 |       0 |    0 |      0 |      0 |      0 |    0 |          0 |
|         adder_119                                                                           |                                                            hemaia_system_occamy_chip_0_adder_119_mod |        256 |        256 |       0 |    0 |      0 |      0 |      0 |    0 |          0 |
|         adder_12                                                                            |                                                             hemaia_system_occamy_chip_0_adder_12_mod |        256 |        256 |       0 |    0 |      0 |      0 |      0 |    0 |          0 |
|         adder_120                                                                           |                                                            hemaia_system_occamy_chip_0_adder_120_mod |        256 |        256 |       0 |    0 |      0 |      0 |      0 |    0 |          0 |
|         adder_121                                                                           |                                                            hemaia_system_occamy_chip_0_adder_121_mod |        256 |        256 |       0 |    0 |      0 |      0 |      0 |    0 |          0 |
|         adder_122                                                                           |                                                            hemaia_system_occamy_chip_0_adder_122_mod |        256 |        256 |       0 |    0 |      0 |      0 |      0 |    0 |          0 |
|         adder_123                                                                           |                                                            hemaia_system_occamy_chip_0_adder_123_mod |        256 |        256 |       0 |    0 |      0 |      0 |      0 |    0 |          0 |
|         adder_124                                                                           |                                                            hemaia_system_occamy_chip_0_adder_124_mod |        256 |        256 |       0 |    0 |      0 |      0 |      0 |    0 |          0 |
|         adder_125                                                                           |                                                            hemaia_system_occamy_chip_0_adder_125_mod |        256 |        256 |       0 |    0 |      0 |      0 |      0 |    0 |          0 |
|         adder_126                                                                           |                                                            hemaia_system_occamy_chip_0_adder_126_mod |        256 |        256 |       0 |    0 |      0 |      0 |      0 |    0 |          0 |
|         adder_127                                                                           |                                                            hemaia_system_occamy_chip_0_adder_127_mod |        256 |        256 |       0 |    0 |      0 |      0 |      0 |    0 |          0 |
|         adder_128                                                                           |                                                            hemaia_system_occamy_chip_0_adder_128_mod |        256 |        256 |       0 |    0 |      0 |      0 |      0 |    0 |          0 |
|         adder_129                                                                           |                                                            hemaia_system_occamy_chip_0_adder_129_mod |        256 |        256 |       0 |    0 |      0 |      0 |      0 |    0 |          0 |
|         adder_13                                                                            |                                                             hemaia_system_occamy_chip_0_adder_13_mod |        256 |        256 |       0 |    0 |      0 |      0 |      0 |    0 |          0 |
|         adder_130                                                                           |                                                            hemaia_system_occamy_chip_0_adder_130_mod |        256 |        256 |       0 |    0 |      0 |      0 |      0 |    0 |          0 |
|         adder_131                                                                           |                                                            hemaia_system_occamy_chip_0_adder_131_mod |        256 |        256 |       0 |    0 |      0 |      0 |      0 |    0 |          0 |
|         adder_132                                                                           |                                                            hemaia_system_occamy_chip_0_adder_132_mod |        256 |        256 |       0 |    0 |      0 |      0 |      0 |    0 |          0 |
|         adder_133                                                                           |                                                            hemaia_system_occamy_chip_0_adder_133_mod |        256 |        256 |       0 |    0 |      0 |      0 |      0 |    0 |          0 |
|         adder_134                                                                           |                                                            hemaia_system_occamy_chip_0_adder_134_mod |        256 |        256 |       0 |    0 |      0 |      0 |      0 |    0 |          0 |
|         adder_135                                                                           |                                                            hemaia_system_occamy_chip_0_adder_135_mod |        256 |        256 |       0 |    0 |      0 |      0 |      0 |    0 |          0 |
|         adder_136                                                                           |                                                            hemaia_system_occamy_chip_0_adder_136_mod |        256 |        256 |       0 |    0 |      0 |      0 |      0 |    0 |          0 |
|         adder_137                                                                           |                                                            hemaia_system_occamy_chip_0_adder_137_mod |        256 |        256 |       0 |    0 |      0 |      0 |      0 |    0 |          0 |
|         adder_138                                                                           |                                                            hemaia_system_occamy_chip_0_adder_138_mod |        256 |        256 |       0 |    0 |      0 |      0 |      0 |    0 |          0 |
|         adder_139                                                                           |                                                            hemaia_system_occamy_chip_0_adder_139_mod |        256 |        256 |       0 |    0 |      0 |      0 |      0 |    0 |          0 |
|         adder_14                                                                            |                                                             hemaia_system_occamy_chip_0_adder_14_mod |        256 |        256 |       0 |    0 |      0 |      0 |      0 |    0 |          0 |
|         adder_140                                                                           |                                                            hemaia_system_occamy_chip_0_adder_140_mod |        256 |        256 |       0 |    0 |      0 |      0 |      0 |    0 |          0 |
|         adder_141                                                                           |                                                            hemaia_system_occamy_chip_0_adder_141_mod |        256 |        256 |       0 |    0 |      0 |      0 |      0 |    0 |          0 |
|         adder_142                                                                           |                                                            hemaia_system_occamy_chip_0_adder_142_mod |        256 |        256 |       0 |    0 |      0 |      0 |      0 |    0 |          0 |
|         adder_143                                                                           |                                                            hemaia_system_occamy_chip_0_adder_143_mod |        256 |        256 |       0 |    0 |      0 |      0 |      0 |    0 |          0 |
|         adder_144                                                                           |                                                            hemaia_system_occamy_chip_0_adder_144_mod |        256 |        256 |       0 |    0 |      0 |      0 |      0 |    0 |          0 |
|         adder_145                                                                           |                                                            hemaia_system_occamy_chip_0_adder_145_mod |        256 |        256 |       0 |    0 |      0 |      0 |      0 |    0 |          0 |
|         adder_146                                                                           |                                                            hemaia_system_occamy_chip_0_adder_146_mod |        256 |        256 |       0 |    0 |      0 |      0 |      0 |    0 |          0 |
|         adder_147                                                                           |                                                            hemaia_system_occamy_chip_0_adder_147_mod |        256 |        256 |       0 |    0 |      0 |      0 |      0 |    0 |          0 |
|         adder_148                                                                           |                                                            hemaia_system_occamy_chip_0_adder_148_mod |        256 |        256 |       0 |    0 |      0 |      0 |      0 |    0 |          0 |
|         adder_149                                                                           |                                                            hemaia_system_occamy_chip_0_adder_149_mod |        256 |        256 |       0 |    0 |      0 |      0 |      0 |    0 |          0 |
|         adder_15                                                                            |                                                             hemaia_system_occamy_chip_0_adder_15_mod |        256 |        256 |       0 |    0 |      0 |      0 |      0 |    0 |          0 |
|         adder_150                                                                           |                                                            hemaia_system_occamy_chip_0_adder_150_mod |        256 |        256 |       0 |    0 |      0 |      0 |      0 |    0 |          0 |
|         adder_151                                                                           |                                                            hemaia_system_occamy_chip_0_adder_151_mod |        256 |        256 |       0 |    0 |      0 |      0 |      0 |    0 |          0 |
|         adder_152                                                                           |                                                            hemaia_system_occamy_chip_0_adder_152_mod |        256 |        256 |       0 |    0 |      0 |      0 |      0 |    0 |          0 |
|         adder_153                                                                           |                                                            hemaia_system_occamy_chip_0_adder_153_mod |        256 |        256 |       0 |    0 |      0 |      0 |      0 |    0 |          0 |
|         adder_154                                                                           |                                                            hemaia_system_occamy_chip_0_adder_154_mod |        256 |        256 |       0 |    0 |      0 |      0 |      0 |    0 |          0 |
|         adder_155                                                                           |                                                            hemaia_system_occamy_chip_0_adder_155_mod |        256 |        256 |       0 |    0 |      0 |      0 |      0 |    0 |          0 |
|         adder_156                                                                           |                                                            hemaia_system_occamy_chip_0_adder_156_mod |        256 |        256 |       0 |    0 |      0 |      0 |      0 |    0 |          0 |
|         adder_157                                                                           |                                                            hemaia_system_occamy_chip_0_adder_157_mod |        256 |        256 |       0 |    0 |      0 |      0 |      0 |    0 |          0 |
|         adder_158                                                                           |                                                            hemaia_system_occamy_chip_0_adder_158_mod |        256 |        256 |       0 |    0 |      0 |      0 |      0 |    0 |          0 |
|         adder_159                                                                           |                                                            hemaia_system_occamy_chip_0_adder_159_mod |        256 |        256 |       0 |    0 |      0 |      0 |      0 |    0 |          0 |
|         adder_16                                                                            |                                                             hemaia_system_occamy_chip_0_adder_16_mod |        256 |        256 |       0 |    0 |      0 |      0 |      0 |    0 |          0 |
|         adder_160                                                                           |                                                            hemaia_system_occamy_chip_0_adder_160_mod |        256 |        256 |       0 |    0 |      0 |      0 |      0 |    0 |          0 |
|         adder_161                                                                           |                                                            hemaia_system_occamy_chip_0_adder_161_mod |        256 |        256 |       0 |    0 |      0 |      0 |      0 |    0 |          0 |
|         adder_162                                                                           |                                                            hemaia_system_occamy_chip_0_adder_162_mod |        256 |        256 |       0 |    0 |      0 |      0 |      0 |    0 |          0 |
|         adder_163                                                                           |                                                            hemaia_system_occamy_chip_0_adder_163_mod |        256 |        256 |       0 |    0 |      0 |      0 |      0 |    0 |          0 |
|         adder_164                                                                           |                                                            hemaia_system_occamy_chip_0_adder_164_mod |        256 |        256 |       0 |    0 |      0 |      0 |      0 |    0 |          0 |
|         adder_165                                                                           |                                                            hemaia_system_occamy_chip_0_adder_165_mod |        256 |        256 |       0 |    0 |      0 |      0 |      0 |    0 |          0 |
|         adder_166                                                                           |                                                            hemaia_system_occamy_chip_0_adder_166_mod |        256 |        256 |       0 |    0 |      0 |      0 |      0 |    0 |          0 |
|         adder_167                                                                           |                                                            hemaia_system_occamy_chip_0_adder_167_mod |        256 |        256 |       0 |    0 |      0 |      0 |      0 |    0 |          0 |
|         adder_168                                                                           |                                                            hemaia_system_occamy_chip_0_adder_168_mod |        256 |        256 |       0 |    0 |      0 |      0 |      0 |    0 |          0 |
|         adder_169                                                                           |                                                            hemaia_system_occamy_chip_0_adder_169_mod |        256 |        256 |       0 |    0 |      0 |      0 |      0 |    0 |          0 |
|         adder_17                                                                            |                                                             hemaia_system_occamy_chip_0_adder_17_mod |        256 |        256 |       0 |    0 |      0 |      0 |      0 |    0 |          0 |
|         adder_170                                                                           |                                                            hemaia_system_occamy_chip_0_adder_170_mod |        256 |        256 |       0 |    0 |      0 |      0 |      0 |    0 |          0 |
|         adder_171                                                                           |                                                            hemaia_system_occamy_chip_0_adder_171_mod |        256 |        256 |       0 |    0 |      0 |      0 |      0 |    0 |          0 |
|         adder_172                                                                           |                                                            hemaia_system_occamy_chip_0_adder_172_mod |        256 |        256 |       0 |    0 |      0 |      0 |      0 |    0 |          0 |
|         adder_173                                                                           |                                                            hemaia_system_occamy_chip_0_adder_173_mod |        256 |        256 |       0 |    0 |      0 |      0 |      0 |    0 |          0 |
|         adder_174                                                                           |                                                            hemaia_system_occamy_chip_0_adder_174_mod |        256 |        256 |       0 |    0 |      0 |      0 |      0 |    0 |          0 |
|         adder_175                                                                           |                                                            hemaia_system_occamy_chip_0_adder_175_mod |        256 |        256 |       0 |    0 |      0 |      0 |      0 |    0 |          0 |
|         adder_176                                                                           |                                                            hemaia_system_occamy_chip_0_adder_176_mod |        256 |        256 |       0 |    0 |      0 |      0 |      0 |    0 |          0 |
|         adder_177                                                                           |                                                            hemaia_system_occamy_chip_0_adder_177_mod |        256 |        256 |       0 |    0 |      0 |      0 |      0 |    0 |          0 |
|         adder_178                                                                           |                                                            hemaia_system_occamy_chip_0_adder_178_mod |        256 |        256 |       0 |    0 |      0 |      0 |      0 |    0 |          0 |
|         adder_179                                                                           |                                                            hemaia_system_occamy_chip_0_adder_179_mod |        256 |        256 |       0 |    0 |      0 |      0 |      0 |    0 |          0 |
|         adder_18                                                                            |                                                             hemaia_system_occamy_chip_0_adder_18_mod |        256 |        256 |       0 |    0 |      0 |      0 |      0 |    0 |          0 |
|         adder_180                                                                           |                                                            hemaia_system_occamy_chip_0_adder_180_mod |        256 |        256 |       0 |    0 |      0 |      0 |      0 |    0 |          0 |
|         adder_181                                                                           |                                                            hemaia_system_occamy_chip_0_adder_181_mod |        256 |        256 |       0 |    0 |      0 |      0 |      0 |    0 |          0 |
|         adder_182                                                                           |                                                            hemaia_system_occamy_chip_0_adder_182_mod |        256 |        256 |       0 |    0 |      0 |      0 |      0 |    0 |          0 |
|         adder_183                                                                           |                                                            hemaia_system_occamy_chip_0_adder_183_mod |        256 |        256 |       0 |    0 |      0 |      0 |      0 |    0 |          0 |
|         adder_184                                                                           |                                                            hemaia_system_occamy_chip_0_adder_184_mod |        256 |        256 |       0 |    0 |      0 |      0 |      0 |    0 |          0 |
|         adder_185                                                                           |                                                            hemaia_system_occamy_chip_0_adder_185_mod |        256 |        256 |       0 |    0 |      0 |      0 |      0 |    0 |          0 |
|         adder_186                                                                           |                                                            hemaia_system_occamy_chip_0_adder_186_mod |        256 |        256 |       0 |    0 |      0 |      0 |      0 |    0 |          0 |
|         adder_187                                                                           |                                                            hemaia_system_occamy_chip_0_adder_187_mod |        256 |        256 |       0 |    0 |      0 |      0 |      0 |    0 |          0 |
|         adder_188                                                                           |                                                            hemaia_system_occamy_chip_0_adder_188_mod |        256 |        256 |       0 |    0 |      0 |      0 |      0 |    0 |          0 |
|         adder_189                                                                           |                                                            hemaia_system_occamy_chip_0_adder_189_mod |        256 |        256 |       0 |    0 |      0 |      0 |      0 |    0 |          0 |
|         adder_19                                                                            |                                                             hemaia_system_occamy_chip_0_adder_19_mod |        256 |        256 |       0 |    0 |      0 |      0 |      0 |    0 |          0 |
|         adder_190                                                                           |                                                            hemaia_system_occamy_chip_0_adder_190_mod |        256 |        256 |       0 |    0 |      0 |      0 |      0 |    0 |          0 |
|         adder_191                                                                           |                                                            hemaia_system_occamy_chip_0_adder_191_mod |        256 |        256 |       0 |    0 |      0 |      0 |      0 |    0 |          0 |
|         adder_2                                                                             |                                                              hemaia_system_occamy_chip_0_adder_2_mod |        256 |        256 |       0 |    0 |      0 |      0 |      0 |    0 |          0 |
|         adder_20                                                                            |                                                             hemaia_system_occamy_chip_0_adder_20_mod |        256 |        256 |       0 |    0 |      0 |      0 |      0 |    0 |          0 |
|         adder_21                                                                            |                                                             hemaia_system_occamy_chip_0_adder_21_mod |        256 |        256 |       0 |    0 |      0 |      0 |      0 |    0 |          0 |
|         adder_22                                                                            |                                                             hemaia_system_occamy_chip_0_adder_22_mod |        256 |        256 |       0 |    0 |      0 |      0 |      0 |    0 |          0 |
|         adder_23                                                                            |                                                             hemaia_system_occamy_chip_0_adder_23_mod |        256 |        256 |       0 |    0 |      0 |      0 |      0 |    0 |          0 |
|         adder_24                                                                            |                                                             hemaia_system_occamy_chip_0_adder_24_mod |        256 |        256 |       0 |    0 |      0 |      0 |      0 |    0 |          0 |
|         adder_25                                                                            |                                                             hemaia_system_occamy_chip_0_adder_25_mod |        256 |        256 |       0 |    0 |      0 |      0 |      0 |    0 |          0 |
|         adder_256                                                                           |                                                            hemaia_system_occamy_chip_0_adder_256_mod |        256 |        256 |       0 |    0 |      0 |      0 |      0 |    0 |          0 |
|         adder_257                                                                           |                                                            hemaia_system_occamy_chip_0_adder_257_mod |        256 |        256 |       0 |    0 |      0 |      0 |      0 |    0 |          0 |
|         adder_258                                                                           |                                                            hemaia_system_occamy_chip_0_adder_258_mod |        256 |        256 |       0 |    0 |      0 |      0 |      0 |    0 |          0 |
|         adder_259                                                                           |                                                            hemaia_system_occamy_chip_0_adder_259_mod |        256 |        256 |       0 |    0 |      0 |      0 |      0 |    0 |          0 |
|         adder_26                                                                            |                                                             hemaia_system_occamy_chip_0_adder_26_mod |        256 |        256 |       0 |    0 |      0 |      0 |      0 |    0 |          0 |
|         adder_260                                                                           |                                                            hemaia_system_occamy_chip_0_adder_260_mod |        256 |        256 |       0 |    0 |      0 |      0 |      0 |    0 |          0 |
|         adder_261                                                                           |                                                            hemaia_system_occamy_chip_0_adder_261_mod |        256 |        256 |       0 |    0 |      0 |      0 |      0 |    0 |          0 |
|         adder_262                                                                           |                                                            hemaia_system_occamy_chip_0_adder_262_mod |        256 |        256 |       0 |    0 |      0 |      0 |      0 |    0 |          0 |
|         adder_263                                                                           |                                                            hemaia_system_occamy_chip_0_adder_263_mod |        256 |        256 |       0 |    0 |      0 |      0 |      0 |    0 |          0 |
|         adder_264                                                                           |                                                            hemaia_system_occamy_chip_0_adder_264_mod |        256 |        256 |       0 |    0 |      0 |      0 |      0 |    0 |          0 |
|         adder_265                                                                           |                                                            hemaia_system_occamy_chip_0_adder_265_mod |        256 |        256 |       0 |    0 |      0 |      0 |      0 |    0 |          0 |
|         adder_266                                                                           |                                                            hemaia_system_occamy_chip_0_adder_266_mod |        256 |        256 |       0 |    0 |      0 |      0 |      0 |    0 |          0 |
|         adder_267                                                                           |                                                            hemaia_system_occamy_chip_0_adder_267_mod |        256 |        256 |       0 |    0 |      0 |      0 |      0 |    0 |          0 |
|         adder_268                                                                           |                                                            hemaia_system_occamy_chip_0_adder_268_mod |        256 |        256 |       0 |    0 |      0 |      0 |      0 |    0 |          0 |
|         adder_269                                                                           |                                                            hemaia_system_occamy_chip_0_adder_269_mod |        256 |        256 |       0 |    0 |      0 |      0 |      0 |    0 |          0 |
|         adder_27                                                                            |                                                             hemaia_system_occamy_chip_0_adder_27_mod |        256 |        256 |       0 |    0 |      0 |      0 |      0 |    0 |          0 |
|         adder_270                                                                           |                                                            hemaia_system_occamy_chip_0_adder_270_mod |        256 |        256 |       0 |    0 |      0 |      0 |      0 |    0 |          0 |
|         adder_271                                                                           |                                                            hemaia_system_occamy_chip_0_adder_271_mod |        256 |        256 |       0 |    0 |      0 |      0 |      0 |    0 |          0 |
|         adder_272                                                                           |                                                            hemaia_system_occamy_chip_0_adder_272_mod |        256 |        256 |       0 |    0 |      0 |      0 |      0 |    0 |          0 |
|         adder_273                                                                           |                                                            hemaia_system_occamy_chip_0_adder_273_mod |        256 |        256 |       0 |    0 |      0 |      0 |      0 |    0 |          0 |
|         adder_274                                                                           |                                                            hemaia_system_occamy_chip_0_adder_274_mod |        256 |        256 |       0 |    0 |      0 |      0 |      0 |    0 |          0 |
|         adder_275                                                                           |                                                            hemaia_system_occamy_chip_0_adder_275_mod |        256 |        256 |       0 |    0 |      0 |      0 |      0 |    0 |          0 |
|         adder_276                                                                           |                                                            hemaia_system_occamy_chip_0_adder_276_mod |        256 |        256 |       0 |    0 |      0 |      0 |      0 |    0 |          0 |
|         adder_277                                                                           |                                                            hemaia_system_occamy_chip_0_adder_277_mod |        256 |        256 |       0 |    0 |      0 |      0 |      0 |    0 |          0 |
|         adder_278                                                                           |                                                            hemaia_system_occamy_chip_0_adder_278_mod |        256 |        256 |       0 |    0 |      0 |      0 |      0 |    0 |          0 |
|         adder_279                                                                           |                                                            hemaia_system_occamy_chip_0_adder_279_mod |        256 |        256 |       0 |    0 |      0 |      0 |      0 |    0 |          0 |
|         adder_28                                                                            |                                                             hemaia_system_occamy_chip_0_adder_28_mod |        256 |        256 |       0 |    0 |      0 |      0 |      0 |    0 |          0 |
|         adder_280                                                                           |                                                            hemaia_system_occamy_chip_0_adder_280_mod |        256 |        256 |       0 |    0 |      0 |      0 |      0 |    0 |          0 |
|         adder_281                                                                           |                                                            hemaia_system_occamy_chip_0_adder_281_mod |        256 |        256 |       0 |    0 |      0 |      0 |      0 |    0 |          0 |
|         adder_282                                                                           |                                                            hemaia_system_occamy_chip_0_adder_282_mod |        256 |        256 |       0 |    0 |      0 |      0 |      0 |    0 |          0 |
|         adder_283                                                                           |                                                            hemaia_system_occamy_chip_0_adder_283_mod |        256 |        256 |       0 |    0 |      0 |      0 |      0 |    0 |          0 |
|         adder_284                                                                           |                                                            hemaia_system_occamy_chip_0_adder_284_mod |        256 |        256 |       0 |    0 |      0 |      0 |      0 |    0 |          0 |
|         adder_285                                                                           |                                                            hemaia_system_occamy_chip_0_adder_285_mod |        256 |        256 |       0 |    0 |      0 |      0 |      0 |    0 |          0 |
|         adder_286                                                                           |                                                            hemaia_system_occamy_chip_0_adder_286_mod |        256 |        256 |       0 |    0 |      0 |      0 |      0 |    0 |          0 |
|         adder_287                                                                           |                                                            hemaia_system_occamy_chip_0_adder_287_mod |        256 |        256 |       0 |    0 |      0 |      0 |      0 |    0 |          0 |
|         adder_29                                                                            |                                                             hemaia_system_occamy_chip_0_adder_29_mod |        256 |        256 |       0 |    0 |      0 |      0 |      0 |    0 |          0 |
|         adder_3                                                                             |                                                              hemaia_system_occamy_chip_0_adder_3_mod |        256 |        256 |       0 |    0 |      0 |      0 |      0 |    0 |          0 |
|         adder_30                                                                            |                                                             hemaia_system_occamy_chip_0_adder_30_mod |        256 |        256 |       0 |    0 |      0 |      0 |      0 |    0 |          0 |
|         adder_31                                                                            |                                                             hemaia_system_occamy_chip_0_adder_31_mod |        256 |        256 |       0 |    0 |      0 |      0 |      0 |    0 |          0 |
|         adder_32                                                                            |                                                             hemaia_system_occamy_chip_0_adder_32_mod |        256 |        256 |       0 |    0 |      0 |      0 |      0 |    0 |          0 |
|         adder_33                                                                            |                                                             hemaia_system_occamy_chip_0_adder_33_mod |        256 |        256 |       0 |    0 |      0 |      0 |      0 |    0 |          0 |
|         adder_34                                                                            |                                                             hemaia_system_occamy_chip_0_adder_34_mod |        256 |        256 |       0 |    0 |      0 |      0 |      0 |    0 |          0 |
|         adder_35                                                                            |                                                             hemaia_system_occamy_chip_0_adder_35_mod |        256 |        256 |       0 |    0 |      0 |      0 |      0 |    0 |          0 |
|         adder_36                                                                            |                                                             hemaia_system_occamy_chip_0_adder_36_mod |        256 |        256 |       0 |    0 |      0 |      0 |      0 |    0 |          0 |
|         adder_37                                                                            |                                                             hemaia_system_occamy_chip_0_adder_37_mod |        256 |        256 |       0 |    0 |      0 |      0 |      0 |    0 |          0 |
|         adder_38                                                                            |                                                             hemaia_system_occamy_chip_0_adder_38_mod |        256 |        256 |       0 |    0 |      0 |      0 |      0 |    0 |          0 |
|         adder_39                                                                            |                                                             hemaia_system_occamy_chip_0_adder_39_mod |        256 |        256 |       0 |    0 |      0 |      0 |      0 |    0 |          0 |
|         adder_4                                                                             |                                                              hemaia_system_occamy_chip_0_adder_4_mod |        256 |        256 |       0 |    0 |      0 |      0 |      0 |    0 |          0 |
|         adder_40                                                                            |                                                             hemaia_system_occamy_chip_0_adder_40_mod |        256 |        256 |       0 |    0 |      0 |      0 |      0 |    0 |          0 |
|         adder_41                                                                            |                                                             hemaia_system_occamy_chip_0_adder_41_mod |        256 |        256 |       0 |    0 |      0 |      0 |      0 |    0 |          0 |
|         adder_42                                                                            |                                                             hemaia_system_occamy_chip_0_adder_42_mod |        256 |        256 |       0 |    0 |      0 |      0 |      0 |    0 |          0 |
|         adder_43                                                                            |                                                             hemaia_system_occamy_chip_0_adder_43_mod |        256 |        256 |       0 |    0 |      0 |      0 |      0 |    0 |          0 |
|         adder_44                                                                            |                                                             hemaia_system_occamy_chip_0_adder_44_mod |        256 |        256 |       0 |    0 |      0 |      0 |      0 |    0 |          0 |
|         adder_45                                                                            |                                                             hemaia_system_occamy_chip_0_adder_45_mod |        256 |        256 |       0 |    0 |      0 |      0 |      0 |    0 |          0 |
|         adder_46                                                                            |                                                             hemaia_system_occamy_chip_0_adder_46_mod |        256 |        256 |       0 |    0 |      0 |      0 |      0 |    0 |          0 |
|         adder_47                                                                            |                                                             hemaia_system_occamy_chip_0_adder_47_mod |        256 |        256 |       0 |    0 |      0 |      0 |      0 |    0 |          0 |
|         adder_48                                                                            |                                                             hemaia_system_occamy_chip_0_adder_48_mod |        256 |        256 |       0 |    0 |      0 |      0 |      0 |    0 |          0 |
|         adder_49                                                                            |                                                             hemaia_system_occamy_chip_0_adder_49_mod |        256 |        256 |       0 |    0 |      0 |      0 |      0 |    0 |          0 |
|         adder_5                                                                             |                                                              hemaia_system_occamy_chip_0_adder_5_mod |        256 |        256 |       0 |    0 |      0 |      0 |      0 |    0 |          0 |
|         adder_50                                                                            |                                                             hemaia_system_occamy_chip_0_adder_50_mod |        256 |        256 |       0 |    0 |      0 |      0 |      0 |    0 |          0 |
|         adder_51                                                                            |                                                             hemaia_system_occamy_chip_0_adder_51_mod |        256 |        256 |       0 |    0 |      0 |      0 |      0 |    0 |          0 |
|         adder_52                                                                            |                                                             hemaia_system_occamy_chip_0_adder_52_mod |        256 |        256 |       0 |    0 |      0 |      0 |      0 |    0 |          0 |
|         adder_53                                                                            |                                                             hemaia_system_occamy_chip_0_adder_53_mod |        256 |        256 |       0 |    0 |      0 |      0 |      0 |    0 |          0 |
|         adder_54                                                                            |                                                             hemaia_system_occamy_chip_0_adder_54_mod |        256 |        256 |       0 |    0 |      0 |      0 |      0 |    0 |          0 |
|         adder_55                                                                            |                                                             hemaia_system_occamy_chip_0_adder_55_mod |        256 |        256 |       0 |    0 |      0 |      0 |      0 |    0 |          0 |
|         adder_56                                                                            |                                                             hemaia_system_occamy_chip_0_adder_56_mod |        256 |        256 |       0 |    0 |      0 |      0 |      0 |    0 |          0 |
|         adder_57                                                                            |                                                             hemaia_system_occamy_chip_0_adder_57_mod |        256 |        256 |       0 |    0 |      0 |      0 |      0 |    0 |          0 |
|         adder_58                                                                            |                                                             hemaia_system_occamy_chip_0_adder_58_mod |        256 |        256 |       0 |    0 |      0 |      0 |      0 |    0 |          0 |
|         adder_59                                                                            |                                                             hemaia_system_occamy_chip_0_adder_59_mod |        256 |        256 |       0 |    0 |      0 |      0 |      0 |    0 |          0 |
|         adder_6                                                                             |                                                              hemaia_system_occamy_chip_0_adder_6_mod |        256 |        256 |       0 |    0 |      0 |      0 |      0 |    0 |          0 |
|         adder_60                                                                            |                                                             hemaia_system_occamy_chip_0_adder_60_mod |        256 |        256 |       0 |    0 |      0 |      0 |      0 |    0 |          0 |
|         adder_61                                                                            |                                                             hemaia_system_occamy_chip_0_adder_61_mod |        256 |        256 |       0 |    0 |      0 |      0 |      0 |    0 |          0 |
|         adder_62                                                                            |                                                             hemaia_system_occamy_chip_0_adder_62_mod |        256 |        256 |       0 |    0 |      0 |      0 |      0 |    0 |          0 |
|         adder_63                                                                            |                                                             hemaia_system_occamy_chip_0_adder_63_mod |        256 |        256 |       0 |    0 |      0 |      0 |      0 |    0 |          0 |
|         adder_64                                                                            |                                                             hemaia_system_occamy_chip_0_adder_64_mod |        256 |        256 |       0 |    0 |      0 |      0 |      0 |    0 |          0 |
|         adder_65                                                                            |                                                             hemaia_system_occamy_chip_0_adder_65_mod |        256 |        256 |       0 |    0 |      0 |      0 |      0 |    0 |          0 |
|         adder_66                                                                            |                                                             hemaia_system_occamy_chip_0_adder_66_mod |        256 |        256 |       0 |    0 |      0 |      0 |      0 |    0 |          0 |
|         adder_67                                                                            |                                                             hemaia_system_occamy_chip_0_adder_67_mod |        256 |        256 |       0 |    0 |      0 |      0 |      0 |    0 |          0 |
|         adder_68                                                                            |                                                             hemaia_system_occamy_chip_0_adder_68_mod |        256 |        256 |       0 |    0 |      0 |      0 |      0 |    0 |          0 |
|         adder_69                                                                            |                                                             hemaia_system_occamy_chip_0_adder_69_mod |        256 |        256 |       0 |    0 |      0 |      0 |      0 |    0 |          0 |
|         adder_7                                                                             |                                                              hemaia_system_occamy_chip_0_adder_7_mod |        256 |        256 |       0 |    0 |      0 |      0 |      0 |    0 |          0 |
|         adder_70                                                                            |                                                             hemaia_system_occamy_chip_0_adder_70_mod |        256 |        256 |       0 |    0 |      0 |      0 |      0 |    0 |          0 |
|         adder_71                                                                            |                                                             hemaia_system_occamy_chip_0_adder_71_mod |        256 |        256 |       0 |    0 |      0 |      0 |      0 |    0 |          0 |
|         adder_72                                                                            |                                                             hemaia_system_occamy_chip_0_adder_72_mod |        256 |        256 |       0 |    0 |      0 |      0 |      0 |    0 |          0 |
|         adder_73                                                                            |                                                             hemaia_system_occamy_chip_0_adder_73_mod |        256 |        256 |       0 |    0 |      0 |      0 |      0 |    0 |          0 |
|         adder_74                                                                            |                                                             hemaia_system_occamy_chip_0_adder_74_mod |        256 |        256 |       0 |    0 |      0 |      0 |      0 |    0 |          0 |
|         adder_75                                                                            |                                                             hemaia_system_occamy_chip_0_adder_75_mod |        256 |        256 |       0 |    0 |      0 |      0 |      0 |    0 |          0 |
|         adder_76                                                                            |                                                             hemaia_system_occamy_chip_0_adder_76_mod |        256 |        256 |       0 |    0 |      0 |      0 |      0 |    0 |          0 |
|         adder_77                                                                            |                                                             hemaia_system_occamy_chip_0_adder_77_mod |        256 |        256 |       0 |    0 |      0 |      0 |      0 |    0 |          0 |
|         adder_78                                                                            |                                                             hemaia_system_occamy_chip_0_adder_78_mod |        256 |        256 |       0 |    0 |      0 |      0 |      0 |    0 |          0 |
|         adder_79                                                                            |                                                             hemaia_system_occamy_chip_0_adder_79_mod |        256 |        256 |       0 |    0 |      0 |      0 |      0 |    0 |          0 |
|         adder_8                                                                             |                                                              hemaia_system_occamy_chip_0_adder_8_mod |        256 |        256 |       0 |    0 |      0 |      0 |      0 |    0 |          0 |
|         adder_80                                                                            |                                                             hemaia_system_occamy_chip_0_adder_80_mod |        256 |        256 |       0 |    0 |      0 |      0 |      0 |    0 |          0 |
|         adder_81                                                                            |                                                             hemaia_system_occamy_chip_0_adder_81_mod |        256 |        256 |       0 |    0 |      0 |      0 |      0 |    0 |          0 |
|         adder_82                                                                            |                                                             hemaia_system_occamy_chip_0_adder_82_mod |        256 |        256 |       0 |    0 |      0 |      0 |      0 |    0 |          0 |
|         adder_83                                                                            |                                                             hemaia_system_occamy_chip_0_adder_83_mod |        256 |        256 |       0 |    0 |      0 |      0 |      0 |    0 |          0 |
|         adder_84                                                                            |                                                             hemaia_system_occamy_chip_0_adder_84_mod |        256 |        256 |       0 |    0 |      0 |      0 |      0 |    0 |          0 |
|         adder_85                                                                            |                                                             hemaia_system_occamy_chip_0_adder_85_mod |        256 |        256 |       0 |    0 |      0 |      0 |      0 |    0 |          0 |
|         adder_86                                                                            |                                                             hemaia_system_occamy_chip_0_adder_86_mod |        256 |        256 |       0 |    0 |      0 |      0 |      0 |    0 |          0 |
|         adder_87                                                                            |                                                             hemaia_system_occamy_chip_0_adder_87_mod |        256 |        256 |       0 |    0 |      0 |      0 |      0 |    0 |          0 |
|         adder_88                                                                            |                                                             hemaia_system_occamy_chip_0_adder_88_mod |        256 |        256 |       0 |    0 |      0 |      0 |      0 |    0 |          0 |
|         adder_89                                                                            |                                                             hemaia_system_occamy_chip_0_adder_89_mod |        256 |        256 |       0 |    0 |      0 |      0 |      0 |    0 |          0 |
|         adder_9                                                                             |                                                              hemaia_system_occamy_chip_0_adder_9_mod |        256 |        256 |       0 |    0 |      0 |      0 |      0 |    0 |          0 |
|         adder_90                                                                            |                                                             hemaia_system_occamy_chip_0_adder_90_mod |        256 |        256 |       0 |    0 |      0 |      0 |      0 |    0 |          0 |
|         adder_91                                                                            |                                                             hemaia_system_occamy_chip_0_adder_91_mod |        256 |        256 |       0 |    0 |      0 |      0 |      0 |    0 |          0 |
|         adder_92                                                                            |                                                             hemaia_system_occamy_chip_0_adder_92_mod |        256 |        256 |       0 |    0 |      0 |      0 |      0 |    0 |          0 |
|         adder_93                                                                            |                                                             hemaia_system_occamy_chip_0_adder_93_mod |        256 |        256 |       0 |    0 |      0 |      0 |      0 |    0 |          0 |
|         adder_94                                                                            |                                                             hemaia_system_occamy_chip_0_adder_94_mod |        256 |        256 |       0 |    0 |      0 |      0 |      0 |    0 |          0 |
|         adder_95                                                                            |                                                             hemaia_system_occamy_chip_0_adder_95_mod |        256 |        256 |       0 |    0 |      0 |      0 |      0 |    0 |          0 |
|         adder_96                                                                            |                                                             hemaia_system_occamy_chip_0_adder_96_mod |        256 |        256 |       0 |    0 |      0 |      0 |      0 |    0 |          0 |
|         adder_97                                                                            |                                                             hemaia_system_occamy_chip_0_adder_97_mod |        256 |        256 |       0 |    0 |      0 |      0 |      0 |    0 |          0 |
|         adder_98                                                                            |                                                             hemaia_system_occamy_chip_0_adder_98_mod |        256 |        256 |       0 |    0 |      0 |      0 |      0 |    0 |          0 |
|         adder_99                                                                            |                                                             hemaia_system_occamy_chip_0_adder_99_mod |        256 |        256 |       0 |    0 |      0 |      0 |      0 |    0 |          0 |
|         controller_i                                                                        |                                                         hemaia_system_occamy_chip_0_controller_i_mod |         64 |         64 |       0 |    0 |      0 |      0 |      0 |    0 |          0 |
|         gen_slv_port_demux[0].i_axi_ar_decode                                               |                                hemaia_system_occamy_chip_0_gen_slv_port_demux[0].i_axi_ar_decode_mod |        893 |        893 |       0 |    0 |      0 |      0 |      0 |    0 |          0 |
|         gen_slv_port_demux[0].i_axi_aw_decode                                               |                                hemaia_system_occamy_chip_0_gen_slv_port_demux[0].i_axi_aw_decode_mod |        893 |        893 |       0 |    0 |      0 |      0 |      0 |    0 |          0 |
|         i_bootrom                                                                           |                                                                  hemaia_system_occamy_chip_0_bootrom |       1085 |       1085 |       0 |    0 |      0 |      0 |      0 |    0 |          0 |
|         i_bootrom_pc                                                                        |                                                          hemaia_system_occamy_chip_0_axi_lite_to_reg |         82 |         82 |       0 |    0 |    123 |      0 |      0 |    0 |          0 |
|           i_fifo_read_resp                                                                  |                                            hemaia_system_occamy_chip_0_fifo_v3__parameterized2_17312 |         23 |         23 |       0 |    0 |     68 |      0 |      0 |    0 |          0 |
|         i_hemaia_clk_rst_controller                                                         |                                                hemaia_system_occamy_chip_0_hemaia_clk_rst_controller |        581 |        581 |       0 |    0 |    759 |      0 |      0 |    0 |          0 |
|           i_reset_sync                                                                      |                                                  hemaia_system_occamy_chip_0_hemaia_reset_controller |         42 |         42 |       0 |    0 |     30 |      0 |      0 |    0 |          0 |
|           i_controller_axi_to_reg                                                           |                                                    hemaia_system_occamy_chip_0_axi_lite_to_reg_17199 |        325 |        325 |       0 |    0 |    181 |      0 |      0 |    0 |          0 |
|             i_fifo_read_resp                                                                |                                            hemaia_system_occamy_chip_0_fifo_v3__parameterized2_17300 |         22 |         22 |       0 |    0 |     70 |      0 |      0 |    0 |          0 |
|             i_fifo_write_req                                                                |                                                            hemaia_system_occamy_chip_0_fifo_v3_17301 |        287 |        287 |       0 |    0 |     88 |      0 |      0 |    0 |          0 |
|           i_controller_reg_to_hw                                                            |                                        hemaia_system_occamy_chip_0_hemaia_clk_rst_controller_reg_top |         37 |         37 |       0 |    0 |    416 |      0 |      0 |    0 |          0 |
|         i_hemaia_mem_system                                                                 |                                                        hemaia_system_occamy_chip_0_hemaia_mem_system |      23645 |      22749 |     896 |    0 |  12780 |      0 |      0 | 1024 |          4 |
|           (i_wide_interconnect)                                                             |                                                 hemaia_system_occamy_chip_0_snitch_tcdm_interconnect |        256 |        256 |       0 |    0 |      0 |      0 |      0 |    0 |          0 |
|           i_axi_to_mem_hemaia                                                               |                                                   hemaia_system_occamy_chip_0_axi_to_mem_interleaved |       3991 |       3991 |       0 |    0 |   4815 |      0 |      0 |    0 |          0 |
|             genblk1[0].i_fifo_v3_response_trgt_store                                        |                                            hemaia_system_occamy_chip_0_fifo_v3__parameterized9_17167 |        524 |        524 |       0 |    0 |     10 |      0 |      0 |    0 |          0 |
|             i_axi_to_mem_read                                                               |                                                               hemaia_system_occamy_chip_0_axi_to_mem |       2595 |       2595 |       0 |    0 |   2266 |      0 |      0 |    0 |          0 |
|               i_axi_to_detailed_mem                                                         |                                                hemaia_system_occamy_chip_0_axi_to_detailed_mem_17183 |       2595 |       2595 |       0 |    0 |   2266 |      0 |      0 |    0 |          0 |
|                 (i_axi_to_detailed_mem)                                                     |                                                hemaia_system_occamy_chip_0_axi_to_detailed_mem_17183 |         90 |         90 |       0 |    0 |     81 |      0 |      0 |    0 |          0 |
|                 i_mem_to_banks                                                              |                                              hemaia_system_occamy_chip_0_mem_to_banks_detailed_17186 |       1403 |       1403 |       0 |    0 |   1109 |      0 |      0 |    0 |          0 |
|                 i_stream_to_mem                                                             |                                                      hemaia_system_occamy_chip_0_stream_to_mem_17189 |       1037 |       1037 |       0 |    0 |   1031 |      0 |      0 |    0 |          0 |
|             i_axi_to_mem_write                                                              |                                                         hemaia_system_occamy_chip_0_axi_to_mem_17169 |        839 |        839 |       0 |    0 |   2528 |      0 |      0 |    0 |          0 |
|               i_axi_to_detailed_mem                                                         |                                                      hemaia_system_occamy_chip_0_axi_to_detailed_mem |        839 |        839 |       0 |    0 |   2528 |      0 |      0 |    0 |          0 |
|                 (i_axi_to_detailed_mem)                                                     |                                                      hemaia_system_occamy_chip_0_axi_to_detailed_mem |         88 |         88 |       0 |    0 |    144 |      0 |      0 |    0 |          0 |
|                 i_mem_to_banks                                                              |                                                    hemaia_system_occamy_chip_0_mem_to_banks_detailed |         40 |         40 |       0 |    0 |   1110 |      0 |      0 |    0 |          0 |
|                 i_meta_buf                                                                  |                                              hemaia_system_occamy_chip_0_stream_fifo__parameterized0 |        142 |        142 |       0 |    0 |    223 |      0 |      0 |    0 |          0 |
|                 i_stream_to_mem                                                             |                                                            hemaia_system_occamy_chip_0_stream_to_mem |        523 |        523 |       0 |    0 |   1031 |      0 |      0 |    0 |          0 |
|           i_axi_to_reg_ctrl                                                                 |                                                            hemaia_system_occamy_chip_0_axi_to_reg_v2 |        391 |        391 |       0 |    0 |    411 |      0 |      0 |    0 |          0 |
|             gen_tcdm_to_reg[0].i_periph_to_reg                                              |                                                            hemaia_system_occamy_chip_0_periph_to_reg |         32 |         32 |       0 |    0 |     65 |      0 |      0 |    0 |          0 |
|             i_axi_to_detailed_mem                                                           |                                      hemaia_system_occamy_chip_0_axi_to_detailed_mem__parameterized0 |        359 |        359 |       0 |    0 |    346 |      0 |      0 |    0 |          0 |
|               (i_axi_to_detailed_mem)                                                       |                                      hemaia_system_occamy_chip_0_axi_to_detailed_mem__parameterized0 |         57 |         57 |       0 |    0 |     79 |      0 |      0 |    0 |          0 |
|               i_mem_to_banks                                                                |                                    hemaia_system_occamy_chip_0_mem_to_banks_detailed__parameterized0 |        164 |        164 |       0 |    0 |    148 |      0 |      0 |    0 |          0 |
|                 gen_reqs[0].i_ft_reg                                                        |                                              hemaia_system_occamy_chip_0_stream_fifo__parameterized7 |        164 |        164 |       0 |    0 |     84 |      0 |      0 |    0 |          0 |
|                 gen_resp_regs[0].i_ft_reg                                                   |                                        hemaia_system_occamy_chip_0_stream_fifo__parameterized8_17164 |          0 |          0 |       0 |    0 |     64 |      0 |      0 |    0 |          0 |
|               i_stream_to_mem                                                               |                                            hemaia_system_occamy_chip_0_stream_to_mem__parameterized0 |         69 |         69 |       0 |    0 |     68 |      0 |      0 |    0 |          0 |
|                 gen_buf.i_resp_buf                                                          |                                              hemaia_system_occamy_chip_0_stream_fifo__parameterized6 |         67 |         67 |       0 |    0 |     66 |      0 |      0 |    0 |          0 |
|           i_hemaia_mem                                                                      |                                                          hemaia_system_occamy_chip_0_snitch_data_mem |       2736 |       2736 |       0 |    0 |      0 |      0 |      0 | 1024 |          0 |
|             gen_banks[11].i_data_mem                                                        |                                                       hemaia_system_occamy_chip_0_tc_sram_impl_17118 |        523 |        523 |       0 |    0 |      0 |      0 |      0 |   64 |          0 |
|               i_tc_sram                                                                     |                                                            hemaia_system_occamy_chip_0_tc_sram_17156 |        523 |        523 |       0 |    0 |      0 |      0 |      0 |   64 |          0 |
|                 gen_1_ports.i_xpm_memory_spram                                              |                                                   hemaia_system_occamy_chip_0_xpm_memory_spram_17157 |        523 |        523 |       0 |    0 |      0 |      0 |      0 |   64 |          0 |
|             gen_banks[15].i_data_mem                                                        |                                                       hemaia_system_occamy_chip_0_tc_sram_impl_17122 |       1035 |       1035 |       0 |    0 |      0 |      0 |      0 |   64 |          0 |
|               i_tc_sram                                                                     |                                                            hemaia_system_occamy_chip_0_tc_sram_17148 |       1035 |       1035 |       0 |    0 |      0 |      0 |      0 |   64 |          0 |
|                 gen_1_ports.i_xpm_memory_spram                                              |                                                   hemaia_system_occamy_chip_0_xpm_memory_spram_17149 |       1035 |       1035 |       0 |    0 |      0 |      0 |      0 |   64 |          0 |
|             gen_banks[3].i_data_mem                                                         |                                                       hemaia_system_occamy_chip_0_tc_sram_impl_17125 |        523 |        523 |       0 |    0 |      0 |      0 |      0 |   64 |          0 |
|               i_tc_sram                                                                     |                                                            hemaia_system_occamy_chip_0_tc_sram_17142 |        523 |        523 |       0 |    0 |      0 |      0 |      0 |   64 |          0 |
|                 gen_1_ports.i_xpm_memory_spram                                              |                                                   hemaia_system_occamy_chip_0_xpm_memory_spram_17143 |        523 |        523 |       0 |    0 |      0 |      0 |      0 |   64 |          0 |
|             gen_banks[7].i_data_mem                                                         |                                                       hemaia_system_occamy_chip_0_tc_sram_impl_17129 |        523 |        523 |       0 |    0 |      0 |      0 |      0 |   64 |          0 |
|               i_tc_sram                                                                     |                                                            hemaia_system_occamy_chip_0_tc_sram_17134 |        523 |        523 |       0 |    0 |      0 |      0 |      0 |   64 |          0 |
|                 gen_1_ports.i_xpm_memory_spram                                              |                                                   hemaia_system_occamy_chip_0_xpm_memory_spram_17135 |        523 |        523 |       0 |    0 |      0 |      0 |      0 |   64 |          0 |
|           i_hemaia_xdma_wrapper                                                             |                                                      hemaia_system_occamy_chip_0_hemaia_xdma_wrapper |      14204 |      13308 |     896 |    0 |   5609 |      0 |      0 |    0 |          4 |
|             i_xdma_axi_adapter                                                              |                                                     hemaia_system_occamy_chip_0_xdma_axi_adapter_top |       1510 |       1510 |       0 |    0 |    983 |      0 |      0 |    0 |          0 |
|               i_cfg_dw_up_converter                                                         |                                       hemaia_system_occamy_chip_0_dw_converter__parameterized0_16996 |        125 |        125 |       0 |    0 |    436 |      0 |      0 |    0 |          0 |
|                 (i_dw_up_converter)                                                         |                                                    hemaia_system_occamy_chip_0_dw_up_converter_17024 |        114 |        114 |       0 |    0 |    433 |      0 |      0 |    0 |          0 |
|               i_xdma_narrow_meta_manager                                                    |                                                  hemaia_system_occamy_chip_0_xdma_meta_manager_16999 |         52 |         52 |       0 |    0 |     27 |      0 |      0 |    0 |          0 |
|                 i_lens_counter                                                              |                                            hemaia_system_occamy_chip_0_counter__parameterized3_17022 |         52 |         52 |       0 |    0 |     22 |      0 |      0 |    0 |          0 |
|               i_xdma_narrow_receiver_axi_to_write                                           |                                        hemaia_system_occamy_chip_0_xdma_axi_to_write__parameterized0 |        323 |        323 |       0 |    0 |     85 |      0 |      0 |    0 |          0 |
|                 (i_xdma_narrow_receiver_axi_to_write)                                       |                                        hemaia_system_occamy_chip_0_xdma_axi_to_write__parameterized0 |        270 |        270 |       0 |    0 |     66 |      0 |      0 |    0 |          0 |
|               i_xdma_narrow_req_backend                                                     |                                                         hemaia_system_occamy_chip_0_xdma_req_backend |        116 |        116 |       0 |    0 |    129 |      0 |      0 |    0 |          0 |
|                 i_fifo_aw_emitter                                                           |                                           hemaia_system_occamy_chip_0_fifo_v3__parameterized20_17014 |         36 |         36 |       0 |    0 |     88 |      0 |      0 |    0 |          0 |
|               i_xdma_narrow_req_manager                                                     |                                   hemaia_system_occamy_chip_0_xdma_req_manager__parameterized0_17000 |         87 |         87 |       0 |    0 |      3 |      0 |      0 |    0 |          0 |
|               i_xdma_wide_meta_manager                                                      |                                                  hemaia_system_occamy_chip_0_xdma_meta_manager_17002 |         73 |         73 |       0 |    0 |     47 |      0 |      0 |    0 |          0 |
|                 i_lens_counter                                                              |                                            hemaia_system_occamy_chip_0_counter__parameterized3_17012 |         52 |         52 |       0 |    0 |     22 |      0 |      0 |    0 |          0 |
|               i_xdma_wide_receiver_axi_to_write                                             |                                                        hemaia_system_occamy_chip_0_xdma_axi_to_write |        555 |        555 |       0 |    0 |     34 |      0 |      0 |    0 |          0 |
|                 (i_xdma_wide_receiver_axi_to_write)                                         |                                                        hemaia_system_occamy_chip_0_xdma_axi_to_write |        525 |        525 |       0 |    0 |     15 |      0 |      0 |    0 |          0 |
|               i_xdma_wide_req_backend                                                       |                                         hemaia_system_occamy_chip_0_xdma_req_backend__parameterized0 |        130 |        130 |       0 |    0 |    168 |      0 |      0 |    0 |          0 |
|                 i_fifo_aw_emitter                                                           |                                           hemaia_system_occamy_chip_0_fifo_v3__parameterized20_17004 |         40 |         40 |       0 |    0 |    100 |      0 |      0 |    0 |          0 |
|                 i_xdma_burst_reshaper                                                       |                                hemaia_system_occamy_chip_0_xdma_burst_reshaper__parameterized0_17006 |         56 |         56 |       0 |    0 |     25 |      0 |      0 |    0 |          0 |
|             i_hemaia_xdma                                                                   |                                                              hemaia_system_occamy_chip_0_hemaia_xdma |      12694 |      11798 |     896 |    0 |   4626 |      0 |      0 |    0 |          4 |
|               (i_hemaia_xdma)                                                               |                                                              hemaia_system_occamy_chip_0_hemaia_xdma |       4300 |       4044 |     256 |    0 |      0 |      0 |      0 |    0 |          0 |
|               xdmaCtrl                                                                      |                                                         hemaia_system_occamy_chip_0_hemaia_xdma_ctrl |       2847 |       2847 |       0 |    0 |   3911 |      0 |      0 |    0 |          4 |
|                 srcCfgRouter                                                                |                                         hemaia_system_occamy_chip_0_hemaia_xdma_ctrl_srcConfigRouter |        354 |        354 |       0 |    0 |    456 |      0 |      0 |    0 |          0 |
|                 csrManager                                                                  |                                                hemaia_system_occamy_chip_0_hemaia_xdma_ReqRspManager |        552 |        552 |       0 |    0 |   1024 |      0 |      0 |    0 |          0 |
|                 dstCfgRouter                                                                |                                         hemaia_system_occamy_chip_0_hemaia_xdma_ctrl_dstConfigRouter |        721 |        721 |       0 |    0 |    986 |      0 |      0 |    0 |          0 |
|                 hemaia_xdma_fullCutHalfBandwidth                                            |                                   hemaia_system_occamy_chip_0_FullCutHalfBandwidth_W_481_T_XDMACfgIO |        636 |        636 |       0 |    0 |    404 |      0 |      0 |    0 |          0 |
|                 hemaia_xdma_fullCutHalfBandwidth_1                                          |                                   hemaia_system_occamy_chip_0_FullCutHalfBandwidth_W_489_T_XDMACfgIO |        422 |        422 |       0 |    0 |    466 |      0 |      0 |    0 |          0 |
|                 interClusterCfgDeserializer                                                 |                                  hemaia_system_occamy_chip_0_XDMAInterClusterCfgIODeserializer_17109 |         11 |         11 |       0 |    0 |    440 |      0 |      0 |    0 |          0 |
|               xdmaDatapath                                                                  |                                                     hemaia_system_occamy_chip_0_hemaia_xdma_datapath |       5548 |       4908 |     640 |    0 |    715 |      0 |      0 |    0 |          0 |
|                 writer                                                                      |                                                            hemaia_system_occamy_chip_0_hemaia_Writer |       4206 |       3886 |     320 |    0 |    331 |      0 |      0 |    0 |          0 |
|                 reader                                                                      |                                                            hemaia_system_occamy_chip_0_hemaia_Reader |       1340 |       1020 |     320 |    0 |    380 |      0 |      0 |    0 |          0 |
|           i_mem_sys_narrow_xbar                                                             |                                                 hemaia_system_occamy_chip_0_axi_xbar__parameterized0 |        757 |        757 |       0 |    0 |    775 |      0 |      0 |    0 |          0 |
|             gen_slv_port_demux[0].i_axi_demux                                               |                                                hemaia_system_occamy_chip_0_axi_demux__parameterized0 |        693 |        693 |       0 |    0 |    656 |      0 |      0 |    0 |          0 |
|               i_demux_simple                                                                |                                         hemaia_system_occamy_chip_0_axi_demux_simple__parameterized0 |        693 |        693 |       0 |    0 |    656 |      0 |      0 |    0 |          0 |
|                 i_r_mux                                                                     |                                        hemaia_system_occamy_chip_0_rr_arb_tree__parameterized0_16865 |        142 |        142 |       0 |    0 |      4 |      0 |      0 |    0 |          0 |
|                 gen_ar_id_counter.i_ar_id_counter                                           |                                    hemaia_system_occamy_chip_0_axi_demux_id_counters__parameterized0 |        192 |        192 |       0 |    0 |    320 |      0 |      0 |    0 |          0 |
|                 gen_aw_id_counter.i_aw_id_counter                                           |                              hemaia_system_occamy_chip_0_axi_demux_id_counters__parameterized0_16862 |        191 |        191 |       0 |    0 |    320 |      0 |      0 |    0 |          0 |
|                 i_b_mux                                                                     |                                        hemaia_system_occamy_chip_0_rr_arb_tree__parameterized0_16863 |        145 |        145 |       0 |    0 |      6 |      0 |      0 |    0 |          0 |
|             gen_slv_port_demux[0].i_axi_err_slv                                             |                                              hemaia_system_occamy_chip_0_axi_err_slv__parameterized0 |         64 |         64 |       0 |    0 |    119 |      0 |      0 |    0 |          0 |
|               i_r_fifo                                                                      |                                            hemaia_system_occamy_chip_0_fifo_v3__parameterized8_16859 |         24 |         24 |       0 |    0 |     63 |      0 |      0 |    0 |          0 |
|           i_mem_sys_wide_xbar                                                               |                                                                 hemaia_system_occamy_chip_0_axi_xbar |        736 |        736 |       0 |    0 |    776 |      0 |      0 |    0 |          0 |
|             gen_slv_port_demux[0].i_axi_demux                                               |                                                                hemaia_system_occamy_chip_0_axi_demux |        579 |        579 |       0 |    0 |    657 |      0 |      0 |    0 |          0 |
|               i_demux_simple                                                                |                                                         hemaia_system_occamy_chip_0_axi_demux_simple |        579 |        579 |       0 |    0 |    657 |      0 |      0 |    0 |          0 |
|                 i_r_mux                                                                     |                                        hemaia_system_occamy_chip_0_rr_arb_tree__parameterized0_16727 |        122 |        122 |       0 |    0 |      5 |      0 |      0 |    0 |          0 |
|                 gen_ar_id_counter.i_ar_id_counter                                           |                                                    hemaia_system_occamy_chip_0_axi_demux_id_counters |        205 |        205 |       0 |    0 |    320 |      0 |      0 |    0 |          0 |
|                 gen_aw_id_counter.i_aw_id_counter                                           |                                              hemaia_system_occamy_chip_0_axi_demux_id_counters_16725 |        234 |        234 |       0 |    0 |    320 |      0 |      0 |    0 |          0 |
|             gen_slv_port_demux[0].i_axi_err_slv                                             |                                                              hemaia_system_occamy_chip_0_axi_err_slv |        158 |        158 |       0 |    0 |    119 |      0 |      0 |    0 |          0 |
|               i_r_fifo                                                                      |                                                  hemaia_system_occamy_chip_0_fifo_v3__parameterized5 |         24 |         24 |       0 |    0 |     63 |      0 |      0 |    0 |          0 |
|               i_b_fifo                                                                      |                                                  hemaia_system_occamy_chip_0_fifo_v3__parameterized4 |         97 |         97 |       0 |    0 |     16 |      0 |      0 |    0 |          0 |
|           i_narrow_interconnect                                                             |                                 hemaia_system_occamy_chip_0_snitch_tcdm_interconnect__parameterized0 |        574 |        574 |       0 |    0 |    392 |      0 |      0 |    0 |          0 |
|             gen_xbar.i_stream_xbar                                                          |                                              hemaia_system_occamy_chip_0_stream_xbar__parameterized0 |        574 |        574 |       0 |    0 |    336 |      0 |      0 |    0 |          0 |
|         i_occamy                                                                            |                                                               hemaia_system_occamy_chip_0_occamy_top |    1524741 |    1476963 |   47778 |    0 | 635217 |   2344 |     16 |  752 |        425 |
|           i_uart                                                                            |                                                            hemaia_system_occamy_chip_0_apb_uart_wrap |        750 |        750 |       0 |    0 |   1480 |      0 |      0 |    0 |          0 |
|             i_apb_uart                                                                      |                                                                 hemaia_system_occamy_chip_0_apb_uart |        750 |        750 |       0 |    0 |   1480 |      0 |      0 |    0 |          0 |
|               (i_apb_uart)                                                                  |                                                                 hemaia_system_occamy_chip_0_apb_uart |         13 |         13 |       0 |    0 |    103 |      0 |      0 |    0 |          0 |
|               UART_RXFF                                                                     |                                                hemaia_system_occamy_chip_0_slib_fifo__parameterized0 |        356 |        356 |       0 |    0 |    736 |      0 |      0 |    0 |          0 |
|               UART_TXFF                                                                     |                                                                hemaia_system_occamy_chip_0_slib_fifo |        258 |        258 |       0 |    0 |    540 |      0 |      0 |    0 |          0 |
|           i_apb_timer                                                                       |                                                                hemaia_system_occamy_chip_0_apb_timer |        360 |        360 |       0 |    0 |    256 |      0 |      0 |    0 |          0 |
|             TIMER_GEN[0].timer_i                                                            |                                                                    hemaia_system_occamy_chip_0_timer |        180 |        180 |       0 |    0 |    128 |      0 |      0 |    0 |          0 |
|             TIMER_GEN[1].timer_i                                                            |                                                              hemaia_system_occamy_chip_0_timer_16662 |        180 |        180 |       0 |    0 |    128 |      0 |      0 |    0 |          0 |
|           i_axi_lite_from_soc_cdc                                                           |                                                  hemaia_system_occamy_chip_0_axi_cdc__parameterized3 |        749 |        749 |       0 |    0 |   1864 |      0 |      0 |    0 |          0 |
|             i_axi_cdc_dst                                                                   |                                        hemaia_system_occamy_chip_0_axi_cdc_dst__parameterized3_16610 |        463 |        463 |       0 |    0 |    805 |      0 |      0 |    0 |          0 |
|               i_cdc_fifo_gray_dst_ar                                                        |                                 hemaia_system_occamy_chip_0_cdc_fifo_gray_dst__parameterized25_16636 |        118 |        118 |       0 |    0 |    149 |      0 |      0 |    0 |          0 |
|                 i_spill_register                                                            |                                    hemaia_system_occamy_chip_0_spill_register__parameterized52_16660 |        116 |        116 |       0 |    0 |    140 |      0 |      0 |    0 |          0 |
|               i_cdc_fifo_gray_dst_aw                                                        |                                 hemaia_system_occamy_chip_0_cdc_fifo_gray_dst__parameterized23_16637 |        209 |        209 |       0 |    0 |    149 |      0 |      0 |    0 |          0 |
|                 i_spill_register                                                            |                                    hemaia_system_occamy_chip_0_spill_register__parameterized50_16655 |        207 |        207 |       0 |    0 |    140 |      0 |      0 |    0 |          0 |
|               i_cdc_fifo_gray_dst_w                                                         |                                  hemaia_system_occamy_chip_0_cdc_fifo_gray_dst__parameterized2_16638 |         44 |         44 |       0 |    0 |    157 |      0 |      0 |    0 |          0 |
|                 i_spill_register                                                            |                                    hemaia_system_occamy_chip_0_spill_register__parameterized46_16650 |         42 |         42 |       0 |    0 |    148 |      0 |      0 |    0 |          0 |
|               i_cdc_fifo_gray_src_r                                                         |                                 hemaia_system_occamy_chip_0_cdc_fifo_gray_src__parameterized25_16640 |         80 |         80 |       0 |    0 |    305 |      0 |      0 |    0 |          0 |
|                 (i_cdc_fifo_gray_src_r)                                                     |                                 hemaia_system_occamy_chip_0_cdc_fifo_gray_src__parameterized25_16640 |         76 |         76 |       0 |    0 |    299 |      0 |      0 |    0 |          0 |
|             i_axi_cdc_src                                                                   |                                        hemaia_system_occamy_chip_0_axi_cdc_src__parameterized3_16611 |        286 |        286 |       0 |    0 |   1059 |      0 |      0 |    0 |          0 |
|               i_cdc_fifo_gray_dst_r                                                         |                                 hemaia_system_occamy_chip_0_cdc_fifo_gray_dst__parameterized22_16613 |         43 |         43 |       0 |    0 |    159 |      0 |      0 |    0 |          0 |
|                 i_spill_register                                                            |                                    hemaia_system_occamy_chip_0_spill_register__parameterized53_16629 |         41 |         41 |       0 |    0 |    150 |      0 |      0 |    0 |          0 |
|               i_cdc_fifo_gray_src_ar                                                        |                                 hemaia_system_occamy_chip_0_cdc_fifo_gray_src__parameterized23_16614 |         76 |         76 |       0 |    0 |    285 |      0 |      0 |    0 |          0 |
|                 (i_cdc_fifo_gray_src_ar)                                                    |                                 hemaia_system_occamy_chip_0_cdc_fifo_gray_src__parameterized23_16614 |         71 |         71 |       0 |    0 |    279 |      0 |      0 |    0 |          0 |
|               i_cdc_fifo_gray_src_aw                                                        |                                 hemaia_system_occamy_chip_0_cdc_fifo_gray_src__parameterized21_16615 |         76 |         76 |       0 |    0 |    285 |      0 |      0 |    0 |          0 |
|                 (i_cdc_fifo_gray_src_aw)                                                    |                                 hemaia_system_occamy_chip_0_cdc_fifo_gray_src__parameterized21_16615 |         71 |         71 |       0 |    0 |    279 |      0 |      0 |    0 |          0 |
|               i_cdc_fifo_gray_src_w                                                         |                                  hemaia_system_occamy_chip_0_cdc_fifo_gray_src__parameterized0_16616 |         80 |         80 |       0 |    0 |    301 |      0 |      0 |    0 |          0 |
|                 (i_cdc_fifo_gray_src_w)                                                     |                                  hemaia_system_occamy_chip_0_cdc_fifo_gray_src__parameterized0_16616 |         75 |         75 |       0 |    0 |    295 |      0 |      0 |    0 |          0 |
|           i_axi_lite_to_reg_clint_pc                                                        |                                                        hemaia_system_occamy_chip_0_axi_lite_to_reg_0 |        161 |        161 |       0 |    0 |    221 |      0 |      0 |    0 |          0 |
|             i_fifo_read_resp                                                                |                                            hemaia_system_occamy_chip_0_fifo_v3__parameterized2_16604 |         23 |         23 |       0 |    0 |     70 |      0 |      0 |    0 |          0 |
|             i_fifo_write_req                                                                |                                                            hemaia_system_occamy_chip_0_fifo_v3_16605 |        118 |        118 |       0 |    0 |    108 |      0 |      0 |    0 |          0 |
|           i_axi_lite_to_reg_debug_pc                                                        |                                          hemaia_system_occamy_chip_0_axi_lite_to_reg__parameterized1 |        371 |        371 |       0 |    0 |    338 |      0 |      0 |    0 |          0 |
|             i_fifo_read                                                                     |                                            hemaia_system_occamy_chip_0_fifo_v3__parameterized1_16596 |        184 |        184 |       0 |    0 |     28 |      0 |      0 |    0 |          0 |
|             i_fifo_read_resp                                                                |                                          hemaia_system_occamy_chip_0_fifo_v3__parameterized100_16597 |         36 |         36 |       0 |    0 |    132 |      0 |      0 |    0 |          0 |
|             i_fifo_write_req                                                                |                                           hemaia_system_occamy_chip_0_fifo_v3__parameterized99_16598 |        106 |        106 |       0 |    0 |    172 |      0 |      0 |    0 |          0 |
|           i_axi_lite_to_reg_gpio_pc                                                         |                                                        hemaia_system_occamy_chip_0_axi_lite_to_reg_1 |        306 |        306 |       0 |    0 |    181 |      0 |      0 |    0 |          0 |
|             i_fifo_read_resp                                                                |                                            hemaia_system_occamy_chip_0_fifo_v3__parameterized2_16590 |         21 |         21 |       0 |    0 |     70 |      0 |      0 |    0 |          0 |
|             i_fifo_write_req                                                                |                                                            hemaia_system_occamy_chip_0_fifo_v3_16591 |        266 |        266 |       0 |    0 |     88 |      0 |      0 |    0 |          0 |
|           i_axi_lite_to_reg_i2c_pc                                                          |                                                        hemaia_system_occamy_chip_0_axi_lite_to_reg_2 |        245 |        245 |       0 |    0 |    185 |      0 |      0 |    0 |          0 |
|             i_fifo_read_resp                                                                |                                            hemaia_system_occamy_chip_0_fifo_v3__parameterized2_16583 |         23 |         23 |       0 |    0 |     70 |      0 |      0 |    0 |          0 |
|             i_fifo_write_req                                                                |                                                            hemaia_system_occamy_chip_0_fifo_v3_16584 |        210 |        210 |       0 |    0 |     90 |      0 |      0 |    0 |          0 |
|           i_axi_lite_to_reg_plic_pc                                                         |                                                        hemaia_system_occamy_chip_0_axi_lite_to_reg_3 |        511 |        511 |       0 |    0 |    245 |      0 |      0 |    0 |          0 |
|             i_fifo_read_resp                                                                |                                            hemaia_system_occamy_chip_0_fifo_v3__parameterized2_16576 |         25 |         25 |       0 |    0 |     70 |      0 |      0 |    0 |          0 |
|             i_fifo_write_req                                                                |                                                            hemaia_system_occamy_chip_0_fifo_v3_16577 |        463 |        463 |       0 |    0 |    120 |      0 |      0 |    0 |          0 |
|           i_axi_lite_to_reg_soc_ctrl_pc                                                     |                                                        hemaia_system_occamy_chip_0_axi_lite_to_reg_4 |        294 |        294 |       0 |    0 |    189 |      0 |      0 |    0 |          0 |
|             i_fifo_read_resp                                                                |                                            hemaia_system_occamy_chip_0_fifo_v3__parameterized2_16569 |         21 |         21 |       0 |    0 |     70 |      0 |      0 |    0 |          0 |
|             i_fifo_write_req                                                                |                                                            hemaia_system_occamy_chip_0_fifo_v3_16570 |        257 |        257 |       0 |    0 |     92 |      0 |      0 |    0 |          0 |
|           i_axi_lite_to_reg_spim_pc                                                         |                                                        hemaia_system_occamy_chip_0_axi_lite_to_reg_5 |        208 |        208 |       0 |    0 |    181 |      0 |      0 |    0 |          0 |
|             i_fifo_read_resp                                                                |                                            hemaia_system_occamy_chip_0_fifo_v3__parameterized2_16562 |         21 |         21 |       0 |    0 |     70 |      0 |      0 |    0 |          0 |
|             i_fifo_write_req                                                                |                                                            hemaia_system_occamy_chip_0_fifo_v3_16563 |        166 |        166 |       0 |    0 |     88 |      0 |      0 |    0 |          0 |
|           i_axi_lite_to_reg_timer_pc                                                        |                                                        hemaia_system_occamy_chip_0_axi_lite_to_reg_6 |        161 |        161 |       0 |    0 |    158 |      0 |      0 |    0 |          0 |
|             i_fifo_read                                                                     |                                            hemaia_system_occamy_chip_0_fifo_v3__parameterized1_16554 |         75 |         75 |       0 |    0 |     10 |      0 |      0 |    0 |          0 |
|             i_fifo_read_resp                                                                |                                            hemaia_system_occamy_chip_0_fifo_v3__parameterized2_16555 |         22 |         22 |       0 |    0 |     68 |      0 |      0 |    0 |          0 |
|             i_fifo_write_req                                                                |                                                            hemaia_system_occamy_chip_0_fifo_v3_16556 |         21 |         21 |       0 |    0 |     74 |      0 |      0 |    0 |          0 |
|           i_axi_lite_to_reg_uart_pc                                                         |                                                        hemaia_system_occamy_chip_0_axi_lite_to_reg_7 |         53 |         53 |       0 |    0 |     62 |      0 |      0 |    0 |          0 |
|           i_axi_lite_to_soc_cdc                                                             |                                                  hemaia_system_occamy_chip_0_axi_cdc__parameterized4 |        421 |        421 |       0 |    0 |   1516 |      0 |      0 |    0 |          0 |
|             i_axi_cdc_dst                                                                   |                                              hemaia_system_occamy_chip_0_axi_cdc_dst__parameterized4 |        184 |        184 |       0 |    0 |    659 |      0 |      0 |    0 |          0 |
|               i_cdc_fifo_gray_dst_ar                                                        |                                       hemaia_system_occamy_chip_0_cdc_fifo_gray_dst__parameterized28 |         30 |         30 |       0 |    0 |    107 |      0 |      0 |    0 |          0 |
|                 i_spill_register                                                            |                                    hemaia_system_occamy_chip_0_spill_register__parameterized27_16545 |         28 |         28 |       0 |    0 |     98 |      0 |      0 |    0 |          0 |
|               i_cdc_fifo_gray_dst_aw                                                        |                                 hemaia_system_occamy_chip_0_cdc_fifo_gray_dst__parameterized28_16525 |         30 |         30 |       0 |    0 |    107 |      0 |      0 |    0 |          0 |
|                 i_spill_register                                                            |                                    hemaia_system_occamy_chip_0_spill_register__parameterized27_16540 |         28 |         28 |       0 |    0 |     98 |      0 |      0 |    0 |          0 |
|               i_cdc_fifo_gray_dst_w                                                         |                                       hemaia_system_occamy_chip_0_cdc_fifo_gray_dst__parameterized29 |         42 |         42 |       0 |    0 |    155 |      0 |      0 |    0 |          0 |
|                 i_spill_register                                                            |                                    hemaia_system_occamy_chip_0_spill_register__parameterized23_16535 |         40 |         40 |       0 |    0 |    146 |      0 |      0 |    0 |          0 |
|               i_cdc_fifo_gray_src_r                                                         |                                       hemaia_system_occamy_chip_0_cdc_fifo_gray_src__parameterized29 |         73 |         73 |       0 |    0 |    273 |      0 |      0 |    0 |          0 |
|                 (i_cdc_fifo_gray_src_r)                                                     |                                       hemaia_system_occamy_chip_0_cdc_fifo_gray_src__parameterized29 |         68 |         68 |       0 |    0 |    267 |      0 |      0 |    0 |          0 |
|             i_axi_cdc_src                                                                   |                                              hemaia_system_occamy_chip_0_axi_cdc_src__parameterized4 |        237 |        237 |       0 |    0 |    857 |      0 |      0 |    0 |          0 |
|               i_cdc_fifo_gray_dst_r                                                         |                                       hemaia_system_occamy_chip_0_cdc_fifo_gray_dst__parameterized27 |         40 |         40 |       0 |    0 |    143 |      0 |      0 |    0 |          0 |
|                 i_spill_register                                                            |                                    hemaia_system_occamy_chip_0_spill_register__parameterized26_16518 |         38 |         38 |       0 |    0 |    134 |      0 |      0 |    0 |          0 |
|               i_cdc_fifo_gray_src_ar                                                        |                                       hemaia_system_occamy_chip_0_cdc_fifo_gray_src__parameterized26 |         55 |         55 |       0 |    0 |    201 |      0 |      0 |    0 |          0 |
|                 (i_cdc_fifo_gray_src_ar)                                                    |                                       hemaia_system_occamy_chip_0_cdc_fifo_gray_src__parameterized26 |         50 |         50 |       0 |    0 |    195 |      0 |      0 |    0 |          0 |
|               i_cdc_fifo_gray_src_aw                                                        |                                 hemaia_system_occamy_chip_0_cdc_fifo_gray_src__parameterized26_16505 |         55 |         55 |       0 |    0 |    201 |      0 |      0 |    0 |          0 |
|                 (i_cdc_fifo_gray_src_aw)                                                    |                                 hemaia_system_occamy_chip_0_cdc_fifo_gray_src__parameterized26_16505 |         50 |         50 |       0 |    0 |    195 |      0 |      0 |    0 |          0 |
|               i_cdc_fifo_gray_src_w                                                         |                                       hemaia_system_occamy_chip_0_cdc_fifo_gray_src__parameterized27 |         79 |         79 |       0 |    0 |    297 |      0 |      0 |    0 |          0 |
|                 (i_cdc_fifo_gray_src_w)                                                     |                                       hemaia_system_occamy_chip_0_cdc_fifo_gray_src__parameterized27 |         74 |         74 |       0 |    0 |    291 |      0 |      0 |    0 |          0 |
|           i_axi_to_axi_lite_dw                                                              |                                         hemaia_system_occamy_chip_0_axi_dw_converter__parameterized1 |       7311 |       7311 |       0 |    0 |   3258 |      0 |      0 |    0 |          3 |
|             gen_dw_downsize.i_axi_dw_downsizer                                              |                                   hemaia_system_occamy_chip_0_axi_dw_downsizer__parameterized0_16221 |       7311 |       7311 |       0 |    0 |   3258 |      0 |      0 |    0 |          3 |
|               (gen_dw_downsize.i_axi_dw_downsizer)                                          |                                   hemaia_system_occamy_chip_0_axi_dw_downsizer__parameterized0_16221 |       3711 |       3711 |       0 |    0 |   1397 |      0 |      0 |    0 |          3 |
|               i_axi_demux                                                                   |                                          hemaia_system_occamy_chip_0_axi_demux__parameterized9_16222 |       2393 |       2393 |       0 |    0 |   1582 |      0 |      0 |    0 |          0 |
|                 i_ar_spill_reg                                                              |                                    hemaia_system_occamy_chip_0_spill_register__parameterized52_16235 |        406 |        406 |       0 |    0 |    140 |      0 |      0 |    0 |          0 |
|                 i_aw_spill_reg                                                              |                                    hemaia_system_occamy_chip_0_spill_register__parameterized50_16237 |        305 |        305 |       0 |    0 |    140 |      0 |      0 |    0 |          0 |
|                 i_demux_simple                                                              |                                  hemaia_system_occamy_chip_0_axi_demux_simple__parameterized10_16238 |       1678 |       1678 |       0 |    0 |   1294 |      0 |      0 |    0 |          0 |
|               i_axi_err_slv                                                                 |                                       hemaia_system_occamy_chip_0_axi_err_slv__parameterized13_16223 |        344 |        344 |       0 |    0 |     69 |      0 |      0 |    0 |          0 |
|                 i_b_fifo                                                                    |                                            hemaia_system_occamy_chip_0_fifo_v3__parameterized7_16229 |        276 |        276 |       0 |    0 |     18 |      0 |      0 |    0 |          0 |
|               i_mst_ar_arb                                                                  |                                       hemaia_system_occamy_chip_0_rr_arb_tree__parameterized41_16225 |        282 |        282 |       0 |    0 |     12 |      0 |      0 |    0 |          0 |
|               i_read_id_queue                                                               |                                           hemaia_system_occamy_chip_0_id_queue__parameterized3_16226 |        220 |        220 |       0 |    0 |    168 |      0 |      0 |    0 |          0 |
|               i_slv_r_arb                                                                   |                                       hemaia_system_occamy_chip_0_rr_arb_tree__parameterized39_16227 |        329 |        329 |       0 |    0 |     12 |      0 |      0 |    0 |          0 |
|           i_axi_to_axi_lite_periph_pc                                                       |                                          hemaia_system_occamy_chip_0_axi_to_axi_lite__parameterized0 |       2297 |       2297 |       0 |    0 |   1531 |      0 |      0 |    0 |          0 |
|             (i_axi_to_axi_lite_periph_pc)                                                   |                                          hemaia_system_occamy_chip_0_axi_to_axi_lite__parameterized0 |        883 |        883 |       0 |    0 |      0 |      0 |      0 |    0 |          0 |
|             i_axi_burst_splitter                                                            |                                 hemaia_system_occamy_chip_0_axi_burst_splitter__parameterized0_15925 |       1348 |       1348 |       0 |    0 |   1444 |      0 |      0 |    0 |          0 |
|               i_err_slv                                                                     |                                       hemaia_system_occamy_chip_0_axi_err_slv__parameterized15_15932 |         20 |         20 |       0 |    0 |     53 |      0 |      0 |    0 |          0 |
|               i_axi_burst_splitter_ar_chan                                                  |                         hemaia_system_occamy_chip_0_axi_burst_splitter_ax_chan__parameterized0_15929 |        174 |        174 |       0 |    0 |    173 |      0 |      0 |    0 |          0 |
|                 (i_axi_burst_splitter_ar_chan)                                              |                         hemaia_system_occamy_chip_0_axi_burst_splitter_ax_chan__parameterized0_15929 |         34 |         34 |       0 |    0 |     69 |      0 |      0 |    0 |          0 |
|                 i_axi_burst_splitter_counters                                               |                                        hemaia_system_occamy_chip_0_axi_burst_splitter_counters_16211 |        140 |        140 |       0 |    0 |    104 |      0 |      0 |    0 |          0 |
|               i_axi_burst_splitter_aw_chan                                                  |                                         hemaia_system_occamy_chip_0_axi_burst_splitter_ax_chan_15930 |        205 |        205 |       0 |    0 |    177 |      0 |      0 |    0 |          0 |
|                 (i_axi_burst_splitter_aw_chan)                                              |                                         hemaia_system_occamy_chip_0_axi_burst_splitter_ax_chan_15930 |        107 |        107 |       0 |    0 |     69 |      0 |      0 |    0 |          0 |
|                 i_axi_burst_splitter_counters                                               |                                        hemaia_system_occamy_chip_0_axi_burst_splitter_counters_16201 |         98 |         98 |       0 |    0 |    108 |      0 |      0 |    0 |          0 |
|               i_demux_supported_vs_unsupported                                              |                                         hemaia_system_occamy_chip_0_axi_demux__parameterized11_15931 |        949 |        949 |       0 |    0 |   1037 |      0 |      0 |    0 |          0 |
|                 i_demux_simple                                                              |                                  hemaia_system_occamy_chip_0_axi_demux_simple__parameterized12_15938 |        949 |        949 |       0 |    0 |   1037 |      0 |      0 |    0 |          0 |
|             i_axi_to_axi_lite_id_reflect                                                    |                         hemaia_system_occamy_chip_0_axi_to_axi_lite_id_reflect__parameterized0_15926 |         53 |         53 |       0 |    0 |     70 |      0 |      0 |    0 |          0 |
|           i_axi_to_axi_lite_regbus_periph_pc                                                |                                                          hemaia_system_occamy_chip_0_axi_to_axi_lite |       2188 |       2188 |       0 |    0 |   1531 |      0 |      0 |    0 |          0 |
|             (i_axi_to_axi_lite_regbus_periph_pc)                                            |                                                          hemaia_system_occamy_chip_0_axi_to_axi_lite |        864 |        864 |       0 |    0 |      0 |      0 |      0 |    0 |          0 |
|             i_axi_burst_splitter                                                            |                                                 hemaia_system_occamy_chip_0_axi_burst_splitter_15628 |       1234 |       1234 |       0 |    0 |   1444 |      0 |      0 |    0 |          0 |
|               i_err_slv                                                                     |                                       hemaia_system_occamy_chip_0_axi_err_slv__parameterized14_15635 |        168 |        168 |       0 |    0 |     53 |      0 |      0 |    0 |          0 |
|                 i_b_fifo                                                                    |                                            hemaia_system_occamy_chip_0_fifo_v3__parameterized7_15636 |        150 |        150 |       0 |    0 |     18 |      0 |      0 |    0 |          0 |
|               i_axi_burst_splitter_ar_chan                                                  |                         hemaia_system_occamy_chip_0_axi_burst_splitter_ax_chan__parameterized0_15632 |        123 |        123 |       0 |    0 |    173 |      0 |      0 |    0 |          0 |
|                 (i_axi_burst_splitter_ar_chan)                                              |                         hemaia_system_occamy_chip_0_axi_burst_splitter_ax_chan__parameterized0_15632 |         33 |         33 |       0 |    0 |     69 |      0 |      0 |    0 |          0 |
|                 i_axi_burst_splitter_counters                                               |                                        hemaia_system_occamy_chip_0_axi_burst_splitter_counters_15914 |         90 |         90 |       0 |    0 |    104 |      0 |      0 |    0 |          0 |
|               i_axi_burst_splitter_aw_chan                                                  |                                         hemaia_system_occamy_chip_0_axi_burst_splitter_ax_chan_15633 |        126 |        126 |       0 |    0 |    177 |      0 |      0 |    0 |          0 |
|                 (i_axi_burst_splitter_aw_chan)                                              |                                         hemaia_system_occamy_chip_0_axi_burst_splitter_ax_chan_15633 |         31 |         31 |       0 |    0 |     69 |      0 |      0 |    0 |          0 |
|                 i_axi_burst_splitter_counters                                               |                                        hemaia_system_occamy_chip_0_axi_burst_splitter_counters_15904 |         95 |         95 |       0 |    0 |    108 |      0 |      0 |    0 |          0 |
|               i_demux_supported_vs_unsupported                                              |                                         hemaia_system_occamy_chip_0_axi_demux__parameterized10_15634 |        817 |        817 |       0 |    0 |   1037 |      0 |      0 |    0 |          0 |
|                 i_demux_simple                                                              |                                  hemaia_system_occamy_chip_0_axi_demux_simple__parameterized11_15641 |        817 |        817 |       0 |    0 |   1037 |      0 |      0 |    0 |          0 |
|             i_axi_to_axi_lite_id_reflect                                                    |                                         hemaia_system_occamy_chip_0_axi_to_axi_lite_id_reflect_15629 |         71 |         71 |       0 |    0 |     70 |      0 |      0 |    0 |          0 |
|           i_c2h_mailbox                                                                     |                                        hemaia_system_occamy_chip_0_hemaia_hw_mailbox__parameterized1 |       1359 |       1359 |       0 |    0 |   1133 |      0 |      0 |    0 |          0 |
|             i_hemaia_axi_lite_mailbox_adapter                                               |                          hemaia_system_occamy_chip_0_hemaia_axi_lite_mailbox_adapter__parameterized1 |        974 |        974 |       0 |    0 |     90 |      0 |      0 |    0 |          0 |
|               i_waddr_decode                                                                |                                       hemaia_system_occamy_chip_0_addr_decode__parameterized10_15624 |        472 |        472 |       0 |    0 |      0 |      0 |      0 |    0 |          0 |
|               i_r_chan_outp                                                                 |                                    hemaia_system_occamy_chip_0_spill_register__parameterized32_15622 |         27 |         27 |       0 |    0 |     68 |      0 |      0 |    0 |          0 |
|                 spill_register_flushable_i                                                  |                          hemaia_system_occamy_chip_0_spill_register_flushable__parameterized32_15625 |         27 |         27 |       0 |    0 |     68 |      0 |      0 |    0 |          0 |
|               i_raddr_decode                                                                |                                       hemaia_system_occamy_chip_0_addr_decode__parameterized10_15623 |        472 |        472 |       0 |    0 |      0 |      0 |      0 |    0 |          0 |
|             i_mbox                                                                          |                                                hemaia_system_occamy_chip_0_fifo_v3__parameterized121 |        385 |        385 |       0 |    0 |   1043 |      0 |      0 |    0 |          0 |
|           i_clint                                                                           |                                                                    hemaia_system_occamy_chip_0_clint |        583 |        583 |       0 |    0 |    649 |      0 |      0 |    0 |          0 |
|             (i_clint)                                                                       |                                                                    hemaia_system_occamy_chip_0_clint |        309 |        309 |       0 |    0 |      0 |      0 |      0 |    0 |          0 |
|             i_clint_reg_top                                                                 |                                                            hemaia_system_occamy_chip_0_clint_reg_top |        274 |        274 |       0 |    0 |    649 |      0 |      0 |    0 |          0 |
|               u_mtimecmp_high2                                                              |                                        hemaia_system_occamy_chip_0_prim_subreg__parameterized1_15605 |         73 |         73 |       0 |    0 |     32 |      0 |      0 |    0 |          0 |
|               u_mtimecmp_low7                                                               |                                        hemaia_system_occamy_chip_0_prim_subreg__parameterized1_15619 |         64 |         64 |       0 |    0 |     32 |      0 |      0 |    0 |          0 |
|           i_dm_top                                                                          |                                                                   hemaia_system_occamy_chip_0_dm_top |        746 |        746 |       0 |    0 |    682 |      0 |      0 |    0 |          0 |
|             i_dm_csrs                                                                       |                                                                  hemaia_system_occamy_chip_0_dm_csrs |        663 |        663 |       0 |    0 |    605 |      0 |      0 |    0 |          0 |
|               (i_dm_csrs)                                                                   |                                                                  hemaia_system_occamy_chip_0_dm_csrs |        526 |        526 |       0 |    0 |    535 |      0 |      0 |    0 |          0 |
|               i_fifo                                                                        |                                                                  hemaia_system_occamy_chip_0_fifo_v2 |        137 |        137 |       0 |    0 |     70 |      0 |      0 |    0 |          0 |
|                 i_fifo_v3                                                                   |                                                hemaia_system_occamy_chip_0_fifo_v3__parameterized118 |        137 |        137 |       0 |    0 |     70 |      0 |      0 |    0 |          0 |
|             i_dm_mem                                                                        |                                                                   hemaia_system_occamy_chip_0_dm_mem |         65 |         65 |       0 |    0 |     74 |      0 |      0 |    0 |          0 |
|               (i_dm_mem)                                                                    |                                                                   hemaia_system_occamy_chip_0_dm_mem |          6 |          6 |       0 |    0 |     69 |      0 |      0 |    0 |          0 |
|               gen_rom_snd_scratch.i_debug_rom                                               |                                                                hemaia_system_occamy_chip_0_debug_rom |         59 |         59 |       0 |    0 |      5 |      0 |      0 |    0 |          0 |
|           i_dmi_jtag                                                                        |                                                                 hemaia_system_occamy_chip_0_dmi_jtag |        899 |        899 |       0 |    0 |    452 |      0 |      0 |    0 |          0 |
|             (i_dmi_jtag)                                                                    |                                                                 hemaia_system_occamy_chip_0_dmi_jtag |        118 |        118 |       0 |    0 |    119 |      0 |      0 |    0 |          0 |
|             i_dmi_cdc                                                                       |                                                                  hemaia_system_occamy_chip_0_dmi_cdc |        541 |        541 |       0 |    0 |    273 |      0 |      0 |    0 |          0 |
|               i_cdc_resp                                                                    |                                     hemaia_system_occamy_chip_0_cdc_2phase_clearable__parameterized0 |        201 |        201 |       0 |    0 |    129 |      0 |      0 |    0 |          0 |
|                 i_dst                                                                       |                                 hemaia_system_occamy_chip_0_cdc_2phase_dst_clearable__parameterized0 |         90 |         90 |       0 |    0 |     39 |      0 |      0 |    0 |          0 |
|                 i_cdc_reset_ctrlr                                                           |                                                          hemaia_system_occamy_chip_0_cdc_reset_ctrlr |         73 |         73 |       0 |    0 |     48 |      0 |      0 |    0 |          0 |
|               i_cdc_req                                                                     |                                                     hemaia_system_occamy_chip_0_cdc_2phase_clearable |        338 |        338 |       0 |    0 |    143 |      0 |      0 |    0 |          0 |
|                 i_dst                                                                       |                                                 hemaia_system_occamy_chip_0_cdc_2phase_dst_clearable |        217 |        217 |       0 |    0 |     46 |      0 |      0 |    0 |          0 |
|                 i_cdc_reset_ctrlr                                                           |                                                    hemaia_system_occamy_chip_0_cdc_reset_ctrlr_15579 |         76 |         76 |       0 |    0 |     48 |      0 |      0 |    0 |          0 |
|             i_dmi_jtag_tap                                                                  |                                                             hemaia_system_occamy_chip_0_dmi_jtag_tap |        240 |        240 |       0 |    0 |     60 |      0 |      0 |    0 |          0 |
|           i_gpio                                                                            |                                                                     hemaia_system_occamy_chip_0_gpio |        245 |        245 |       0 |    0 |    576 |      0 |      0 |    0 |          0 |
|             (i_gpio)                                                                        |                                                                     hemaia_system_occamy_chip_0_gpio |          0 |          0 |       0 |    0 |     96 |      0 |      0 |    0 |          0 |
|             u_reg                                                                           |                                                             hemaia_system_occamy_chip_0_gpio_reg_top |        124 |        124 |       0 |    0 |    256 |      0 |      0 |    0 |          0 |
|               u_intr_ctrl_en_rising                                                         |                                        hemaia_system_occamy_chip_0_prim_subreg__parameterized1_15569 |         66 |         66 |       0 |    0 |     32 |      0 |      0 |    0 |          0 |
|           i_h2h_mailbox                                                                     |                                        hemaia_system_occamy_chip_0_hemaia_hw_mailbox__parameterized0 |       1159 |       1159 |       0 |    0 |    794 |      0 |      0 |    0 |          0 |
|             i_hemaia_axi_lite_mailbox_adapter                                               |                          hemaia_system_occamy_chip_0_hemaia_axi_lite_mailbox_adapter__parameterized0 |        982 |        982 |       0 |    0 |    272 |      0 |      0 |    0 |          0 |
|               (i_hemaia_axi_lite_mailbox_adapter)                                           |                          hemaia_system_occamy_chip_0_hemaia_axi_lite_mailbox_adapter__parameterized0 |          3 |          3 |       0 |    0 |    136 |      0 |      0 |    0 |          0 |
|               i_r_chan_outp                                                                 |                                    hemaia_system_occamy_chip_0_spill_register__parameterized26_15528 |         40 |         40 |       0 |    0 |    132 |      0 |      0 |    0 |          0 |
|                 spill_register_flushable_i                                                  |                          hemaia_system_occamy_chip_0_spill_register_flushable__parameterized26_15531 |         40 |         40 |       0 |    0 |    132 |      0 |      0 |    0 |          0 |
|               i_raddr_decode                                                                |                                       hemaia_system_occamy_chip_0_addr_decode__parameterized10_15529 |        468 |        468 |       0 |    0 |      0 |      0 |      0 |    0 |          0 |
|               i_waddr_decode                                                                |                                       hemaia_system_occamy_chip_0_addr_decode__parameterized10_15530 |        468 |        468 |       0 |    0 |      0 |      0 |      0 |    0 |          0 |
|             i_mbox                                                                          |                                                hemaia_system_occamy_chip_0_fifo_v3__parameterized120 |        177 |        177 |       0 |    0 |    522 |      0 |      0 |    0 |          0 |
|           i_i2c                                                                             |                                                                      hemaia_system_occamy_chip_0_i2c |       1714 |       1714 |       0 |    0 |   2590 |      0 |      0 |    0 |          0 |
|             i2c_core                                                                        |                                                                 hemaia_system_occamy_chip_0_i2c_core |       1293 |       1293 |       0 |    0 |   2271 |      0 |      0 |    0 |          0 |
|               u_i2c_rxfifo                                                                  |                                           hemaia_system_occamy_chip_0_prim_fifo_sync__parameterized1 |        265 |        265 |       0 |    0 |    527 |      0 |      0 |    0 |          0 |
|               u_i2c_acqfifo                                                                 |                                           hemaia_system_occamy_chip_0_prim_fifo_sync__parameterized3 |        305 |        305 |       0 |    0 |    655 |      0 |      0 |    0 |          0 |
|               u_i2c_fmtfifo                                                                 |                                           hemaia_system_occamy_chip_0_prim_fifo_sync__parameterized0 |        393 |        393 |       0 |    0 |    850 |      0 |      0 |    0 |          0 |
|               u_i2c_fsm                                                                     |                                                                  hemaia_system_occamy_chip_0_i2c_fsm |        305 |        305 |       0 |    0 |    170 |      0 |      0 |    0 |          0 |
|             u_reg                                                                           |                                                              hemaia_system_occamy_chip_0_i2c_reg_top |        421 |        421 |       0 |    0 |    319 |      0 |      0 |    0 |          0 |
|               u_timing1_t_r                                                                 |                                       hemaia_system_occamy_chip_0_prim_subreg__parameterized11_15501 |         94 |         94 |       0 |    0 |     16 |      0 |      0 |    0 |          0 |
|           i_occamy_soc                                                                      |                                                               hemaia_system_occamy_chip_0_occamy_soc |    1495764 |    1448068 |   47696 |    0 | 603925 |   2344 |     16 |  752 |        422 |
|             (i_occamy_soc)                                                                  |                                                               hemaia_system_occamy_chip_0_occamy_soc |         77 |         77 |       0 |    0 |      0 |      0 |      0 |    0 |          0 |
|             (i_spm_narrow_cut)                                                              |                                                               hemaia_system_occamy_chip_0_spm_1p_adv |         67 |         67 |       0 |    0 |    152 |      0 |      0 |    0 |          0 |
|             i_axi_to_reg_moe_scheduler                                                      |                                               hemaia_system_occamy_chip_0_axi_to_reg__parameterized1 |       1413 |       1413 |       0 |    0 |   1340 |      0 |      0 |    0 |          0 |
|               i_axi_lite_to_reg                                                             |                                    hemaia_system_occamy_chip_0_axi_lite_to_reg__parameterized1_15146 |        228 |        228 |       0 |    0 |    301 |      0 |      0 |    0 |          0 |
|                 i_fifo_read_resp                                                            |                                          hemaia_system_occamy_chip_0_fifo_v3__parameterized100_15432 |         39 |         39 |       0 |    0 |    134 |      0 |      0 |    0 |          0 |
|                 i_fifo_write_req                                                            |                                           hemaia_system_occamy_chip_0_fifo_v3__parameterized99_15433 |        175 |        175 |       0 |    0 |    144 |      0 |      0 |    0 |          0 |
|               i_axi_to_axi_lite                                                             |                                          hemaia_system_occamy_chip_0_axi_to_axi_lite__parameterized5 |       1185 |       1185 |       0 |    0 |   1039 |      0 |      0 |    0 |          0 |
|                 i_axi_burst_splitter                                                        |                                       hemaia_system_occamy_chip_0_axi_burst_splitter__parameterized5 |       1121 |       1121 |       0 |    0 |    987 |      0 |      0 |    0 |          0 |
|             i_axi_to_reg_sys_idma_cfg                                                       |                                               hemaia_system_occamy_chip_0_axi_to_reg__parameterized0 |       1400 |       1400 |       0 |    0 |   1229 |      0 |      0 |    0 |          0 |
|               i_axi_lite_to_reg                                                             |                                                    hemaia_system_occamy_chip_0_axi_lite_to_reg_14859 |        207 |        207 |       0 |    0 |    192 |      0 |      0 |    0 |          0 |
|                 i_fifo_read                                                                 |                                            hemaia_system_occamy_chip_0_fifo_v3__parameterized1_15139 |        149 |        149 |       0 |    0 |     20 |      0 |      0 |    0 |          0 |
|                 i_fifo_read_resp                                                            |                                            hemaia_system_occamy_chip_0_fifo_v3__parameterized2_15140 |         32 |         32 |       0 |    0 |     70 |      0 |      0 |    0 |          0 |
|                 i_fifo_write_req                                                            |                                                            hemaia_system_occamy_chip_0_fifo_v3_15141 |         10 |         10 |       0 |    0 |     92 |      0 |      0 |    0 |          0 |
|               i_axi_to_axi_lite                                                             |                                          hemaia_system_occamy_chip_0_axi_to_axi_lite__parameterized4 |       1195 |       1195 |       0 |    0 |   1037 |      0 |      0 |    0 |          0 |
|                 i_axi_burst_splitter                                                        |                                       hemaia_system_occamy_chip_0_axi_burst_splitter__parameterized4 |       1095 |       1095 |       0 |    0 |    985 |      0 |      0 |    0 |          0 |
|                 i_axi_to_axi_lite_id_reflect                                                |                               hemaia_system_occamy_chip_0_axi_to_axi_lite_id_reflect__parameterized4 |         63 |         63 |       0 |    0 |     36 |      0 |      0 |    0 |          0 |
|             i_axi_to_wide_mem                                                               |                                   hemaia_system_occamy_chip_0_axi_to_mem_interleaved__parameterized1 |       1517 |       1517 |       0 |    0 |   3124 |      0 |      0 |    0 |          0 |
|               i_axi_to_mem_read                                                             |                                               hemaia_system_occamy_chip_0_axi_to_mem__parameterized1 |        665 |        665 |       0 |    0 |   1450 |      0 |      0 |    0 |          0 |
|                 i_axi_to_detailed_mem                                                       |                                hemaia_system_occamy_chip_0_axi_to_detailed_mem__parameterized2_14843 |        665 |        665 |       0 |    0 |   1450 |      0 |      0 |    0 |          0 |
|               i_axi_to_mem_write                                                            |                                         hemaia_system_occamy_chip_0_axi_to_mem__parameterized1_14835 |        800 |        800 |       0 |    0 |   1627 |      0 |      0 |    0 |          0 |
|                 i_axi_to_detailed_mem                                                       |                                      hemaia_system_occamy_chip_0_axi_to_detailed_mem__parameterized2 |        800 |        800 |       0 |    0 |   1627 |      0 |      0 |    0 |          0 |
|             i_axi_wide_zero_mem                                                             |                                                             hemaia_system_occamy_chip_0_axi_zero_mem |        246 |        246 |       0 |    0 |    514 |      0 |      0 |    0 |          0 |
|               i_axi_to_zeromem                                                              |                                               hemaia_system_occamy_chip_0_axi_to_mem__parameterized2 |        246 |        246 |       0 |    0 |    513 |      0 |      0 |    0 |          0 |
|                 i_axi_to_detailed_mem                                                       |                                      hemaia_system_occamy_chip_0_axi_to_detailed_mem__parameterized3 |        246 |        246 |       0 |    0 |    513 |      0 |      0 |    0 |          0 |
|             i_cva6_mst_cut                                                                  |                                             hemaia_system_occamy_chip_0_axi_multicut__parameterized6 |        375 |        375 |       0 |    0 |   1172 |      0 |      0 |    0 |          0 |
|               gen_axi_cut.gen_axi_cuts[0].i_cut                                             |                                            hemaia_system_occamy_chip_0_axi_cut__parameterized1_14808 |        151 |        151 |       0 |    0 |    566 |      0 |      0 |    0 |          0 |
|                 i_reg_ar                                                                    |                                    hemaia_system_occamy_chip_0_spill_register__parameterized47_14820 |         34 |         34 |       0 |    0 |    126 |      0 |      0 |    0 |          0 |
|                 i_reg_aw                                                                    |                                    hemaia_system_occamy_chip_0_spill_register__parameterized44_14821 |         38 |         38 |       0 |    0 |    142 |      0 |      0 |    0 |          0 |
|                 i_reg_r                                                                     |                                    hemaia_system_occamy_chip_0_spill_register__parameterized49_14823 |         36 |         36 |       0 |    0 |    140 |      0 |      0 |    0 |          0 |
|                 i_reg_w                                                                     |                                    hemaia_system_occamy_chip_0_spill_register__parameterized46_14824 |         40 |         40 |       0 |    0 |    148 |      0 |      0 |    0 |          0 |
|               gen_axi_cut.gen_axi_cuts[1].i_cut                                             |                                            hemaia_system_occamy_chip_0_axi_cut__parameterized1_14809 |        224 |        224 |       0 |    0 |    606 |      0 |      0 |    0 |          0 |
|                 i_reg_ar                                                                    |                                    hemaia_system_occamy_chip_0_spill_register__parameterized47_14810 |         53 |         53 |       0 |    0 |    146 |      0 |      0 |    0 |          0 |
|                 i_reg_aw                                                                    |                                    hemaia_system_occamy_chip_0_spill_register__parameterized44_14811 |         55 |         55 |       0 |    0 |    162 |      0 |      0 |    0 |          0 |
|                 i_reg_r                                                                     |                                    hemaia_system_occamy_chip_0_spill_register__parameterized49_14813 |         73 |         73 |       0 |    0 |    140 |      0 |      0 |    0 |          0 |
|                 i_reg_w                                                                     |                                    hemaia_system_occamy_chip_0_spill_register__parameterized46_14814 |         38 |         38 |       0 |    0 |    148 |      0 |      0 |    0 |          0 |
|             i_idma_backend_rw_axi_sys_idma                                                  |                                      hemaia_system_occamy_chip_0_idma_backend_rw_axi__parameterized0 |       5439 |       5439 |       0 |    0 |   8362 |      0 |      0 |    0 |          0 |
|               i_w_last                                                                      |                                 hemaia_system_occamy_chip_0_stream_fifo_optimal_wrap__parameterized9 |        137 |        137 |       0 |    0 |    105 |      0 |      0 |    0 |          0 |
|                 gen_fifo.i_stream_fifo                                                      |                                             hemaia_system_occamy_chip_0_stream_fifo__parameterized36 |        137 |        137 |       0 |    0 |    105 |      0 |      0 |    0 |          0 |
|               gen_hw_legalizer.i_idma_legalizer                                             |                                    hemaia_system_occamy_chip_0_idma_legalizer_rw_axi__parameterized0 |        411 |        411 |       0 |    0 |    211 |      0 |      0 |    0 |          0 |
|               gen_r_aw_coupler.i_idma_channel_coupler                                       |                                     hemaia_system_occamy_chip_0_idma_channel_coupler__parameterized0 |       1300 |       1300 |       0 |    0 |   3452 |      0 |      0 |    0 |          0 |
|                 i_aw_store                                                                  |                                 hemaia_system_occamy_chip_0_stream_fifo_optimal_wrap__parameterized5 |       1188 |       1188 |       0 |    0 |   3361 |      0 |      0 |    0 |          0 |
|                 i_aw_decoupled_store                                                        |                                 hemaia_system_occamy_chip_0_stream_fifo_optimal_wrap__parameterized6 |         92 |         92 |       0 |    0 |     83 |      0 |      0 |    0 |          0 |
|               i_ar_fall_through_register                                                    |                                    hemaia_system_occamy_chip_0_fall_through_register__parameterized4 |         73 |         73 |       0 |    0 |     54 |      0 |      0 |    0 |          0 |
|                 i_fifo                                                                      |                                                hemaia_system_occamy_chip_0_fifo_v3__parameterized116 |         73 |         73 |       0 |    0 |     54 |      0 |      0 |    0 |          0 |
|               i_idma_transport_layer                                                        |                              hemaia_system_occamy_chip_0_idma_transport_layer_rw_axi__parameterized0 |       2005 |       2005 |       0 |    0 |   1930 |      0 |      0 |    0 |          0 |
|                 (i_idma_transport_layer)                                                    |                              hemaia_system_occamy_chip_0_idma_transport_layer_rw_axi__parameterized0 |       1276 |       1276 |       0 |    0 |      0 |      0 |      0 |    0 |          0 |
|                 i_dataflow_element                                                          |                                              hemaia_system_occamy_chip_0_idma_dataflow_element_14741 |        727 |        727 |       0 |    0 |   1920 |      0 |      0 |    0 |          0 |
|               i_r_dp_req                                                                    |                                 hemaia_system_occamy_chip_0_stream_fifo_optimal_wrap__parameterized7 |        836 |        836 |       0 |    0 |   1241 |      0 |      0 |    0 |          0 |
|                 gen_fifo.i_stream_fifo                                                      |                                             hemaia_system_occamy_chip_0_stream_fifo__parameterized34 |        836 |        836 |       0 |    0 |   1241 |      0 |      0 |    0 |          0 |
|               i_w_dp_req                                                                    |                                 hemaia_system_occamy_chip_0_stream_fifo_optimal_wrap__parameterized8 |        677 |        677 |       0 |    0 |   1369 |      0 |      0 |    0 |          0 |
|                 gen_fifo.i_stream_fifo                                                      |                                             hemaia_system_occamy_chip_0_stream_fifo__parameterized35 |        677 |        677 |       0 |    0 |   1369 |      0 |      0 |    0 |          0 |
|             i_idma_reg64_1d_sys_idma                                                        |                                                            hemaia_system_occamy_chip_0_idma_reg64_1d |        230 |        230 |       0 |    0 |    209 |      0 |      0 |    0 |          0 |
|               gen_core_regs[0].i_idma_reg64_1d_reg_top                                      |                                                    hemaia_system_occamy_chip_0_idma_reg64_1d_reg_top |        214 |        214 |       0 |    0 |    209 |      0 |      0 |    0 |          0 |
|                 u_length_low                                                                |                                        hemaia_system_occamy_chip_0_prim_subreg__parameterized1_14738 |        199 |        199 |       0 |    0 |     32 |      0 |      0 |    0 |          0 |
|             i_moe_scheduler_reg_wrapper                                                     |                                                hemaia_system_occamy_chip_0_moe_scheduler_reg_wrapper |       6220 |       6220 |       0 |    0 |   1590 |      0 |      0 |    0 |          0 |
|               (i_moe_scheduler_reg_wrapper)                                                 |                                                hemaia_system_occamy_chip_0_moe_scheduler_reg_wrapper |        202 |        202 |       0 |    0 |    175 |      0 |      0 |    0 |          0 |
|               i_sched_schedule_core                                                         |                                                      hemaia_system_occamy_chip_0_sched_schedule_core |       6018 |       6018 |       0 |    0 |   1415 |      0 |      0 |    0 |          0 |
|                 (i_sched_schedule_core)                                                     |                                                      hemaia_system_occamy_chip_0_sched_schedule_core |       1557 |       1557 |       0 |    0 |    977 |      0 |      0 |    0 |          0 |
|                 i_candidate_generator                                                       |                                                hemaia_system_occamy_chip_0_sched_candidate_generator |         55 |         55 |       0 |    0 |      8 |      0 |      0 |    0 |          0 |
|                 i_eval_lane                                                                 |                                                hemaia_system_occamy_chip_0_sched_candidate_eval_lane |       4339 |       4339 |       0 |    0 |    365 |      0 |      0 |    0 |          0 |
|             i_narrow_in                                                                     |                                             hemaia_system_occamy_chip_0_axi_multicut__parameterized7 |        590 |        590 |       0 |    0 |   1926 |      0 |      0 |    0 |          0 |
|               gen_axi_cut.gen_axi_cuts[0].i_cut                                             |                                                            hemaia_system_occamy_chip_0_axi_cut_14692 |        213 |        213 |       0 |    0 |    642 |      0 |      0 |    0 |          0 |
|                 i_reg_ar                                                                    |                                    hemaia_system_occamy_chip_0_spill_register__parameterized52_14715 |         66 |         66 |       0 |    0 |    156 |      0 |      0 |    0 |          0 |
|                 i_reg_aw                                                                    |                                    hemaia_system_occamy_chip_0_spill_register__parameterized50_14716 |         60 |         60 |       0 |    0 |    168 |      0 |      0 |    0 |          0 |
|                 i_reg_r                                                                     |                                    hemaia_system_occamy_chip_0_spill_register__parameterized53_14718 |         39 |         39 |       0 |    0 |    150 |      0 |      0 |    0 |          0 |
|                 i_reg_w                                                                     |                                    hemaia_system_occamy_chip_0_spill_register__parameterized46_14719 |         41 |         41 |       0 |    0 |    148 |      0 |      0 |    0 |          0 |
|               gen_axi_cut.gen_axi_cuts[1].i_cut                                             |                                                            hemaia_system_occamy_chip_0_axi_cut_14693 |        174 |        174 |       0 |    0 |    642 |      0 |      0 |    0 |          0 |
|                 i_reg_ar                                                                    |                                    hemaia_system_occamy_chip_0_spill_register__parameterized52_14705 |         42 |         42 |       0 |    0 |    156 |      0 |      0 |    0 |          0 |
|                 i_reg_aw                                                                    |                                    hemaia_system_occamy_chip_0_spill_register__parameterized50_14706 |         45 |         45 |       0 |    0 |    168 |      0 |      0 |    0 |          0 |
|                 i_reg_r                                                                     |                                    hemaia_system_occamy_chip_0_spill_register__parameterized53_14708 |         39 |         39 |       0 |    0 |    150 |      0 |      0 |    0 |          0 |
|                 i_reg_w                                                                     |                                    hemaia_system_occamy_chip_0_spill_register__parameterized46_14709 |         40 |         40 |       0 |    0 |    148 |      0 |      0 |    0 |          0 |
|               gen_axi_cut.gen_axi_cuts[2].i_cut                                             |                                                            hemaia_system_occamy_chip_0_axi_cut_14694 |        203 |        203 |       0 |    0 |    642 |      0 |      0 |    0 |          0 |
|                 i_reg_ar                                                                    |                                    hemaia_system_occamy_chip_0_spill_register__parameterized52_14695 |         53 |         53 |       0 |    0 |    156 |      0 |      0 |    0 |          0 |
|                 i_reg_aw                                                                    |                                    hemaia_system_occamy_chip_0_spill_register__parameterized50_14696 |         61 |         61 |       0 |    0 |    168 |      0 |      0 |    0 |          0 |
|                 i_reg_r                                                                     |                                    hemaia_system_occamy_chip_0_spill_register__parameterized53_14698 |         41 |         41 |       0 |    0 |    150 |      0 |      0 |    0 |          0 |
|                 i_reg_w                                                                     |                                    hemaia_system_occamy_chip_0_spill_register__parameterized46_14699 |         39 |         39 |       0 |    0 |    148 |      0 |      0 |    0 |          0 |
|             i_narrow_memory_mst_cut                                                         |                                             hemaia_system_occamy_chip_0_axi_multicut__parameterized3 |        538 |        538 |       0 |    0 |    594 |      0 |      0 |    0 |          0 |
|               gen_axi_cut.gen_axi_cuts[0].i_cut                                             |                                                            hemaia_system_occamy_chip_0_axi_cut_14681 |        538 |        538 |       0 |    0 |    594 |      0 |      0 |    0 |          0 |
|                 i_reg_ar                                                                    |                                    hemaia_system_occamy_chip_0_spill_register__parameterized52_14682 |        212 |        212 |       0 |    0 |    140 |      0 |      0 |    0 |          0 |
|                 i_reg_aw                                                                    |                                    hemaia_system_occamy_chip_0_spill_register__parameterized50_14683 |        230 |        230 |       0 |    0 |    142 |      0 |      0 |    0 |          0 |
|                 i_reg_r                                                                     |                                    hemaia_system_occamy_chip_0_spill_register__parameterized53_14685 |         42 |         42 |       0 |    0 |    146 |      0 |      0 |    0 |          0 |
|                 i_reg_w                                                                     |                                    hemaia_system_occamy_chip_0_spill_register__parameterized46_14686 |         44 |         44 |       0 |    0 |    148 |      0 |      0 |    0 |          0 |
|             i_narrow_memory_slv_cut                                                         |                                             hemaia_system_occamy_chip_0_axi_multicut__parameterized5 |         59 |         59 |       0 |    0 |    192 |      0 |      0 |    0 |          0 |
|               gen_axi_cut.gen_axi_cuts[0].i_cut                                             |                                            hemaia_system_occamy_chip_0_axi_cut__parameterized1_14674 |         59 |         59 |       0 |    0 |    192 |      0 |      0 |    0 |          0 |
|                 i_reg_aw                                                                    |                                    hemaia_system_occamy_chip_0_spill_register__parameterized44_14675 |         20 |         20 |       0 |    0 |     56 |      0 |      0 |    0 |          0 |
|                 i_reg_w                                                                     |                                    hemaia_system_occamy_chip_0_spill_register__parameterized46_14677 |         37 |         37 |       0 |    0 |    134 |      0 |      0 |    0 |          0 |
|             i_narrow_out_cut                                                                |                                             hemaia_system_occamy_chip_0_axi_multicut__parameterized8 |        525 |        525 |       0 |    0 |   1854 |      0 |      0 |    0 |          0 |
|               gen_axi_cut.gen_axi_cuts[0].i_cut                                             |                                            hemaia_system_occamy_chip_0_axi_cut__parameterized1_14641 |        164 |        164 |       0 |    0 |    618 |      0 |      0 |    0 |          0 |
|                 i_reg_ar                                                                    |                                    hemaia_system_occamy_chip_0_spill_register__parameterized47_14664 |         40 |         40 |       0 |    0 |    150 |      0 |      0 |    0 |          0 |
|                 i_reg_aw                                                                    |                                    hemaia_system_occamy_chip_0_spill_register__parameterized44_14665 |         43 |         43 |       0 |    0 |    162 |      0 |      0 |    0 |          0 |
|                 i_reg_r                                                                     |                                    hemaia_system_occamy_chip_0_spill_register__parameterized49_14667 |         37 |         37 |       0 |    0 |    144 |      0 |      0 |    0 |          0 |
|                 i_reg_w                                                                     |                                    hemaia_system_occamy_chip_0_spill_register__parameterized46_14668 |         40 |         40 |       0 |    0 |    148 |      0 |      0 |    0 |          0 |
|               gen_axi_cut.gen_axi_cuts[1].i_cut                                             |                                            hemaia_system_occamy_chip_0_axi_cut__parameterized1_14642 |        164 |        164 |       0 |    0 |    618 |      0 |      0 |    0 |          0 |
|                 i_reg_ar                                                                    |                                    hemaia_system_occamy_chip_0_spill_register__parameterized47_14654 |         39 |         39 |       0 |    0 |    150 |      0 |      0 |    0 |          0 |
|                 i_reg_aw                                                                    |                                    hemaia_system_occamy_chip_0_spill_register__parameterized44_14655 |         42 |         42 |       0 |    0 |    162 |      0 |      0 |    0 |          0 |
|                 i_reg_r                                                                     |                                    hemaia_system_occamy_chip_0_spill_register__parameterized49_14657 |         38 |         38 |       0 |    0 |    144 |      0 |      0 |    0 |          0 |
|                 i_reg_w                                                                     |                                    hemaia_system_occamy_chip_0_spill_register__parameterized46_14658 |         40 |         40 |       0 |    0 |    148 |      0 |      0 |    0 |          0 |
|               gen_axi_cut.gen_axi_cuts[2].i_cut                                             |                                            hemaia_system_occamy_chip_0_axi_cut__parameterized1_14643 |        197 |        197 |       0 |    0 |    618 |      0 |      0 |    0 |          0 |
|                 i_reg_ar                                                                    |                                    hemaia_system_occamy_chip_0_spill_register__parameterized47_14644 |         53 |         53 |       0 |    0 |    150 |      0 |      0 |    0 |          0 |
|                 i_reg_aw                                                                    |                                    hemaia_system_occamy_chip_0_spill_register__parameterized44_14645 |         56 |         56 |       0 |    0 |    162 |      0 |      0 |    0 |          0 |
|                 i_reg_r                                                                     |                                    hemaia_system_occamy_chip_0_spill_register__parameterized49_14647 |         38 |         38 |       0 |    0 |    144 |      0 |      0 |    0 |          0 |
|                 i_reg_w                                                                     |                                    hemaia_system_occamy_chip_0_spill_register__parameterized46_14648 |         38 |         38 |       0 |    0 |    148 |      0 |      0 |    0 |          0 |
|             i_occamy_cva6_ara                                                               |                                                          hemaia_system_occamy_chip_0_occamy_cva6_ara |     132296 |     132296 |       0 |    0 |  50400 |     88 |      8 |    0 |        117 |
|               i_ara                                                                         |                                                                      hemaia_system_occamy_chip_0_ara |      93240 |      93240 |       0 |    0 |  29120 |     32 |      0 |    0 |         97 |
|                 i_vlsu                                                                      |                                                                     hemaia_system_occamy_chip_0_vlsu |       5224 |       5224 |       0 |    0 |   2144 |      0 |      0 |    0 |          3 |
|                 gen_lanes[0].i_lane                                                         |                                                                     hemaia_system_occamy_chip_0_lane |      38110 |      38110 |       0 |    0 |  11750 |     16 |      0 |    0 |         47 |
|                 gen_lanes[1].i_lane                                                         |                                                               hemaia_system_occamy_chip_0_lane_14327 |      37838 |      37838 |       0 |    0 |  11733 |     16 |      0 |    0 |         47 |
|                 i_dispatcher                                                                |                                                           hemaia_system_occamy_chip_0_ara_dispatcher |       1055 |       1055 |       0 |    0 |    505 |      0 |      0 |    0 |          0 |
|                 i_masku                                                                     |                                                                    hemaia_system_occamy_chip_0_masku |       6423 |       6423 |       0 |    0 |   1300 |      0 |      0 |    0 |          0 |
|                 i_sequencer                                                                 |                                                            hemaia_system_occamy_chip_0_ara_sequencer |       1468 |       1468 |       0 |    0 |    651 |      0 |      0 |    0 |          0 |
|                 i_sldu                                                                      |                                                                     hemaia_system_occamy_chip_0_sldu |       3111 |       3111 |       0 |    0 |   1037 |      0 |      0 |    0 |          0 |
|               i_ariane                                                                      |                                                                     hemaia_system_occamy_chip_0_cva6 |      38588 |      38588 |       0 |    0 |  20539 |     56 |      8 |    0 |         20 |
|                 issue_stage_i                                                               |                                                              hemaia_system_occamy_chip_0_issue_stage |      11788 |      11788 |       0 |    0 |   6874 |      0 |      0 |    0 |          0 |
|                 controller_i                                                                |                                                               hemaia_system_occamy_chip_0_controller |        111 |        111 |       0 |    0 |    137 |      0 |      0 |    0 |          0 |
|                 csr_regfile_i                                                               |                                                              hemaia_system_occamy_chip_0_csr_regfile |       1098 |       1098 |       0 |    0 |   1753 |      0 |      0 |    0 |          0 |
|                 ex_stage_i                                                                  |                                                                 hemaia_system_occamy_chip_0_ex_stage |      14897 |      14897 |       0 |    0 |   4148 |      0 |      0 |    0 |         20 |
|                 gen_accelerator.i_acc_dispatcher                                            |                                                           hemaia_system_occamy_chip_0_acc_dispatcher |       1642 |       1642 |       0 |    0 |    884 |      0 |      0 |    0 |          0 |
|                 gen_cache_wt.i_cache_subsystem                                              |                                                       hemaia_system_occamy_chip_0_wt_cache_subsystem |       5971 |       5971 |       0 |    0 |   2490 |     56 |      8 |    0 |          0 |
|                 i_frontend                                                                  |                                                                 hemaia_system_occamy_chip_0_frontend |       2833 |       2833 |       0 |    0 |   3933 |      0 |      0 |    0 |          0 |
|                 id_stage_i                                                                  |                                                                 hemaia_system_occamy_chip_0_id_stage |        253 |        253 |       0 |    0 |    319 |      0 |      0 |    0 |          0 |
|               i_axi_inval_filter                                                            |                                                         hemaia_system_occamy_chip_0_axi_inval_filter |        190 |        190 |       0 |    0 |    140 |      0 |      0 |    0 |          0 |
|                 i_aw_fifo                                                                   |                                                 hemaia_system_occamy_chip_0_fifo_v3__parameterized42 |        146 |        146 |       0 |    0 |     91 |      0 |      0 |    0 |          0 |
|               i_system_mux                                                                  |                                                  hemaia_system_occamy_chip_0_axi_mux__parameterized3 |        280 |        280 |       0 |    0 |    591 |      0 |      0 |    0 |          0 |
|                 gen_mux.i_w_spill_reg                                                       |                                    hemaia_system_occamy_chip_0_spill_register__parameterized46_14254 |         42 |         42 |       0 |    0 |    148 |      0 |      0 |    0 |          0 |
|                 gen_mux.i_ar_spill_reg                                                      |                                    hemaia_system_occamy_chip_0_spill_register__parameterized47_14249 |         35 |         35 |       0 |    0 |    126 |      0 |      0 |    0 |          0 |
|                 gen_mux.i_aw_spill_reg                                                      |                                    hemaia_system_occamy_chip_0_spill_register__parameterized44_14251 |         44 |         44 |       0 |    0 |    140 |      0 |      0 |    0 |          0 |
|                 gen_mux.i_r_spill_reg                                                       |                                    hemaia_system_occamy_chip_0_spill_register__parameterized49_14253 |        125 |        125 |       0 |    0 |    140 |      0 |      0 |    0 |          0 |
|             i_occamy_quad                                                                   |                                                              hemaia_system_occamy_chip_0_occamy_quad |    1242064 |    1194368 |   47696 |    0 | 461257 |   2248 |      8 |  752 |        286 |
|               i_wide_in_iwc_3                                                               |                                        hemaia_system_occamy_chip_0_axi_id_remap__parameterized6_2291 |         78 |         78 |       0 |    0 |     49 |      0 |      0 |    0 |          0 |
|               i_csr_rsp_cdc_cluster0_core0                                                  |                                            hemaia_system_occamy_chip_0_cdc_fifo_gray__parameterized0 |         19 |         19 |       0 |    0 |     62 |      0 |      0 |    0 |          0 |
|               i_csr_rsp_cdc_cluster0_core1                                                  |                                       hemaia_system_occamy_chip_0_cdc_fifo_gray__parameterized0_2260 |         27 |         27 |       0 |    0 |     62 |      0 |      0 |    0 |          0 |
|               i_csr_rsp_cdc_cluster1_core0                                                  |                                       hemaia_system_occamy_chip_0_cdc_fifo_gray__parameterized0_2261 |         22 |         22 |       0 |    0 |     62 |      0 |      0 |    0 |          0 |
|               i_csr_rsp_cdc_cluster1_core1                                                  |                                       hemaia_system_occamy_chip_0_cdc_fifo_gray__parameterized0_2262 |         27 |         27 |       0 |    0 |     62 |      0 |      0 |    0 |          0 |
|               i_csr_rsp_cdc_cluster2_core0                                                  |                                       hemaia_system_occamy_chip_0_cdc_fifo_gray__parameterized0_2263 |         21 |         21 |       0 |    0 |     62 |      0 |      0 |    0 |          0 |
|               i_csr_rsp_cdc_cluster2_core1                                                  |                                       hemaia_system_occamy_chip_0_cdc_fifo_gray__parameterized0_2264 |         27 |         27 |       0 |    0 |     62 |      0 |      0 |    0 |          0 |
|               i_csr_rsp_cdc_cluster3_core0                                                  |                                       hemaia_system_occamy_chip_0_cdc_fifo_gray__parameterized0_2265 |         22 |         22 |       0 |    0 |     62 |      0 |      0 |    0 |          0 |
|               i_csr_rsp_cdc_cluster3_core1                                                  |                                       hemaia_system_occamy_chip_0_cdc_fifo_gray__parameterized0_2266 |         25 |         25 |       0 |    0 |     62 |      0 |      0 |    0 |          0 |
|               i_narrow_cluster_in_cdc_0                                                     |                                                                  hemaia_system_occamy_chip_0_axi_cdc |        522 |        522 |       0 |    0 |   1876 |      0 |      0 |    0 |          0 |
|                 i_axi_cdc_dst                                                               |                                                        hemaia_system_occamy_chip_0_axi_cdc_dst_14071 |        217 |        217 |       0 |    0 |    789 |      0 |      0 |    0 |          0 |
|                 i_axi_cdc_src                                                               |                                                        hemaia_system_occamy_chip_0_axi_cdc_src_14072 |        305 |        305 |       0 |    0 |   1087 |      0 |      0 |    0 |          0 |
|               i_narrow_cluster_in_cdc_1                                                     |                                                             hemaia_system_occamy_chip_0_axi_cdc_2267 |        514 |        514 |       0 |    0 |   1876 |      0 |      0 |    0 |          0 |
|                 i_axi_cdc_dst                                                               |                                                        hemaia_system_occamy_chip_0_axi_cdc_dst_14019 |        217 |        217 |       0 |    0 |    789 |      0 |      0 |    0 |          0 |
|                 i_axi_cdc_src                                                               |                                                        hemaia_system_occamy_chip_0_axi_cdc_src_14020 |        297 |        297 |       0 |    0 |   1087 |      0 |      0 |    0 |          0 |
|               i_narrow_cluster_in_cdc_2                                                     |                                                             hemaia_system_occamy_chip_0_axi_cdc_2268 |        522 |        522 |       0 |    0 |   1876 |      0 |      0 |    0 |          0 |
|                 i_axi_cdc_dst                                                               |                                                        hemaia_system_occamy_chip_0_axi_cdc_dst_13967 |        216 |        216 |       0 |    0 |    789 |      0 |      0 |    0 |          0 |
|                 i_axi_cdc_src                                                               |                                                        hemaia_system_occamy_chip_0_axi_cdc_src_13968 |        306 |        306 |       0 |    0 |   1087 |      0 |      0 |    0 |          0 |
|               i_narrow_cluster_in_cdc_3                                                     |                                                             hemaia_system_occamy_chip_0_axi_cdc_2269 |        519 |        519 |       0 |    0 |   1876 |      0 |      0 |    0 |          0 |
|                 i_axi_cdc_dst                                                               |                                                              hemaia_system_occamy_chip_0_axi_cdc_dst |        215 |        215 |       0 |    0 |    789 |      0 |      0 |    0 |          0 |
|                 i_axi_cdc_src                                                               |                                                              hemaia_system_occamy_chip_0_axi_cdc_src |        304 |        304 |       0 |    0 |   1087 |      0 |      0 |    0 |          0 |
|               i_narrow_cluster_in_ctrl_cut                                                  |                                        hemaia_system_occamy_chip_0_axi_multicut__parameterized3_2270 |        309 |        309 |       0 |    0 |    642 |      0 |      0 |    0 |          0 |
|                 gen_axi_cut.gen_axi_cuts[0].i_cut                                           |                                                            hemaia_system_occamy_chip_0_axi_cut_13914 |        309 |        309 |       0 |    0 |    642 |      0 |      0 |    0 |          0 |
|               i_narrow_cluster_in_iwc                                                       |                                             hemaia_system_occamy_chip_0_axi_id_remap__parameterized1 |        347 |        347 |       0 |    0 |    331 |      0 |      0 |    0 |          0 |
|                 i_wr_table                                                                  |                                 hemaia_system_occamy_chip_0_axi_id_remap_table__parameterized1_13913 |        177 |        177 |       0 |    0 |    160 |      0 |      0 |    0 |          0 |
|                 i_rd_table                                                                  |                                       hemaia_system_occamy_chip_0_axi_id_remap_table__parameterized1 |        166 |        166 |       0 |    0 |    160 |      0 |      0 |    0 |          0 |
|               i_narrow_cluster_out_cdc_0                                                    |                                                  hemaia_system_occamy_chip_0_axi_cdc__parameterized0 |        535 |        535 |       0 |    0 |   1924 |      0 |      0 |    0 |          0 |
|                 i_axi_cdc_dst                                                               |                                        hemaia_system_occamy_chip_0_axi_cdc_dst__parameterized0_13861 |        237 |        237 |       0 |    0 |    813 |      0 |      0 |    0 |          0 |
|                 i_axi_cdc_src                                                               |                                        hemaia_system_occamy_chip_0_axi_cdc_src__parameterized0_13862 |        298 |        298 |       0 |    0 |   1111 |      0 |      0 |    0 |          0 |
|               i_narrow_cluster_out_cdc_1                                                    |                                             hemaia_system_occamy_chip_0_axi_cdc__parameterized0_2271 |        552 |        552 |       0 |    0 |   1924 |      0 |      0 |    0 |          0 |
|                 i_axi_cdc_dst                                                               |                                        hemaia_system_occamy_chip_0_axi_cdc_dst__parameterized0_13809 |        254 |        254 |       0 |    0 |    813 |      0 |      0 |    0 |          0 |
|                 i_axi_cdc_src                                                               |                                        hemaia_system_occamy_chip_0_axi_cdc_src__parameterized0_13810 |        298 |        298 |       0 |    0 |   1111 |      0 |      0 |    0 |          0 |
|               i_narrow_cluster_out_cdc_2                                                    |                                             hemaia_system_occamy_chip_0_axi_cdc__parameterized0_2272 |        535 |        535 |       0 |    0 |   1924 |      0 |      0 |    0 |          0 |
|                 i_axi_cdc_dst                                                               |                                        hemaia_system_occamy_chip_0_axi_cdc_dst__parameterized0_13757 |        237 |        237 |       0 |    0 |    813 |      0 |      0 |    0 |          0 |
|                 i_axi_cdc_src                                                               |                                        hemaia_system_occamy_chip_0_axi_cdc_src__parameterized0_13758 |        298 |        298 |       0 |    0 |   1111 |      0 |      0 |    0 |          0 |
|               i_narrow_cluster_out_cdc_3                                                    |                                             hemaia_system_occamy_chip_0_axi_cdc__parameterized0_2273 |        534 |        534 |       0 |    0 |   1924 |      0 |      0 |    0 |          0 |
|                 i_axi_cdc_dst                                                               |                                              hemaia_system_occamy_chip_0_axi_cdc_dst__parameterized0 |        236 |        236 |       0 |    0 |    813 |      0 |      0 |    0 |          0 |
|                 i_axi_cdc_src                                                               |                                              hemaia_system_occamy_chip_0_axi_cdc_src__parameterized0 |        298 |        298 |       0 |    0 |   1111 |      0 |      0 |    0 |          0 |
|               i_narrow_cluster_out_ctrl                                                     |                                            hemaia_system_occamy_chip_0_axi_multicut__parameterized12 |        294 |        294 |       0 |    0 |    610 |      0 |      0 |    0 |          0 |
|                 gen_axi_cut.gen_axi_cuts[0].i_cut                                           |                                                  hemaia_system_occamy_chip_0_axi_cut__parameterized2 |        294 |        294 |       0 |    0 |    610 |      0 |      0 |    0 |          0 |
|               i_narrow_cluster_out_iwc                                                      |                                             hemaia_system_occamy_chip_0_axi_id_remap__parameterized2 |        222 |        222 |       0 |    0 |    169 |      0 |      0 |    0 |          0 |
|                 i_wr_table                                                                  |                                 hemaia_system_occamy_chip_0_axi_id_remap_table__parameterized2_13712 |         63 |         63 |       0 |    0 |     80 |      0 |      0 |    0 |          0 |
|                 i_rd_table                                                                  |                                       hemaia_system_occamy_chip_0_axi_id_remap_table__parameterized2 |        159 |        159 |       0 |    0 |     80 |      0 |      0 |    0 |          0 |
|               i_narrow_in_iwc_0                                                             |                                             hemaia_system_occamy_chip_0_axi_id_remap__parameterized5 |        138 |        138 |       0 |    0 |     87 |      0 |      0 |    0 |          0 |
|                 i_wr_table                                                                  |                                 hemaia_system_occamy_chip_0_axi_id_remap_table__parameterized5_13711 |         63 |         63 |       0 |    0 |     40 |      0 |      0 |    0 |          0 |
|                 i_rd_table                                                                  |                                 hemaia_system_occamy_chip_0_axi_id_remap_table__parameterized5_13710 |         75 |         75 |       0 |    0 |     40 |      0 |      0 |    0 |          0 |
|               i_narrow_in_iwc_1                                                             |                                        hemaia_system_occamy_chip_0_axi_id_remap__parameterized5_2274 |        148 |        148 |       0 |    0 |     87 |      0 |      0 |    0 |          0 |
|                 i_wr_table                                                                  |                                 hemaia_system_occamy_chip_0_axi_id_remap_table__parameterized5_13709 |         66 |         66 |       0 |    0 |     40 |      0 |      0 |    0 |          0 |
|                 i_rd_table                                                                  |                                 hemaia_system_occamy_chip_0_axi_id_remap_table__parameterized5_13708 |         82 |         82 |       0 |    0 |     40 |      0 |      0 |    0 |          0 |
|               i_narrow_in_iwc_2                                                             |                                        hemaia_system_occamy_chip_0_axi_id_remap__parameterized5_2275 |        138 |        138 |       0 |    0 |     87 |      0 |      0 |    0 |          0 |
|                 i_wr_table                                                                  |                                 hemaia_system_occamy_chip_0_axi_id_remap_table__parameterized5_13707 |         63 |         63 |       0 |    0 |     40 |      0 |      0 |    0 |          0 |
|                 i_rd_table                                                                  |                                 hemaia_system_occamy_chip_0_axi_id_remap_table__parameterized5_13706 |         75 |         75 |       0 |    0 |     40 |      0 |      0 |    0 |          0 |
|               i_narrow_in_iwc_3                                                             |                                        hemaia_system_occamy_chip_0_axi_id_remap__parameterized5_2276 |        128 |        128 |       0 |    0 |     79 |      0 |      0 |    0 |          0 |
|                 i_wr_table                                                                  |                                 hemaia_system_occamy_chip_0_axi_id_remap_table__parameterized5_13705 |         59 |         59 |       0 |    0 |     36 |      0 |      0 |    0 |          0 |
|                 i_rd_table                                                                  |                                       hemaia_system_occamy_chip_0_axi_id_remap_table__parameterized5 |         69 |         69 |       0 |    0 |     36 |      0 |      0 |    0 |          0 |
|               i_occamy_cluster_0                                                            |            hemaia_system_occamy_chip_0_snax_dual_versacore_int16x4_4lane_postproc_v2_cluster_wrapper |     283548 |     272008 |   11540 |    0 |  75398 |    562 |      2 |  188 |         70 |
|                 i_cluster                                                                   |                                                     hemaia_system_occamy_chip_0_snitch_cluster_11502 |     199493 |     199493 |       0 |    0 |  54640 |    562 |      2 |  188 |          4 |
|                 i_snax_core_0_acc_0_snax_dual_versacore_swiglu                              |                                 hemaia_system_occamy_chip_0_snax_dual_versacore_swiglu_wrapper_11503 |      73922 |      63278 |   10644 |    0 |  12648 |      0 |      0 |    0 |         62 |
|                 i_snax_core_1_xdma                                                          | hemaia_system_occamy_chip_0_snax_dual_versacore_int16x4_4lane_postproc_v2_cluster_xdma_wrapper_11504 |      10409 |       9513 |     896 |    0 |   8110 |      0 |      0 |    0 |          4 |
|               i_occamy_cluster_1                                                            |       hemaia_system_occamy_chip_0_snax_dual_versacore_int16x4_4lane_postproc_v2_cluster_wrapper_2277 |     284582 |     272530 |   12052 |    0 |  75476 |    562 |      2 |  188 |         70 |
|                 i_cluster                                                                   |                                                      hemaia_system_occamy_chip_0_snitch_cluster_9299 |     198148 |     198148 |       0 |    0 |  54659 |    562 |      2 |  188 |          4 |
|                 i_snax_core_0_acc_0_snax_dual_versacore_swiglu                              |                                  hemaia_system_occamy_chip_0_snax_dual_versacore_swiglu_wrapper_9300 |      76323 |      65167 |   11156 |    0 |  12707 |      0 |      0 |    0 |         62 |
|                 i_snax_core_1_xdma                                                          |  hemaia_system_occamy_chip_0_snax_dual_versacore_int16x4_4lane_postproc_v2_cluster_xdma_wrapper_9301 |      10338 |       9442 |     896 |    0 |   8110 |      0 |      0 |    0 |          4 |
|               i_occamy_cluster_2                                                            |       hemaia_system_occamy_chip_0_snax_dual_versacore_int16x4_4lane_postproc_v2_cluster_wrapper_2278 |     284484 |     272432 |   12052 |    0 |  75421 |    562 |      2 |  188 |         70 |
|                 i_cluster                                                                   |                                                      hemaia_system_occamy_chip_0_snitch_cluster_7096 |     198196 |     198196 |       0 |    0 |  54637 |    562 |      2 |  188 |          4 |
|                 i_snax_core_0_acc_0_snax_dual_versacore_swiglu                              |                                  hemaia_system_occamy_chip_0_snax_dual_versacore_swiglu_wrapper_7097 |      76132 |      64976 |   11156 |    0 |  12674 |      0 |      0 |    0 |         62 |
|                 i_snax_core_1_xdma                                                          |  hemaia_system_occamy_chip_0_snax_dual_versacore_int16x4_4lane_postproc_v2_cluster_xdma_wrapper_7098 |      10347 |       9451 |     896 |    0 |   8110 |      0 |      0 |    0 |          4 |
|               i_occamy_cluster_3                                                            |       hemaia_system_occamy_chip_0_snax_dual_versacore_int16x4_4lane_postproc_v2_cluster_wrapper_2279 |     283091 |     271039 |   12052 |    0 |  75420 |    562 |      2 |  188 |         70 |
|                 i_cluster                                                                   |                                                           hemaia_system_occamy_chip_0_snitch_cluster |     197450 |     197450 |       0 |    0 |  54642 |    562 |      2 |  188 |          4 |
|                 i_snax_core_0_acc_0_snax_dual_versacore_swiglu                              |                                       hemaia_system_occamy_chip_0_snax_dual_versacore_swiglu_wrapper |      75569 |      64413 |   11156 |    0 |  12668 |      0 |      0 |    0 |         62 |
|                 i_snax_core_1_xdma                                                          |       hemaia_system_occamy_chip_0_snax_dual_versacore_int16x4_4lane_postproc_v2_cluster_xdma_wrapper |      10347 |       9451 |     896 |    0 |   8110 |      0 |      0 |    0 |          4 |
|               i_occamy_quad_ctrl                                                            |                                                         hemaia_system_occamy_chip_0_occamy_quad_ctrl |      43118 |      43118 |       0 |    0 |  36548 |      0 |      0 |    0 |          6 |
|                 i_soc_to_quad_to_axi_lite_pc                                                |                                     hemaia_system_occamy_chip_0_axi_to_axi_lite__parameterized0_3453 |       2163 |       2163 |       0 |    0 |   1531 |      0 |      0 |    0 |          0 |
|                 i_axi_lite_to_reg_quad_ctrl_peripheral_pc                                   |                                                     hemaia_system_occamy_chip_0_axi_lite_to_reg_3443 |        598 |        598 |       0 |    0 |    189 |      0 |      0 |    0 |          0 |
|                 i_bingo_hw_manager                                                          |                                                     hemaia_system_occamy_chip_0_bingo_hw_manager_top |       5625 |       5625 |       0 |    0 |   9613 |      0 |      0 |    0 |          0 |
|                 i_h2c_mailbox_0                                                             |                                                        hemaia_system_occamy_chip_0_hemaia_hw_mailbox |       1159 |       1159 |       0 |    0 |    613 |      0 |      0 |    0 |          0 |
|                 i_h2c_mailbox_1                                                             |                                                   hemaia_system_occamy_chip_0_hemaia_hw_mailbox_3444 |       1158 |       1158 |       0 |    0 |    613 |      0 |      0 |    0 |          0 |
|                 i_h2c_mailbox_2                                                             |                                                   hemaia_system_occamy_chip_0_hemaia_hw_mailbox_3445 |       1160 |       1160 |       0 |    0 |    613 |      0 |      0 |    0 |          0 |
|                 i_h2c_mailbox_3                                                             |                                                   hemaia_system_occamy_chip_0_hemaia_hw_mailbox_3446 |       1157 |       1157 |       0 |    0 |    613 |      0 |      0 |    0 |          0 |
|                 i_occamy_quad_periph_regs                                                   |                                                       hemaia_system_occamy_chip_0_occamy_quad_periph |       1047 |       1047 |       0 |    0 |   1153 |      0 |      0 |    0 |          0 |
|                 i_quad_axi_lite_narrow_mux                                                  |                                            hemaia_system_occamy_chip_0_axi_lite_xbar__parameterized1 |       2999 |       2999 |       0 |    0 |   3739 |      0 |      0 |    0 |          0 |
|                 i_quad_axi_lite_xbar                                                        |                                            hemaia_system_occamy_chip_0_axi_lite_xbar__parameterized2 |       3889 |       3889 |       0 |    0 |   4483 |      0 |      0 |    0 |          0 |
|                 i_quad_ctrl_quad_to_soc_xbar                                                |                                                 hemaia_system_occamy_chip_0_axi_xbar__parameterized6 |       1770 |       1770 |       0 |    0 |   2369 |      0 |      0 |    0 |          0 |
|                 i_quad_ctrl_soc_to_quad_xbar                                                |                                                 hemaia_system_occamy_chip_0_axi_xbar__parameterized5 |       3608 |       3608 |       0 |    0 |   2887 |      0 |      0 |    0 |          0 |
|                 i_quad_to_soc_to_quad_axi_lite_narrow_dw                                    |                                         hemaia_system_occamy_chip_0_axi_dw_converter__parameterized2 |       5830 |       5830 |       0 |    0 |   2041 |      0 |      0 |    0 |          3 |
|                 i_quad_to_soc_to_quad_axi_lite_narrow_pc                                    |                                          hemaia_system_occamy_chip_0_axi_to_axi_lite__parameterized1 |        703 |        703 |       0 |    0 |    569 |      0 |      0 |    0 |          0 |
|                 i_quad_to_soc_to_quad_axi_lite_pc                                           |                                          hemaia_system_occamy_chip_0_axi_to_axi_lite__parameterized2 |        703 |        703 |       0 |    0 |    569 |      0 |      0 |    0 |          0 |
|                 i_soc_to_quad_to_axi_lite_narrow_dw                                         |                                    hemaia_system_occamy_chip_0_axi_dw_converter__parameterized1_3451 |       7307 |       7307 |       0 |    0 |   3258 |      0 |      0 |    0 |          3 |
|                 i_soc_to_quad_to_axi_lite_narrow_pc                                         |                                                     hemaia_system_occamy_chip_0_axi_to_axi_lite_3452 |       2072 |       2072 |       0 |    0 |   1531 |      0 |      0 |    0 |          0 |
|               i_quad_narrow_xbar                                                            |                                                 hemaia_system_occamy_chip_0_axi_xbar__parameterized4 |      12909 |      12909 |       0 |    0 |   8804 |      0 |      0 |    0 |          0 |
|                 gen_mst_port_mux[0].i_axi_mux                                               |                                                  hemaia_system_occamy_chip_0_axi_mux__parameterized5 |        886 |        886 |       0 |    0 |    695 |      0 |      0 |    0 |          0 |
|                 gen_mst_port_mux[1].i_axi_mux                                               |                                             hemaia_system_occamy_chip_0_axi_mux__parameterized5_3027 |        860 |        860 |       0 |    0 |    693 |      0 |      0 |    0 |          0 |
|                 gen_mst_port_mux[2].i_axi_mux                                               |                                             hemaia_system_occamy_chip_0_axi_mux__parameterized5_3028 |        425 |        425 |       0 |    0 |    693 |      0 |      0 |    0 |          0 |
|                 gen_mst_port_mux[3].i_axi_mux                                               |                                             hemaia_system_occamy_chip_0_axi_mux__parameterized5_3029 |        393 |        393 |       0 |    0 |    693 |      0 |      0 |    0 |          0 |
|                 gen_mst_port_mux[4].i_axi_mux                                               |                                             hemaia_system_occamy_chip_0_axi_mux__parameterized5_3030 |        489 |        489 |       0 |    0 |    675 |      0 |      0 |    0 |          0 |
|                 gen_slv_port_demux[0].i_axi_ar_decode                                       |                                         hemaia_system_occamy_chip_0_addr_decode__parameterized5_3031 |        519 |        519 |       0 |    0 |      0 |      0 |      0 |    0 |          0 |
|                 gen_slv_port_demux[0].i_axi_aw_decode                                       |                                         hemaia_system_occamy_chip_0_addr_decode__parameterized5_3032 |        519 |        519 |       0 |    0 |      0 |      0 |      0 |    0 |          0 |
|                 gen_slv_port_demux[0].i_axi_demux                                           |                                                hemaia_system_occamy_chip_0_axi_demux__parameterized6 |        953 |        953 |       0 |    0 |    886 |      0 |      0 |    0 |          0 |
|                 gen_slv_port_demux[0].i_axi_err_slv                                         |                                         hemaia_system_occamy_chip_0_axi_err_slv__parameterized5_3033 |         96 |         96 |       0 |    0 |    129 |      0 |      0 |    0 |          0 |
|                 gen_slv_port_demux[1].i_axi_ar_decode                                       |                                         hemaia_system_occamy_chip_0_addr_decode__parameterized5_3034 |        519 |        519 |       0 |    0 |      0 |      0 |      0 |    0 |          0 |
|                 gen_slv_port_demux[1].i_axi_aw_decode                                       |                                         hemaia_system_occamy_chip_0_addr_decode__parameterized5_3035 |        519 |        519 |       0 |    0 |      0 |      0 |      0 |    0 |          0 |
|                 gen_slv_port_demux[1].i_axi_demux                                           |                                           hemaia_system_occamy_chip_0_axi_demux__parameterized6_3036 |        650 |        650 |       0 |    0 |    886 |      0 |      0 |    0 |          0 |
|                 gen_slv_port_demux[1].i_axi_err_slv                                         |                                         hemaia_system_occamy_chip_0_axi_err_slv__parameterized5_3037 |         98 |         98 |       0 |    0 |    129 |      0 |      0 |    0 |          0 |
|                 gen_slv_port_demux[2].i_axi_ar_decode                                       |                                         hemaia_system_occamy_chip_0_addr_decode__parameterized5_3038 |        519 |        519 |       0 |    0 |      0 |      0 |      0 |    0 |          0 |
|                 gen_slv_port_demux[2].i_axi_aw_decode                                       |                                         hemaia_system_occamy_chip_0_addr_decode__parameterized5_3039 |        519 |        519 |       0 |    0 |      0 |      0 |      0 |    0 |          0 |
|                 gen_slv_port_demux[2].i_axi_demux                                           |                                           hemaia_system_occamy_chip_0_axi_demux__parameterized6_3040 |        855 |        855 |       0 |    0 |    886 |      0 |      0 |    0 |          0 |
|                 gen_slv_port_demux[2].i_axi_err_slv                                         |                                         hemaia_system_occamy_chip_0_axi_err_slv__parameterized5_3041 |         95 |         95 |       0 |    0 |    129 |      0 |      0 |    0 |          0 |
|                 gen_slv_port_demux[3].i_axi_ar_decode                                       |                                         hemaia_system_occamy_chip_0_addr_decode__parameterized5_3042 |        519 |        519 |       0 |    0 |      0 |      0 |      0 |    0 |          0 |
|                 gen_slv_port_demux[3].i_axi_aw_decode                                       |                                         hemaia_system_occamy_chip_0_addr_decode__parameterized5_3043 |        519 |        519 |       0 |    0 |      0 |      0 |      0 |    0 |          0 |
|                 gen_slv_port_demux[3].i_axi_demux                                           |                                           hemaia_system_occamy_chip_0_axi_demux__parameterized6_3044 |        570 |        570 |       0 |    0 |    886 |      0 |      0 |    0 |          0 |
|                 gen_slv_port_demux[3].i_axi_err_slv                                         |                                         hemaia_system_occamy_chip_0_axi_err_slv__parameterized5_3045 |        100 |        100 |       0 |    0 |    129 |      0 |      0 |    0 |          0 |
|                 gen_slv_port_demux[4].i_axi_ar_decode                                       |                                         hemaia_system_occamy_chip_0_addr_decode__parameterized5_3046 |        519 |        519 |       0 |    0 |      0 |      0 |      0 |    0 |          0 |
|                 gen_slv_port_demux[4].i_axi_aw_decode                                       |                                         hemaia_system_occamy_chip_0_addr_decode__parameterized5_3047 |        519 |        519 |       0 |    0 |      0 |      0 |      0 |    0 |          0 |
|                 gen_slv_port_demux[4].i_axi_demux                                           |                                           hemaia_system_occamy_chip_0_axi_demux__parameterized6_3048 |        925 |        925 |       0 |    0 |    886 |      0 |      0 |    0 |          0 |
|                 gen_slv_port_demux[4].i_axi_err_slv                                         |                                         hemaia_system_occamy_chip_0_axi_err_slv__parameterized5_3049 |         96 |         96 |       0 |    0 |    129 |      0 |      0 |    0 |          0 |
|                 gen_xbar_slv_cross[1].gen_xbar_mst_cross[1].gen_no_connection.i_axi_err_slv |                                         hemaia_system_occamy_chip_0_axi_err_slv__parameterized6_3050 |         71 |         71 |       0 |    0 |     70 |      0 |      0 |    0 |          0 |
|                 gen_xbar_slv_cross[2].gen_xbar_mst_cross[2].gen_no_connection.i_axi_err_slv |                                         hemaia_system_occamy_chip_0_axi_err_slv__parameterized6_3051 |         69 |         69 |       0 |    0 |     70 |      0 |      0 |    0 |          0 |
|                 gen_xbar_slv_cross[3].gen_xbar_mst_cross[3].gen_no_connection.i_axi_err_slv |                                         hemaia_system_occamy_chip_0_axi_err_slv__parameterized6_3052 |         68 |         68 |       0 |    0 |     70 |      0 |      0 |    0 |          0 |
|                 gen_xbar_slv_cross[4].gen_xbar_mst_cross[4].gen_no_connection.i_axi_err_slv |                                         hemaia_system_occamy_chip_0_axi_err_slv__parameterized6_3053 |         69 |         69 |       0 |    0 |     70 |      0 |      0 |    0 |          0 |
|               i_quad_wide_xbar                                                              |                                                 hemaia_system_occamy_chip_0_axi_xbar__parameterized3 |      25290 |      25290 |       0 |    0 |  27408 |      0 |      0 |    0 |          0 |
|                 gen_mst_port_mux[0].i_axi_mux                                               |                                                  hemaia_system_occamy_chip_0_axi_mux__parameterized4 |       1349 |       1349 |       0 |    0 |   2664 |      0 |      0 |    0 |          0 |
|                 gen_mst_port_mux[1].i_axi_mux                                               |                                             hemaia_system_occamy_chip_0_axi_mux__parameterized4_2712 |       1506 |       1506 |       0 |    0 |   2664 |      0 |      0 |    0 |          0 |
|                 gen_mst_port_mux[2].i_axi_mux                                               |                                             hemaia_system_occamy_chip_0_axi_mux__parameterized4_2713 |       1434 |       1434 |       0 |    0 |   2664 |      0 |      0 |    0 |          0 |
|                 gen_mst_port_mux[3].i_axi_mux                                               |                                             hemaia_system_occamy_chip_0_axi_mux__parameterized4_2714 |       1429 |       1429 |       0 |    0 |   2664 |      0 |      0 |    0 |          0 |
|                 gen_mst_port_mux[4].i_axi_mux                                               |                                             hemaia_system_occamy_chip_0_axi_mux__parameterized4_2715 |       3210 |       3210 |       0 |    0 |   2622 |      0 |      0 |    0 |          0 |
|                 gen_slv_port_demux[0].i_axi_ar_decode                                       |                                              hemaia_system_occamy_chip_0_addr_decode__parameterized5 |        519 |        519 |       0 |    0 |      0 |      0 |      0 |    0 |          0 |
|                 gen_slv_port_demux[0].i_axi_aw_decode                                       |                                         hemaia_system_occamy_chip_0_addr_decode__parameterized5_2716 |        519 |        519 |       0 |    0 |      0 |      0 |      0 |    0 |          0 |
|                 gen_slv_port_demux[0].i_axi_demux                                           |                                                hemaia_system_occamy_chip_0_axi_demux__parameterized5 |       1689 |       1689 |       0 |    0 |   2701 |      0 |      0 |    0 |          0 |
|                 gen_slv_port_demux[0].i_axi_err_slv                                         |                                              hemaia_system_occamy_chip_0_axi_err_slv__parameterized9 |         59 |         59 |       0 |    0 |     89 |      0 |      0 |    0 |          0 |
|                 gen_slv_port_demux[1].i_axi_ar_decode                                       |                                         hemaia_system_occamy_chip_0_addr_decode__parameterized5_2717 |        519 |        519 |       0 |    0 |      0 |      0 |      0 |    0 |          0 |
|                 gen_slv_port_demux[1].i_axi_aw_decode                                       |                                         hemaia_system_occamy_chip_0_addr_decode__parameterized5_2718 |        519 |        519 |       0 |    0 |      0 |      0 |      0 |    0 |          0 |
|                 gen_slv_port_demux[1].i_axi_demux                                           |                                           hemaia_system_occamy_chip_0_axi_demux__parameterized5_2719 |       1660 |       1660 |       0 |    0 |   2701 |      0 |      0 |    0 |          0 |
|                 gen_slv_port_demux[1].i_axi_err_slv                                         |                                         hemaia_system_occamy_chip_0_axi_err_slv__parameterized9_2720 |         60 |         60 |       0 |    0 |     89 |      0 |      0 |    0 |          0 |
|                 gen_slv_port_demux[2].i_axi_ar_decode                                       |                                         hemaia_system_occamy_chip_0_addr_decode__parameterized5_2721 |        519 |        519 |       0 |    0 |      0 |      0 |      0 |    0 |          0 |
|                 gen_slv_port_demux[2].i_axi_aw_decode                                       |                                         hemaia_system_occamy_chip_0_addr_decode__parameterized5_2722 |        519 |        519 |       0 |    0 |      0 |      0 |      0 |    0 |          0 |
|                 gen_slv_port_demux[2].i_axi_demux                                           |                                           hemaia_system_occamy_chip_0_axi_demux__parameterized5_2723 |       1628 |       1628 |       0 |    0 |   2701 |      0 |      0 |    0 |          0 |
|                 gen_slv_port_demux[2].i_axi_err_slv                                         |                                         hemaia_system_occamy_chip_0_axi_err_slv__parameterized9_2724 |         59 |         59 |       0 |    0 |     89 |      0 |      0 |    0 |          0 |
|                 gen_slv_port_demux[3].i_axi_ar_decode                                       |                                         hemaia_system_occamy_chip_0_addr_decode__parameterized5_2725 |        519 |        519 |       0 |    0 |      0 |      0 |      0 |    0 |          0 |
|                 gen_slv_port_demux[3].i_axi_aw_decode                                       |                                         hemaia_system_occamy_chip_0_addr_decode__parameterized5_2726 |        519 |        519 |       0 |    0 |      0 |      0 |      0 |    0 |          0 |
|                 gen_slv_port_demux[3].i_axi_demux                                           |                                           hemaia_system_occamy_chip_0_axi_demux__parameterized5_2727 |       1476 |       1476 |       0 |    0 |   2701 |      0 |      0 |    0 |          0 |
|                 gen_slv_port_demux[3].i_axi_err_slv                                         |                                         hemaia_system_occamy_chip_0_axi_err_slv__parameterized9_2728 |         60 |         60 |       0 |    0 |     89 |      0 |      0 |    0 |          0 |
|                 gen_slv_port_demux[4].i_axi_ar_decode                                       |                                         hemaia_system_occamy_chip_0_addr_decode__parameterized5_2729 |        519 |        519 |       0 |    0 |      0 |      0 |      0 |    0 |          0 |
|                 gen_slv_port_demux[4].i_axi_aw_decode                                       |                                         hemaia_system_occamy_chip_0_addr_decode__parameterized5_2730 |        519 |        519 |       0 |    0 |      0 |      0 |      0 |    0 |          0 |
|                 gen_slv_port_demux[4].i_axi_demux                                           |                                           hemaia_system_occamy_chip_0_axi_demux__parameterized5_2731 |       4268 |       4268 |       0 |    0 |   2696 |      0 |      0 |    0 |          0 |
|                 gen_slv_port_demux[4].i_axi_err_slv                                         |                                         hemaia_system_occamy_chip_0_axi_err_slv__parameterized9_2732 |         60 |         60 |       0 |    0 |     89 |      0 |      0 |    0 |          0 |
|               i_quad_wide_xbar_out_cut                                                      |                                       hemaia_system_occamy_chip_0_axi_multicut__parameterized13_2280 |        652 |        652 |       0 |    0 |   2530 |      0 |      0 |    0 |          0 |
|                 gen_axi_cut.gen_axi_cuts[0].i_cut                                           |                                             hemaia_system_occamy_chip_0_axi_cut__parameterized3_2701 |        652 |        652 |       0 |    0 |   2530 |      0 |      0 |    0 |          0 |
|               i_wide_cluster_in_cdc_0                                                       |                                                  hemaia_system_occamy_chip_0_axi_cdc__parameterized1 |       1941 |       1941 |       0 |    0 |   7541 |      0 |      0 |    0 |          0 |
|                 (i_wide_cluster_in_cdc_0)                                                   |                                                  hemaia_system_occamy_chip_0_axi_cdc__parameterized1 |        271 |        271 |       0 |    0 |      0 |      0 |      0 |    0 |          0 |
|                 i_axi_cdc_dst                                                               |                                         hemaia_system_occamy_chip_0_axi_cdc_dst__parameterized1_2649 |        813 |        813 |       0 |    0 |   3569 |      0 |      0 |    0 |          0 |
|                 i_axi_cdc_src                                                               |                                         hemaia_system_occamy_chip_0_axi_cdc_src__parameterized1_2650 |        857 |        857 |       0 |    0 |   3972 |      0 |      0 |    0 |          0 |
|               i_wide_cluster_in_cdc_1                                                       |                                             hemaia_system_occamy_chip_0_axi_cdc__parameterized1_2281 |       1941 |       1941 |       0 |    0 |   7541 |      0 |      0 |    0 |          0 |
|                 (i_wide_cluster_in_cdc_1)                                                   |                                             hemaia_system_occamy_chip_0_axi_cdc__parameterized1_2281 |        272 |        272 |       0 |    0 |      0 |      0 |      0 |    0 |          0 |
|                 i_axi_cdc_dst                                                               |                                         hemaia_system_occamy_chip_0_axi_cdc_dst__parameterized1_2597 |        813 |        813 |       0 |    0 |   3569 |      0 |      0 |    0 |          0 |
|                 i_axi_cdc_src                                                               |                                         hemaia_system_occamy_chip_0_axi_cdc_src__parameterized1_2598 |        857 |        857 |       0 |    0 |   3972 |      0 |      0 |    0 |          0 |
|               i_wide_cluster_in_cdc_2                                                       |                                             hemaia_system_occamy_chip_0_axi_cdc__parameterized1_2282 |       1954 |       1954 |       0 |    0 |   7541 |      0 |      0 |    0 |          0 |
|                 (i_wide_cluster_in_cdc_2)                                                   |                                             hemaia_system_occamy_chip_0_axi_cdc__parameterized1_2282 |        271 |        271 |       0 |    0 |      0 |      0 |      0 |    0 |          0 |
|                 i_axi_cdc_dst                                                               |                                         hemaia_system_occamy_chip_0_axi_cdc_dst__parameterized1_2545 |        828 |        828 |       0 |    0 |   3569 |      0 |      0 |    0 |          0 |
|                 i_axi_cdc_src                                                               |                                         hemaia_system_occamy_chip_0_axi_cdc_src__parameterized1_2546 |        857 |        857 |       0 |    0 |   3972 |      0 |      0 |    0 |          0 |
|               i_wide_cluster_in_cdc_3                                                       |                                             hemaia_system_occamy_chip_0_axi_cdc__parameterized1_2283 |       1937 |       1937 |       0 |    0 |   7541 |      0 |      0 |    0 |          0 |
|                 (i_wide_cluster_in_cdc_3)                                                   |                                             hemaia_system_occamy_chip_0_axi_cdc__parameterized1_2283 |        271 |        271 |       0 |    0 |      0 |      0 |      0 |    0 |          0 |
|                 i_axi_cdc_dst                                                               |                                              hemaia_system_occamy_chip_0_axi_cdc_dst__parameterized1 |        814 |        814 |       0 |    0 |   3569 |      0 |      0 |    0 |          0 |
|                 i_axi_cdc_src                                                               |                                              hemaia_system_occamy_chip_0_axi_cdc_src__parameterized1 |        852 |        852 |       0 |    0 |   3972 |      0 |      0 |    0 |          0 |
|               i_wide_cluster_in_iwc                                                         |                                             hemaia_system_occamy_chip_0_axi_id_remap__parameterized4 |        156 |        156 |       0 |    0 |    153 |      0 |      0 |    0 |          0 |
|                 i_wr_table                                                                  |                                  hemaia_system_occamy_chip_0_axi_id_remap_table__parameterized4_2510 |         87 |         87 |       0 |    0 |     72 |      0 |      0 |    0 |          0 |
|                 i_rd_table                                                                  |                                       hemaia_system_occamy_chip_0_axi_id_remap_table__parameterized4 |         65 |         65 |       0 |    0 |     72 |      0 |      0 |    0 |          0 |
|               i_wide_cluster_in_iwc_cut                                                     |                                       hemaia_system_occamy_chip_0_axi_multicut__parameterized13_2284 |        721 |        721 |       0 |    0 |   2530 |      0 |      0 |    0 |          0 |
|                 gen_axi_cut.gen_axi_cuts[0].i_cut                                           |                                             hemaia_system_occamy_chip_0_axi_cut__parameterized3_2499 |        721 |        721 |       0 |    0 |   2530 |      0 |      0 |    0 |          0 |
|               i_wide_cluster_out_cdc_0                                                      |                                                  hemaia_system_occamy_chip_0_axi_cdc__parameterized2 |       1956 |       1956 |       0 |    0 |   7588 |      0 |      0 |    0 |          0 |
|                 (i_wide_cluster_out_cdc_0)                                                  |                                                  hemaia_system_occamy_chip_0_axi_cdc__parameterized2 |        284 |        284 |       0 |    0 |      0 |      0 |      0 |    0 |          0 |
|                 i_axi_cdc_dst                                                               |                                         hemaia_system_occamy_chip_0_axi_cdc_dst__parameterized2_2447 |        830 |        830 |       0 |    0 |   3593 |      0 |      0 |    0 |          0 |
|                 i_axi_cdc_src                                                               |                                         hemaia_system_occamy_chip_0_axi_cdc_src__parameterized2_2448 |        842 |        842 |       0 |    0 |   3995 |      0 |      0 |    0 |          0 |
|               i_wide_cluster_out_cdc_1                                                      |                                             hemaia_system_occamy_chip_0_axi_cdc__parameterized2_2285 |       1955 |       1955 |       0 |    0 |   7588 |      0 |      0 |    0 |          0 |
|                 (i_wide_cluster_out_cdc_1)                                                  |                                             hemaia_system_occamy_chip_0_axi_cdc__parameterized2_2285 |        284 |        284 |       0 |    0 |      0 |      0 |      0 |    0 |          0 |
|                 i_axi_cdc_dst                                                               |                                         hemaia_system_occamy_chip_0_axi_cdc_dst__parameterized2_2395 |        829 |        829 |       0 |    0 |   3593 |      0 |      0 |    0 |          0 |
|                 i_axi_cdc_src                                                               |                                         hemaia_system_occamy_chip_0_axi_cdc_src__parameterized2_2396 |        842 |        842 |       0 |    0 |   3995 |      0 |      0 |    0 |          0 |
|               i_wide_cluster_out_cdc_2                                                      |                                             hemaia_system_occamy_chip_0_axi_cdc__parameterized2_2286 |       1960 |       1960 |       0 |    0 |   7588 |      0 |      0 |    0 |          0 |
|                 (i_wide_cluster_out_cdc_2)                                                  |                                             hemaia_system_occamy_chip_0_axi_cdc__parameterized2_2286 |        284 |        284 |       0 |    0 |      0 |      0 |      0 |    0 |          0 |
|                 i_axi_cdc_dst                                                               |                                         hemaia_system_occamy_chip_0_axi_cdc_dst__parameterized2_2343 |        833 |        833 |       0 |    0 |   3593 |      0 |      0 |    0 |          0 |
|                 i_axi_cdc_src                                                               |                                         hemaia_system_occamy_chip_0_axi_cdc_src__parameterized2_2344 |        844 |        844 |       0 |    0 |   3995 |      0 |      0 |    0 |          0 |
|               i_wide_cluster_out_cdc_3                                                      |                                             hemaia_system_occamy_chip_0_axi_cdc__parameterized2_2287 |       1954 |       1954 |       0 |    0 |   7588 |      0 |      0 |    0 |          0 |
|                 (i_wide_cluster_out_cdc_3)                                                  |                                             hemaia_system_occamy_chip_0_axi_cdc__parameterized2_2287 |        284 |        284 |       0 |    0 |      0 |      0 |      0 |    0 |          0 |
|                 i_axi_cdc_dst                                                               |                                              hemaia_system_occamy_chip_0_axi_cdc_dst__parameterized2 |        829 |        829 |       0 |    0 |   3593 |      0 |      0 |    0 |          0 |
|                 i_axi_cdc_src                                                               |                                              hemaia_system_occamy_chip_0_axi_cdc_src__parameterized2 |        842 |        842 |       0 |    0 |   3995 |      0 |      0 |    0 |          0 |
|               i_wide_cluster_out_iwc                                                        |                                             hemaia_system_occamy_chip_0_axi_id_remap__parameterized3 |        676 |        676 |       0 |    0 |    395 |      0 |      0 |    0 |          0 |
|                 i_wr_table                                                                  |                                  hemaia_system_occamy_chip_0_axi_id_remap_table__parameterized3_2310 |        333 |        333 |       0 |    0 |    192 |      0 |      0 |    0 |          0 |
|                 i_rd_table                                                                  |                                       hemaia_system_occamy_chip_0_axi_id_remap_table__parameterized3 |        343 |        343 |       0 |    0 |    192 |      0 |      0 |    0 |          0 |
|               i_wide_cluster_out_iwc_cut                                                    |                                       hemaia_system_occamy_chip_0_axi_multicut__parameterized14_2288 |        661 |        661 |       0 |    0 |   2518 |      0 |      0 |    0 |          0 |
|                 gen_axi_cut.gen_axi_cuts[0].i_cut                                           |                                             hemaia_system_occamy_chip_0_axi_cut__parameterized4_2299 |        661 |        661 |       0 |    0 |   2518 |      0 |      0 |    0 |          0 |
|               i_wide_in_iwc_0                                                               |                                             hemaia_system_occamy_chip_0_axi_id_remap__parameterized6 |         80 |         80 |       0 |    0 |     53 |      0 |      0 |    0 |          0 |
|               i_wide_in_iwc_1                                                               |                                        hemaia_system_occamy_chip_0_axi_id_remap__parameterized6_2289 |         79 |         79 |       0 |    0 |     53 |      0 |      0 |    0 |          0 |
|               i_wide_in_iwc_2                                                               |                                        hemaia_system_occamy_chip_0_axi_id_remap__parameterized6_2290 |         80 |         80 |       0 |    0 |     53 |      0 |      0 |    0 |          0 |
|             i_out_sys_idma_cfg_dw                                                           |                                     hemaia_system_occamy_chip_0_axi_dw_converter__parameterized1_972 |       7278 |       7278 |       0 |    0 |   3098 |      0 |      0 |    0 |          3 |
|               gen_dw_downsize.i_axi_dw_downsizer                                            |                                         hemaia_system_occamy_chip_0_axi_dw_downsizer__parameterized0 |       7278 |       7278 |       0 |    0 |   3098 |      0 |      0 |    0 |          3 |
|                 (gen_dw_downsize.i_axi_dw_downsizer)                                        |                                         hemaia_system_occamy_chip_0_axi_dw_downsizer__parameterized0 |       3697 |       3697 |       0 |    0 |   1397 |      0 |      0 |    0 |          3 |
|                 i_axi_demux                                                                 |                                                hemaia_system_occamy_chip_0_axi_demux__parameterized9 |       2284 |       2284 |       0 |    0 |   1422 |      0 |      0 |    0 |          0 |
|                 i_axi_err_slv                                                               |                                             hemaia_system_occamy_chip_0_axi_err_slv__parameterized13 |        325 |        325 |       0 |    0 |     69 |      0 |      0 |    0 |          0 |
|                 i_forward_b_beats_queue                                                     |                                            hemaia_system_occamy_chip_0_fifo_v3__parameterized40_1979 |         95 |         95 |       0 |    0 |     18 |      0 |      0 |    0 |          0 |
|                 i_mst_ar_arb                                                                |                                             hemaia_system_occamy_chip_0_rr_arb_tree__parameterized41 |        156 |        156 |       0 |    0 |     12 |      0 |      0 |    0 |          0 |
|                 i_read_id_queue                                                             |                                                 hemaia_system_occamy_chip_0_id_queue__parameterized3 |        297 |        297 |       0 |    0 |    168 |      0 |      0 |    0 |          0 |
|                 i_slv_r_arb                                                                 |                                             hemaia_system_occamy_chip_0_rr_arb_tree__parameterized39 |        432 |        432 |       0 |    0 |     12 |      0 |      0 |    0 |          0 |
|             i_periph_axi_lite_in_cut                                                        |                                         hemaia_system_occamy_chip_0_axi_multicut__parameterized6_973 |        291 |        291 |       0 |    0 |    976 |      0 |      0 |    0 |          0 |
|               gen_axi_cut.gen_axi_cuts[0].i_cut                                             |                                             hemaia_system_occamy_chip_0_axi_cut__parameterized1_1957 |        134 |        134 |       0 |    0 |    488 |      0 |      0 |    0 |          0 |
|                 i_reg_ar                                                                    |                                     hemaia_system_occamy_chip_0_spill_register__parameterized47_1969 |         28 |         28 |       0 |    0 |    100 |      0 |      0 |    0 |          0 |
|                 i_reg_aw                                                                    |                                     hemaia_system_occamy_chip_0_spill_register__parameterized44_1970 |         28 |         28 |       0 |    0 |    100 |      0 |      0 |    0 |          0 |
|                 i_reg_r                                                                     |                                     hemaia_system_occamy_chip_0_spill_register__parameterized49_1972 |         35 |         35 |       0 |    0 |    134 |      0 |      0 |    0 |          0 |
|                 i_reg_w                                                                     |                                     hemaia_system_occamy_chip_0_spill_register__parameterized46_1973 |         40 |         40 |       0 |    0 |    148 |      0 |      0 |    0 |          0 |
|               gen_axi_cut.gen_axi_cuts[1].i_cut                                             |                                             hemaia_system_occamy_chip_0_axi_cut__parameterized1_1958 |        157 |        157 |       0 |    0 |    488 |      0 |      0 |    0 |          0 |
|                 i_reg_ar                                                                    |                                     hemaia_system_occamy_chip_0_spill_register__parameterized47_1959 |         39 |         39 |       0 |    0 |    100 |      0 |      0 |    0 |          0 |
|                 i_reg_aw                                                                    |                                     hemaia_system_occamy_chip_0_spill_register__parameterized44_1960 |         40 |         40 |       0 |    0 |    100 |      0 |      0 |    0 |          0 |
|                 i_reg_r                                                                     |                                     hemaia_system_occamy_chip_0_spill_register__parameterized49_1962 |         36 |         36 |       0 |    0 |    134 |      0 |      0 |    0 |          0 |
|                 i_reg_w                                                                     |                                     hemaia_system_occamy_chip_0_spill_register__parameterized46_1963 |         38 |         38 |       0 |    0 |    148 |      0 |      0 |    0 |          0 |
|             i_periph_axi_lite_narrow_out_cut                                                |                                            hemaia_system_occamy_chip_0_axi_multicut__parameterized19 |        320 |        320 |       0 |    0 |   1192 |      0 |      0 |    0 |          0 |
|               gen_axi_cut.gen_axi_cuts[0].i_cut                                             |                                                             hemaia_system_occamy_chip_0_axi_cut_1934 |        162 |        162 |       0 |    0 |    596 |      0 |      0 |    0 |          0 |
|                 i_reg_ar                                                                    |                                     hemaia_system_occamy_chip_0_spill_register__parameterized52_1946 |         38 |         38 |       0 |    0 |    140 |      0 |      0 |    0 |          0 |
|                 i_reg_aw                                                                    |                                     hemaia_system_occamy_chip_0_spill_register__parameterized50_1947 |         37 |         37 |       0 |    0 |    140 |      0 |      0 |    0 |          0 |
|                 i_reg_r                                                                     |                                     hemaia_system_occamy_chip_0_spill_register__parameterized53_1949 |         42 |         42 |       0 |    0 |    150 |      0 |      0 |    0 |          0 |
|                 i_reg_w                                                                     |                                     hemaia_system_occamy_chip_0_spill_register__parameterized46_1950 |         41 |         41 |       0 |    0 |    146 |      0 |      0 |    0 |          0 |
|               gen_axi_cut.gen_axi_cuts[1].i_cut                                             |                                                             hemaia_system_occamy_chip_0_axi_cut_1935 |        158 |        158 |       0 |    0 |    596 |      0 |      0 |    0 |          0 |
|                 i_reg_ar                                                                    |                                     hemaia_system_occamy_chip_0_spill_register__parameterized52_1936 |         36 |         36 |       0 |    0 |    140 |      0 |      0 |    0 |          0 |
|                 i_reg_aw                                                                    |                                     hemaia_system_occamy_chip_0_spill_register__parameterized50_1937 |         36 |         36 |       0 |    0 |    140 |      0 |      0 |    0 |          0 |
|                 i_reg_r                                                                     |                                     hemaia_system_occamy_chip_0_spill_register__parameterized53_1939 |         40 |         40 |       0 |    0 |    150 |      0 |      0 |    0 |          0 |
|                 i_reg_w                                                                     |                                     hemaia_system_occamy_chip_0_spill_register__parameterized46_1940 |         38 |         38 |       0 |    0 |    146 |      0 |      0 |    0 |          0 |
|             i_periph_axi_lite_out_cut                                                       |                                        hemaia_system_occamy_chip_0_axi_multicut__parameterized19_976 |        319 |        319 |       0 |    0 |   1196 |      0 |      0 |    0 |          0 |
|               gen_axi_cut.gen_axi_cuts[0].i_cut                                             |                                                             hemaia_system_occamy_chip_0_axi_cut_1911 |        161 |        161 |       0 |    0 |    598 |      0 |      0 |    0 |          0 |
|                 i_reg_ar                                                                    |                                     hemaia_system_occamy_chip_0_spill_register__parameterized52_1923 |         38 |         38 |       0 |    0 |    140 |      0 |      0 |    0 |          0 |
|                 i_reg_aw                                                                    |                                     hemaia_system_occamy_chip_0_spill_register__parameterized50_1924 |         37 |         37 |       0 |    0 |    140 |      0 |      0 |    0 |          0 |
|                 i_reg_r                                                                     |                                     hemaia_system_occamy_chip_0_spill_register__parameterized53_1926 |         42 |         42 |       0 |    0 |    150 |      0 |      0 |    0 |          0 |
|                 i_reg_w                                                                     |                                     hemaia_system_occamy_chip_0_spill_register__parameterized46_1927 |         40 |         40 |       0 |    0 |    148 |      0 |      0 |    0 |          0 |
|               gen_axi_cut.gen_axi_cuts[1].i_cut                                             |                                                             hemaia_system_occamy_chip_0_axi_cut_1912 |        158 |        158 |       0 |    0 |    598 |      0 |      0 |    0 |          0 |
|                 i_reg_ar                                                                    |                                     hemaia_system_occamy_chip_0_spill_register__parameterized52_1913 |         36 |         36 |       0 |    0 |    140 |      0 |      0 |    0 |          0 |
|                 i_reg_aw                                                                    |                                     hemaia_system_occamy_chip_0_spill_register__parameterized50_1914 |         36 |         36 |       0 |    0 |    140 |      0 |      0 |    0 |          0 |
|                 i_reg_r                                                                     |                                     hemaia_system_occamy_chip_0_spill_register__parameterized53_1916 |         40 |         40 |       0 |    0 |    150 |      0 |      0 |    0 |          0 |
|                 i_reg_w                                                                     |                                     hemaia_system_occamy_chip_0_spill_register__parameterized46_1917 |         38 |         38 |       0 |    0 |    148 |      0 |      0 |    0 |          0 |
|             i_soc_narrow_wide_amo_adapter                                                   |                                                        hemaia_system_occamy_chip_0_axi_riscv_atomics |       3725 |       3725 |       0 |    0 |   2578 |      0 |      0 |    0 |          0 |
|               (i_soc_narrow_wide_amo_adapter)                                               |                                                        hemaia_system_occamy_chip_0_axi_riscv_atomics |       1118 |       1118 |       0 |    0 |      0 |      0 |      0 |    0 |          0 |
|               i_amos                                                                        |                                                      hemaia_system_occamy_chip_0_axi_riscv_amos_1881 |        690 |        690 |       0 |    0 |    320 |      0 |      0 |    0 |          0 |
|               i_axi_wide_in_cut                                                             |                                        hemaia_system_occamy_chip_0_axi_multicut__parameterized3_1882 |        487 |        487 |       0 |    0 |    630 |      0 |      0 |    0 |          0 |
|                 gen_axi_cut.gen_axi_cuts[0].i_cut                                           |                                                             hemaia_system_occamy_chip_0_axi_cut_1900 |        487 |        487 |       0 |    0 |    630 |      0 |      0 |    0 |          0 |
|               i_lrsc                                                                        |                                                      hemaia_system_occamy_chip_0_axi_riscv_lrsc_1883 |       1436 |       1436 |       0 |    0 |   1628 |      0 |      0 |    0 |          0 |
|                 (i_lrsc)                                                                    |                                                      hemaia_system_occamy_chip_0_axi_riscv_lrsc_1883 |         55 |         55 |       0 |    0 |     61 |      0 |      0 |    0 |          0 |
|                 i_art                                                                       |                                                         hemaia_system_occamy_chip_0_axi_res_tbl_1885 |        115 |        115 |       0 |    0 |    360 |      0 |      0 |    0 |          0 |
|                 i_aw_trans_reg                                                              |                                               hemaia_system_occamy_chip_0_fall_through_register_1886 |         37 |         37 |       0 |    0 |     76 |      0 |      0 |    0 |          0 |
|                 i_b_inj_fifo                                                                |                                            hemaia_system_occamy_chip_0_fifo_v3__parameterized38_1887 |         30 |         30 |       0 |    0 |     66 |      0 |      0 |    0 |          0 |
|                 i_b_status_queue                                                            |                                            hemaia_system_occamy_chip_0_id_queue__parameterized0_1888 |        217 |        217 |       0 |    0 |    160 |      0 |      0 |    0 |          0 |
|                 i_read_in_flight_queue                                                      |                                                            hemaia_system_occamy_chip_0_id_queue_1890 |        214 |        214 |       0 |    0 |    152 |      0 |      0 |    0 |          0 |
|                 i_w_cmd_fifo                                                                |                                            hemaia_system_occamy_chip_0_fifo_v3__parameterized37_1891 |         32 |         32 |       0 |    0 |     74 |      0 |      0 |    0 |          0 |
|                 i_wifq_exists_arb                                                           |                                      hemaia_system_occamy_chip_0_stream_arbiter__parameterized1_1892 |        195 |        195 |       0 |    0 |      1 |      0 |      0 |    0 |          0 |
|                 i_write_in_flight_queue                                                     |                                            hemaia_system_occamy_chip_0_id_queue__parameterized1_1893 |        494 |        494 |       0 |    0 |    512 |      0 |      0 |    0 |          0 |
|                 slv_r_reg                                                                   |                                     hemaia_system_occamy_chip_0_spill_register__parameterized59_1895 |         39 |         39 |       0 |    0 |    150 |      0 |      0 |    0 |          0 |
|             i_soc_narrow_wide_amo_adapter_cut                                               |                                         hemaia_system_occamy_chip_0_axi_multicut__parameterized3_977 |        725 |        725 |       0 |    0 |    616 |      0 |      0 |    0 |          0 |
|               gen_axi_cut.gen_axi_cuts[0].i_cut                                             |                                                             hemaia_system_occamy_chip_0_axi_cut_1870 |        725 |        725 |       0 |    0 |    616 |      0 |      0 |    0 |          0 |
|                 i_reg_ar                                                                    |                                     hemaia_system_occamy_chip_0_spill_register__parameterized52_1871 |        248 |        248 |       0 |    0 |    150 |      0 |      0 |    0 |          0 |
|                 i_reg_aw                                                                    |                                     hemaia_system_occamy_chip_0_spill_register__parameterized50_1872 |        315 |        315 |       0 |    0 |    150 |      0 |      0 |    0 |          0 |
|                 i_reg_b                                                                     |                                     hemaia_system_occamy_chip_0_spill_register__parameterized51_1873 |         64 |         64 |       0 |    0 |     20 |      0 |      0 |    0 |          0 |
|                 i_reg_r                                                                     |                                     hemaia_system_occamy_chip_0_spill_register__parameterized53_1874 |         60 |         60 |       0 |    0 |    150 |      0 |      0 |    0 |          0 |
|                 i_reg_w                                                                     |                                     hemaia_system_occamy_chip_0_spill_register__parameterized46_1875 |         38 |         38 |       0 |    0 |    146 |      0 |      0 |    0 |          0 |
|             i_soc_narrow_wide_dw                                                            |                                                         hemaia_system_occamy_chip_0_axi_dw_converter |      22705 |      22705 |       0 |    0 |   2159 |      0 |      0 |    0 |         13 |
|               gen_dw_upsize.i_axi_dw_upsizer                                                |                                                           hemaia_system_occamy_chip_0_axi_dw_upsizer |      22705 |      22705 |       0 |    0 |   2159 |      0 |      0 |    0 |         13 |
|                 (gen_dw_upsize.i_axi_dw_upsizer)                                            |                                                           hemaia_system_occamy_chip_0_axi_dw_upsizer |      19431 |      19431 |       0 |    0 |   1592 |      0 |      0 |    0 |         13 |
|                 i_axi_demux                                                                 |                                                hemaia_system_occamy_chip_0_axi_demux__parameterized3 |       1302 |       1302 |       0 |    0 |    473 |      0 |      0 |    0 |          0 |
|                 i_axi_err_slv                                                               |                                              hemaia_system_occamy_chip_0_axi_err_slv__parameterized7 |       1533 |       1533 |       0 |    0 |     70 |      0 |      0 |    0 |          0 |
|                 i_mst_ar_arb                                                                |                                             hemaia_system_occamy_chip_0_rr_arb_tree__parameterized16 |        280 |        280 |       0 |    0 |     12 |      0 |      0 |    0 |          0 |
|                 i_slv_r_arb                                                                 |                                             hemaia_system_occamy_chip_0_rr_arb_tree__parameterized14 |        161 |        161 |       0 |    0 |     12 |      0 |      0 |    0 |          0 |
|             i_soc_narrow_wide_iwc                                                           |                                                             hemaia_system_occamy_chip_0_axi_id_remap |        532 |        532 |       0 |    0 |    394 |      0 |      0 |    0 |          0 |
|               i_wr_table                                                                    |                                                  hemaia_system_occamy_chip_0_axi_id_remap_table_1817 |        264 |        264 |       0 |    0 |    192 |      0 |      0 |    0 |          0 |
|               i_rd_table                                                                    |                                                       hemaia_system_occamy_chip_0_axi_id_remap_table |        264 |        264 |       0 |    0 |    192 |      0 |      0 |    0 |          0 |
|             i_soc_narrow_xbar                                                               |                                                 hemaia_system_occamy_chip_0_axi_xbar__parameterized2 |      14144 |      14144 |       0 |    0 |  10074 |      0 |      0 |    0 |          0 |
|               gen_xbar_slv_cross[1].gen_xbar_mst_cross[1].gen_no_connection.i_axi_err_slv   |                                         hemaia_system_occamy_chip_0_axi_err_slv__parameterized6_1428 |         69 |         69 |       0 |    0 |     70 |      0 |      0 |    0 |          0 |
|               gen_mst_port_mux[0].i_axi_mux                                                 |                                                  hemaia_system_occamy_chip_0_axi_mux__parameterized2 |        779 |        779 |       0 |    0 |    768 |      0 |      0 |    0 |          0 |
|                 gen_mux.i_w_spill_reg                                                       |                                     hemaia_system_occamy_chip_0_spill_register__parameterized46_1811 |         49 |         49 |       0 |    0 |    148 |      0 |      0 |    0 |          0 |
|                 gen_mux.i_ar_arbiter                                                        |                                        hemaia_system_occamy_chip_0_rr_arb_tree__parameterized12_1804 |         84 |         84 |       0 |    0 |      6 |      0 |      0 |    0 |          0 |
|                 gen_mux.i_ar_spill_reg                                                      |                                     hemaia_system_occamy_chip_0_spill_register__parameterized52_1805 |         42 |         42 |       0 |    0 |    155 |      0 |      0 |    0 |          0 |
|                 gen_mux.i_aw_arbiter                                                        |                                        hemaia_system_occamy_chip_0_rr_arb_tree__parameterized11_1806 |        150 |        150 |       0 |    0 |      8 |      0 |      0 |    0 |          0 |
|                 gen_mux.i_aw_spill_reg                                                      |                                     hemaia_system_occamy_chip_0_spill_register__parameterized50_1807 |        156 |        156 |       0 |    0 |    168 |      0 |      0 |    0 |          0 |
|                 gen_mux.i_r_spill_reg                                                       |                                     hemaia_system_occamy_chip_0_spill_register__parameterized53_1809 |         48 |         48 |       0 |    0 |    150 |      0 |      0 |    0 |          0 |
|                 gen_mux.i_w_fifo                                                            |                                            hemaia_system_occamy_chip_0_fifo_v3__parameterized36_1810 |        231 |        231 |       0 |    0 |    112 |      0 |      0 |    0 |          0 |
|               gen_mst_port_mux[1].i_axi_mux                                                 |                                             hemaia_system_occamy_chip_0_axi_mux__parameterized2_1404 |        598 |        598 |       0 |    0 |    771 |      0 |      0 |    0 |          0 |
|                 gen_mux.i_w_spill_reg                                                       |                                     hemaia_system_occamy_chip_0_spill_register__parameterized46_1798 |         40 |         40 |       0 |    0 |    148 |      0 |      0 |    0 |          0 |
|                 gen_mux.i_ar_arbiter                                                        |                                        hemaia_system_occamy_chip_0_rr_arb_tree__parameterized12_1791 |        114 |        114 |       0 |    0 |      8 |      0 |      0 |    0 |          0 |
|                 gen_mux.i_ar_spill_reg                                                      |                                     hemaia_system_occamy_chip_0_spill_register__parameterized52_1792 |         40 |         40 |       0 |    0 |    156 |      0 |      0 |    0 |          0 |
|                 gen_mux.i_aw_arbiter                                                        |                                        hemaia_system_occamy_chip_0_rr_arb_tree__parameterized11_1793 |        132 |        132 |       0 |    0 |      8 |      0 |      0 |    0 |          0 |
|                 gen_mux.i_aw_spill_reg                                                      |                                     hemaia_system_occamy_chip_0_spill_register__parameterized50_1794 |         46 |         46 |       0 |    0 |    168 |      0 |      0 |    0 |          0 |
|                 gen_mux.i_r_spill_reg                                                       |                                     hemaia_system_occamy_chip_0_spill_register__parameterized53_1796 |         49 |         49 |       0 |    0 |    150 |      0 |      0 |    0 |          0 |
|                 gen_mux.i_w_fifo                                                            |                                            hemaia_system_occamy_chip_0_fifo_v3__parameterized36_1797 |        157 |        157 |       0 |    0 |    112 |      0 |      0 |    0 |          0 |
|               gen_mst_port_mux[2].i_axi_mux                                                 |                                             hemaia_system_occamy_chip_0_axi_mux__parameterized2_1405 |        432 |        432 |       0 |    0 |    731 |      0 |      0 |    0 |          0 |
|                 gen_mux.i_w_spill_reg                                                       |                                     hemaia_system_occamy_chip_0_spill_register__parameterized46_1785 |         43 |         43 |       0 |    0 |    148 |      0 |      0 |    0 |          0 |
|                 gen_mux.i_ar_spill_reg                                                      |                                     hemaia_system_occamy_chip_0_spill_register__parameterized52_1779 |         37 |         37 |       0 |    0 |    140 |      0 |      0 |    0 |          0 |
|                 gen_mux.i_aw_spill_reg                                                      |                                     hemaia_system_occamy_chip_0_spill_register__parameterized50_1781 |         42 |         42 |       0 |    0 |    144 |      0 |      0 |    0 |          0 |
|                 gen_mux.i_r_spill_reg                                                       |                                     hemaia_system_occamy_chip_0_spill_register__parameterized53_1783 |         51 |         51 |       0 |    0 |    150 |      0 |      0 |    0 |          0 |
|                 gen_mux.i_w_fifo                                                            |                                            hemaia_system_occamy_chip_0_fifo_v3__parameterized36_1784 |        161 |        161 |       0 |    0 |    112 |      0 |      0 |    0 |          0 |
|               gen_mst_port_mux[3].i_axi_mux                                                 |                                             hemaia_system_occamy_chip_0_axi_mux__parameterized2_1406 |        645 |        645 |       0 |    0 |    761 |      0 |      0 |    0 |          0 |
|                 gen_mux.i_w_spill_reg                                                       |                                     hemaia_system_occamy_chip_0_spill_register__parameterized46_1772 |         44 |         44 |       0 |    0 |    148 |      0 |      0 |    0 |          0 |
|                 gen_mux.i_ar_arbiter                                                        |                                        hemaia_system_occamy_chip_0_rr_arb_tree__parameterized12_1765 |        115 |        115 |       0 |    0 |      9 |      0 |      0 |    0 |          0 |
|                 gen_mux.i_ar_spill_reg                                                      |                                     hemaia_system_occamy_chip_0_spill_register__parameterized52_1766 |         41 |         41 |       0 |    0 |    150 |      0 |      0 |    0 |          0 |
|                 gen_mux.i_aw_arbiter                                                        |                                        hemaia_system_occamy_chip_0_rr_arb_tree__parameterized11_1767 |         94 |         94 |       0 |    0 |      9 |      0 |      0 |    0 |          0 |
|                 gen_mux.i_aw_spill_reg                                                      |                                     hemaia_system_occamy_chip_0_spill_register__parameterized50_1768 |         44 |         44 |       0 |    0 |    162 |      0 |      0 |    0 |          0 |
|                 gen_mux.i_r_spill_reg                                                       |                                     hemaia_system_occamy_chip_0_spill_register__parameterized53_1770 |         50 |         50 |       0 |    0 |    150 |      0 |      0 |    0 |          0 |
|                 gen_mux.i_w_fifo                                                            |                                            hemaia_system_occamy_chip_0_fifo_v3__parameterized36_1771 |        240 |        240 |       0 |    0 |    112 |      0 |      0 |    0 |          0 |
|               gen_mst_port_mux[4].i_axi_mux                                                 |                                             hemaia_system_occamy_chip_0_axi_mux__parameterized2_1407 |        879 |        879 |       0 |    0 |    733 |      0 |      0 |    0 |          0 |
|                 gen_mux.i_w_spill_reg                                                       |                                     hemaia_system_occamy_chip_0_spill_register__parameterized46_1759 |         58 |         58 |       0 |    0 |    148 |      0 |      0 |    0 |          0 |
|                 gen_mux.i_ar_arbiter                                                        |                                        hemaia_system_occamy_chip_0_rr_arb_tree__parameterized12_1752 |        109 |        109 |       0 |    0 |      9 |      0 |      0 |    0 |          0 |
|                 gen_mux.i_ar_spill_reg                                                      |                                     hemaia_system_occamy_chip_0_spill_register__parameterized52_1753 |        198 |        198 |       0 |    0 |    140 |      0 |      0 |    0 |          0 |
|                 gen_mux.i_aw_arbiter                                                        |                                        hemaia_system_occamy_chip_0_rr_arb_tree__parameterized11_1754 |         87 |         87 |       0 |    0 |      9 |      0 |      0 |    0 |          0 |
|                 gen_mux.i_aw_spill_reg                                                      |                                     hemaia_system_occamy_chip_0_spill_register__parameterized50_1755 |        111 |        111 |       0 |    0 |    144 |      0 |      0 |    0 |          0 |
|                 gen_mux.i_r_spill_reg                                                       |                                     hemaia_system_occamy_chip_0_spill_register__parameterized53_1757 |         52 |         52 |       0 |    0 |    150 |      0 |      0 |    0 |          0 |
|                 gen_mux.i_w_fifo                                                            |                                            hemaia_system_occamy_chip_0_fifo_v3__parameterized36_1758 |        240 |        240 |       0 |    0 |    112 |      0 |      0 |    0 |          0 |
|               gen_mst_port_mux[5].i_axi_mux                                                 |                                             hemaia_system_occamy_chip_0_axi_mux__parameterized2_1408 |        819 |        819 |       0 |    0 |    557 |      0 |      0 |    0 |          0 |
|                 gen_mux.i_w_spill_reg                                                       |                                     hemaia_system_occamy_chip_0_spill_register__parameterized46_1746 |         44 |         44 |       0 |    0 |    132 |      0 |      0 |    0 |          0 |
|                 gen_mux.i_ar_spill_reg                                                      |                                     hemaia_system_occamy_chip_0_spill_register__parameterized52_1740 |        185 |        185 |       0 |    0 |     62 |      0 |      0 |    0 |          0 |
|                 gen_mux.i_aw_spill_reg                                                      |                                     hemaia_system_occamy_chip_0_spill_register__parameterized50_1742 |        205 |        205 |       0 |    0 |     66 |      0 |      0 |    0 |          0 |
|                 gen_mux.i_r_spill_reg                                                       |                                     hemaia_system_occamy_chip_0_spill_register__parameterized53_1744 |         56 |         56 |       0 |    0 |    148 |      0 |      0 |    0 |          0 |
|                 gen_mux.i_w_fifo                                                            |                                            hemaia_system_occamy_chip_0_fifo_v3__parameterized36_1745 |        224 |        224 |       0 |    0 |    112 |      0 |      0 |    0 |          0 |
|               gen_mst_port_mux[6].i_axi_mux                                                 |                                             hemaia_system_occamy_chip_0_axi_mux__parameterized2_1409 |       1122 |       1122 |       0 |    0 |    733 |      0 |      0 |    0 |          0 |
|                 gen_mux.i_w_spill_reg                                                       |                                     hemaia_system_occamy_chip_0_spill_register__parameterized46_1733 |         43 |         43 |       0 |    0 |    148 |      0 |      0 |    0 |          0 |
|                 gen_mux.i_ar_arbiter                                                        |                                        hemaia_system_occamy_chip_0_rr_arb_tree__parameterized12_1726 |        109 |        109 |       0 |    0 |      9 |      0 |      0 |    0 |          0 |
|                 gen_mux.i_ar_spill_reg                                                      |                                     hemaia_system_occamy_chip_0_spill_register__parameterized52_1727 |         38 |         38 |       0 |    0 |    140 |      0 |      0 |    0 |          0 |
|                 gen_mux.i_aw_arbiter                                                        |                                        hemaia_system_occamy_chip_0_rr_arb_tree__parameterized11_1728 |         88 |         88 |       0 |    0 |      9 |      0 |      0 |    0 |          0 |
|                 gen_mux.i_aw_spill_reg                                                      |                                     hemaia_system_occamy_chip_0_spill_register__parameterized50_1729 |         41 |         41 |       0 |    0 |    144 |      0 |      0 |    0 |          0 |
|                 gen_mux.i_b_spill_reg                                                       |                                     hemaia_system_occamy_chip_0_spill_register__parameterized51_1730 |         61 |         61 |       0 |    0 |     20 |      0 |      0 |    0 |          0 |
|                 gen_mux.i_r_spill_reg                                                       |                                     hemaia_system_occamy_chip_0_spill_register__parameterized53_1731 |        503 |        503 |       0 |    0 |    150 |      0 |      0 |    0 |          0 |
|                 gen_mux.i_w_fifo                                                            |                                            hemaia_system_occamy_chip_0_fifo_v3__parameterized36_1732 |        240 |        240 |       0 |    0 |    112 |      0 |      0 |    0 |          0 |
|               gen_mst_port_mux[7].i_axi_mux                                                 |                                             hemaia_system_occamy_chip_0_axi_mux__parameterized2_1410 |        401 |        401 |       0 |    0 |    693 |      0 |      0 |    0 |          0 |
|                 gen_mux.i_w_spill_reg                                                       |                                     hemaia_system_occamy_chip_0_spill_register__parameterized46_1720 |         39 |         39 |       0 |    0 |    148 |      0 |      0 |    0 |          0 |
|                 gen_mux.i_ar_arbiter                                                        |                                             hemaia_system_occamy_chip_0_rr_arb_tree__parameterized12 |         74 |         74 |       0 |    0 |      7 |      0 |      0 |    0 |          0 |
|                 gen_mux.i_ar_spill_reg                                                      |                                     hemaia_system_occamy_chip_0_spill_register__parameterized52_1716 |         39 |         39 |       0 |    0 |    140 |      0 |      0 |    0 |          0 |
|                 gen_mux.i_aw_spill_reg                                                      |                                     hemaia_system_occamy_chip_0_spill_register__parameterized50_1717 |         39 |         39 |       0 |    0 |    142 |      0 |      0 |    0 |          0 |
|                 gen_mux.i_r_spill_reg                                                       |                                     hemaia_system_occamy_chip_0_spill_register__parameterized53_1719 |         44 |         44 |       0 |    0 |    148 |      0 |      0 |    0 |          0 |
|                 gen_mux.i_w_fifo                                                            |                                                 hemaia_system_occamy_chip_0_fifo_v3__parameterized36 |        145 |        145 |       0 |    0 |     80 |      0 |      0 |    0 |          0 |
|               gen_slv_port_demux[0].i_axi_ar_decode                                         |                                              hemaia_system_occamy_chip_0_addr_decode__parameterized4 |        496 |        496 |       0 |    0 |      0 |      0 |      0 |    0 |          0 |
|               gen_slv_port_demux[0].i_axi_aw_decode                                         |                                         hemaia_system_occamy_chip_0_addr_decode__parameterized4_1411 |        496 |        496 |       0 |    0 |      0 |      0 |      0 |    0 |          0 |
|               gen_slv_port_demux[0].i_axi_demux                                             |                                                hemaia_system_occamy_chip_0_axi_demux__parameterized2 |        694 |        694 |       0 |    0 |    956 |      0 |      0 |    0 |          0 |
|                 i_ar_spill_reg                                                              |                                     hemaia_system_occamy_chip_0_spill_register__parameterized47_1664 |        125 |        125 |       0 |    0 |    150 |      0 |      0 |    0 |          0 |
|                 i_aw_spill_reg                                                              |                                     hemaia_system_occamy_chip_0_spill_register__parameterized44_1666 |         88 |         88 |       0 |    0 |    158 |      0 |      0 |    0 |          0 |
|                 i_demux_simple                                                              |                                    hemaia_system_occamy_chip_0_axi_demux_simple__parameterized3_1668 |        348 |        348 |       0 |    0 |    326 |      0 |      0 |    0 |          0 |
|                 i_r_spill_reg                                                               |                                     hemaia_system_occamy_chip_0_spill_register__parameterized49_1669 |         41 |         41 |       0 |    0 |    144 |      0 |      0 |    0 |          0 |
|                 i_w_spill_reg                                                               |                                     hemaia_system_occamy_chip_0_spill_register__parameterized46_1670 |         42 |         42 |       0 |    0 |    148 |      0 |      0 |    0 |          0 |
|               gen_slv_port_demux[1].i_axi_ar_decode                                         |                                         hemaia_system_occamy_chip_0_addr_decode__parameterized4_1412 |        496 |        496 |       0 |    0 |      0 |      0 |      0 |    0 |          0 |
|               gen_slv_port_demux[1].i_axi_aw_decode                                         |                                         hemaia_system_occamy_chip_0_addr_decode__parameterized4_1413 |        496 |        496 |       0 |    0 |      0 |      0 |      0 |    0 |          0 |
|               gen_slv_port_demux[1].i_axi_demux                                             |                                           hemaia_system_occamy_chip_0_axi_demux__parameterized2_1414 |        727 |        727 |       0 |    0 |    960 |      0 |      0 |    0 |          0 |
|                 i_ar_spill_reg                                                              |                                     hemaia_system_occamy_chip_0_spill_register__parameterized47_1606 |         84 |         84 |       0 |    0 |    150 |      0 |      0 |    0 |          0 |
|                 i_aw_select_spill_reg                                                       |                                     hemaia_system_occamy_chip_0_spill_register__parameterized45_1607 |         92 |         92 |       0 |    0 |      8 |      0 |      0 |    0 |          0 |
|                 i_aw_spill_reg                                                              |                                     hemaia_system_occamy_chip_0_spill_register__parameterized44_1608 |         85 |         85 |       0 |    0 |    162 |      0 |      0 |    0 |          0 |
|                 i_demux_simple                                                              |                                    hemaia_system_occamy_chip_0_axi_demux_simple__parameterized3_1610 |        317 |        317 |       0 |    0 |    326 |      0 |      0 |    0 |          0 |
|                 i_r_spill_reg                                                               |                                     hemaia_system_occamy_chip_0_spill_register__parameterized49_1611 |         41 |         41 |       0 |    0 |    144 |      0 |      0 |    0 |          0 |
|                 i_w_spill_reg                                                               |                                     hemaia_system_occamy_chip_0_spill_register__parameterized46_1612 |         78 |         78 |       0 |    0 |    148 |      0 |      0 |    0 |          0 |
|               gen_slv_port_demux[2].i_axi_ar_decode                                         |                                         hemaia_system_occamy_chip_0_addr_decode__parameterized4_1416 |        496 |        496 |       0 |    0 |      0 |      0 |      0 |    0 |          0 |
|               gen_slv_port_demux[2].i_axi_aw_decode                                         |                                         hemaia_system_occamy_chip_0_addr_decode__parameterized4_1417 |        496 |        496 |       0 |    0 |      0 |      0 |      0 |    0 |          0 |
|               gen_slv_port_demux[2].i_axi_demux                                             |                                           hemaia_system_occamy_chip_0_axi_demux__parameterized2_1418 |       1012 |       1012 |       0 |    0 |    952 |      0 |      0 |    0 |          0 |
|                 i_ar_spill_reg                                                              |                                     hemaia_system_occamy_chip_0_spill_register__parameterized47_1548 |         52 |         52 |       0 |    0 |    150 |      0 |      0 |    0 |          0 |
|                 i_aw_select_spill_reg                                                       |                                     hemaia_system_occamy_chip_0_spill_register__parameterized45_1549 |        175 |        175 |       0 |    0 |      8 |      0 |      0 |    0 |          0 |
|                 i_aw_spill_reg                                                              |                                     hemaia_system_occamy_chip_0_spill_register__parameterized44_1550 |         78 |         78 |       0 |    0 |    162 |      0 |      0 |    0 |          0 |
|                 i_demux_simple                                                              |                                    hemaia_system_occamy_chip_0_axi_demux_simple__parameterized3_1552 |        598 |        598 |       0 |    0 |    326 |      0 |      0 |    0 |          0 |
|                 i_r_spill_reg                                                               |                                     hemaia_system_occamy_chip_0_spill_register__parameterized49_1553 |         40 |         40 |       0 |    0 |    140 |      0 |      0 |    0 |          0 |
|                 i_w_spill_reg                                                               |                                     hemaia_system_occamy_chip_0_spill_register__parameterized46_1554 |         41 |         41 |       0 |    0 |    148 |      0 |      0 |    0 |          0 |
|               gen_slv_port_demux[3].i_axi_ar_decode                                         |                                         hemaia_system_occamy_chip_0_addr_decode__parameterized4_1420 |        496 |        496 |       0 |    0 |      0 |      0 |      0 |    0 |          0 |
|               gen_slv_port_demux[3].i_axi_aw_decode                                         |                                         hemaia_system_occamy_chip_0_addr_decode__parameterized4_1421 |        496 |        496 |       0 |    0 |      0 |      0 |      0 |    0 |          0 |
|               gen_slv_port_demux[3].i_axi_demux                                             |                                           hemaia_system_occamy_chip_0_axi_demux__parameterized2_1422 |        730 |        730 |       0 |    0 |    737 |      0 |      0 |    0 |          0 |
|                 i_ar_spill_reg                                                              |                                     hemaia_system_occamy_chip_0_spill_register__parameterized47_1490 |         28 |         28 |       0 |    0 |    100 |      0 |      0 |    0 |          0 |
|                 i_aw_spill_reg                                                              |                                     hemaia_system_occamy_chip_0_spill_register__parameterized44_1492 |         26 |         26 |       0 |    0 |    100 |      0 |      0 |    0 |          0 |
|                 i_demux_simple                                                              |                                    hemaia_system_occamy_chip_0_axi_demux_simple__parameterized3_1494 |        526 |        526 |       0 |    0 |    233 |      0 |      0 |    0 |          0 |
|                 i_r_spill_reg                                                               |                                     hemaia_system_occamy_chip_0_spill_register__parameterized49_1495 |         35 |         35 |       0 |    0 |    134 |      0 |      0 |    0 |          0 |
|                 i_w_spill_reg                                                               |                                     hemaia_system_occamy_chip_0_spill_register__parameterized46_1496 |         78 |         78 |       0 |    0 |    148 |      0 |      0 |    0 |          0 |
|               gen_slv_port_demux[4].i_axi_aw_decode                                         |                                         hemaia_system_occamy_chip_0_addr_decode__parameterized4_1425 |        496 |        496 |       0 |    0 |      0 |      0 |      0 |    0 |          0 |
|               gen_slv_port_demux[4].i_axi_demux                                             |                                           hemaia_system_occamy_chip_0_axi_demux__parameterized2_1426 |        470 |        470 |       0 |    0 |    371 |      0 |      0 |    0 |          0 |
|                 i_aw_select_spill_reg                                                       |                                          hemaia_system_occamy_chip_0_spill_register__parameterized45 |        227 |        227 |       0 |    0 |      8 |      0 |      0 |    0 |          0 |
|                 i_aw_spill_reg                                                              |                                     hemaia_system_occamy_chip_0_spill_register__parameterized44_1461 |         33 |         33 |       0 |    0 |     56 |      0 |      0 |    0 |          0 |
|                 i_demux_simple                                                              |                                         hemaia_system_occamy_chip_0_axi_demux_simple__parameterized3 |        172 |        172 |       0 |    0 |    171 |      0 |      0 |    0 |          0 |
|                 i_w_spill_reg                                                               |                                     hemaia_system_occamy_chip_0_spill_register__parameterized46_1463 |         36 |         36 |       0 |    0 |    134 |      0 |      0 |    0 |          0 |
|               gen_xbar_slv_cross[0].gen_xbar_mst_cross[0].gen_no_connection.i_axi_err_slv   |                                              hemaia_system_occamy_chip_0_axi_err_slv__parameterized6 |         69 |         69 |       0 |    0 |     70 |      0 |      0 |    0 |          0 |
|             i_soc_narrow_xbar_out_cut                                                       |                                         hemaia_system_occamy_chip_0_axi_multicut__parameterized3_978 |        279 |        279 |       0 |    0 |    630 |      0 |      0 |    0 |          0 |
|               gen_axi_cut.gen_axi_cuts[0].i_cut                                             |                                                             hemaia_system_occamy_chip_0_axi_cut_1393 |        279 |        279 |       0 |    0 |    630 |      0 |      0 |    0 |          0 |
|                 i_reg_ar                                                                    |                                     hemaia_system_occamy_chip_0_spill_register__parameterized52_1394 |         40 |         40 |       0 |    0 |    150 |      0 |      0 |    0 |          0 |
|                 i_reg_aw                                                                    |                                     hemaia_system_occamy_chip_0_spill_register__parameterized50_1395 |        149 |        149 |       0 |    0 |    162 |      0 |      0 |    0 |          0 |
|                 i_reg_r                                                                     |                                     hemaia_system_occamy_chip_0_spill_register__parameterized53_1397 |         41 |         41 |       0 |    0 |    150 |      0 |      0 |    0 |          0 |
|                 i_reg_w                                                                     |                                     hemaia_system_occamy_chip_0_spill_register__parameterized46_1398 |         40 |         40 |       0 |    0 |    148 |      0 |      0 |    0 |          0 |
|             i_soc_wide_narrow_dw                                                            |                                         hemaia_system_occamy_chip_0_axi_dw_converter__parameterized0 |      26165 |      26165 |       0 |    0 |   5931 |      0 |      0 |    0 |          3 |
|               gen_dw_downsize.i_axi_dw_downsizer                                            |                                                         hemaia_system_occamy_chip_0_axi_dw_downsizer |      26165 |      26165 |       0 |    0 |   5931 |      0 |      0 |    0 |          3 |
|                 (gen_dw_downsize.i_axi_dw_downsizer)                                        |                                                         hemaia_system_occamy_chip_0_axi_dw_downsizer |      18486 |      18486 |       0 |    0 |   5186 |      0 |      0 |    0 |          3 |
|                 i_axi_demux                                                                 |                                                hemaia_system_occamy_chip_0_axi_demux__parameterized4 |       3595 |       3595 |       0 |    0 |    486 |      0 |      0 |    0 |          0 |
|                 i_axi_err_slv                                                               |                                              hemaia_system_occamy_chip_0_axi_err_slv__parameterized8 |         89 |         89 |       0 |    0 |     72 |      0 |      0 |    0 |          0 |
|                 i_forward_b_beats_queue                                                     |                                                 hemaia_system_occamy_chip_0_fifo_v3__parameterized40 |        128 |        128 |       0 |    0 |     18 |      0 |      0 |    0 |          0 |
|                 i_mst_ar_arb                                                                |                                             hemaia_system_occamy_chip_0_rr_arb_tree__parameterized18 |        323 |        323 |       0 |    0 |     12 |      0 |      0 |    0 |          0 |
|                 i_read_id_queue                                                             |                                                 hemaia_system_occamy_chip_0_id_queue__parameterized2 |       1328 |       1328 |       0 |    0 |    144 |      0 |      0 |    0 |          0 |
|                 i_slv_ar_arb                                                                |                                             hemaia_system_occamy_chip_0_rr_arb_tree__parameterized15 |        229 |        229 |       0 |    0 |      1 |      0 |      0 |    0 |          0 |
|                 i_slv_r_arb                                                                 |                                             hemaia_system_occamy_chip_0_rr_arb_tree__parameterized17 |       1992 |       1992 |       0 |    0 |     12 |      0 |      0 |    0 |          0 |
|             i_soc_wide_narrow_dw_cut                                                        |                                         hemaia_system_occamy_chip_0_axi_multicut__parameterized5_979 |        237 |        237 |       0 |    0 |    614 |      0 |      0 |    0 |          0 |
|               gen_axi_cut.gen_axi_cuts[0].i_cut                                             |                                                  hemaia_system_occamy_chip_0_axi_cut__parameterized1 |        237 |        237 |       0 |    0 |    614 |      0 |      0 |    0 |          0 |
|                 i_reg_ar                                                                    |                                          hemaia_system_occamy_chip_0_spill_register__parameterized47 |         53 |         53 |       0 |    0 |    150 |      0 |      0 |    0 |          0 |
|                 i_reg_aw                                                                    |                                          hemaia_system_occamy_chip_0_spill_register__parameterized44 |         54 |         54 |       0 |    0 |    158 |      0 |      0 |    0 |          0 |
|                 i_reg_r                                                                     |                                          hemaia_system_occamy_chip_0_spill_register__parameterized49 |         85 |         85 |       0 |    0 |    144 |      0 |      0 |    0 |          0 |
|                 i_reg_w                                                                     |                                     hemaia_system_occamy_chip_0_spill_register__parameterized46_1346 |         38 |         38 |       0 |    0 |    148 |      0 |      0 |    0 |          0 |
|             i_soc_wide_narrow_iwc                                                           |                                             hemaia_system_occamy_chip_0_axi_id_remap__parameterized0 |        497 |        497 |       0 |    0 |    363 |      0 |      0 |    0 |          0 |
|               i_wr_table                                                                    |                                  hemaia_system_occamy_chip_0_axi_id_remap_table__parameterized0_1345 |        288 |        288 |       0 |    0 |    176 |      0 |      0 |    0 |          0 |
|               i_rd_table                                                                    |                                       hemaia_system_occamy_chip_0_axi_id_remap_table__parameterized0 |        202 |        202 |       0 |    0 |    176 |      0 |      0 |    0 |          0 |
|             i_soc_wide_xbar                                                                 |                                                 hemaia_system_occamy_chip_0_axi_xbar__parameterized1 |      16072 |      16072 |       0 |    0 |  18252 |      0 |      0 |    0 |          0 |
|               gen_mst_port_mux[0].i_axi_mux                                                 |                                                  hemaia_system_occamy_chip_0_axi_mux__parameterized1 |       1707 |       1707 |       0 |    0 |   2693 |      0 |      0 |    0 |          0 |
|                 gen_mux.i_w_spill_reg                                                       |                                     hemaia_system_occamy_chip_0_spill_register__parameterized36_1339 |        350 |        350 |       0 |    0 |   1159 |      0 |      0 |    0 |          0 |
|                 gen_mux.i_ar_spill_reg                                                      |                                     hemaia_system_occamy_chip_0_spill_register__parameterized42_1333 |        156 |        156 |       0 |    0 |    150 |      0 |      0 |    0 |          0 |
|                 gen_mux.i_aw_spill_reg                                                      |                                     hemaia_system_occamy_chip_0_spill_register__parameterized40_1335 |        164 |        164 |       0 |    0 |    162 |      0 |      0 |    0 |          0 |
|                 gen_mux.i_r_spill_reg                                                       |                                     hemaia_system_occamy_chip_0_spill_register__parameterized43_1337 |        266 |        266 |       0 |    0 |   1044 |      0 |      0 |    0 |          0 |
|                 gen_mux.i_w_fifo                                                            |                                            hemaia_system_occamy_chip_0_fifo_v3__parameterized35_1338 |        712 |        712 |       0 |    0 |    147 |      0 |      0 |    0 |          0 |
|               gen_mst_port_mux[1].i_axi_mux                                                 |                                             hemaia_system_occamy_chip_0_axi_mux__parameterized1_1069 |       1415 |       1415 |       0 |    0 |   2658 |      0 |      0 |    0 |          0 |
|                 gen_mux.i_w_spill_reg                                                       |                                     hemaia_system_occamy_chip_0_spill_register__parameterized36_1326 |        291 |        291 |       0 |    0 |   1156 |      0 |      0 |    0 |          0 |
|                 gen_mux.i_ar_arbiter                                                        |                                         hemaia_system_occamy_chip_0_rr_arb_tree__parameterized9_1319 |         62 |         62 |       0 |    0 |      6 |      0 |      0 |    0 |          0 |
|                 gen_mux.i_ar_spill_reg                                                      |                                     hemaia_system_occamy_chip_0_spill_register__parameterized42_1320 |         36 |         36 |       0 |    0 |    140 |      0 |      0 |    0 |          0 |
|                 gen_mux.i_aw_spill_reg                                                      |                                     hemaia_system_occamy_chip_0_spill_register__parameterized40_1322 |         43 |         43 |       0 |    0 |    142 |      0 |      0 |    0 |          0 |
|                 gen_mux.i_r_spill_reg                                                       |                                     hemaia_system_occamy_chip_0_spill_register__parameterized43_1324 |        265 |        265 |       0 |    0 |   1042 |      0 |      0 |    0 |          0 |
|                 gen_mux.i_w_fifo                                                            |                                            hemaia_system_occamy_chip_0_fifo_v3__parameterized35_1325 |        706 |        706 |       0 |    0 |    147 |      0 |      0 |    0 |          0 |
|               gen_mst_port_mux[2].i_axi_mux                                                 |                                             hemaia_system_occamy_chip_0_axi_mux__parameterized1_1070 |        408 |        408 |       0 |    0 |    402 |      0 |      0 |    0 |          0 |
|                 gen_mux.i_w_spill_reg                                                       |                                     hemaia_system_occamy_chip_0_spill_register__parameterized36_1313 |         33 |         33 |       0 |    0 |    130 |      0 |      0 |    0 |          0 |
|                 gen_mux.i_aw_spill_reg                                                      |                                     hemaia_system_occamy_chip_0_spill_register__parameterized40_1309 |        100 |        100 |       0 |    0 |     40 |      0 |      0 |    0 |          0 |
|                 gen_mux.i_w_fifo                                                            |                                            hemaia_system_occamy_chip_0_fifo_v3__parameterized35_1312 |        197 |        197 |       0 |    0 |    147 |      0 |      0 |    0 |          0 |
|               gen_mst_port_mux[3].i_axi_mux                                                 |                                             hemaia_system_occamy_chip_0_axi_mux__parameterized1_1071 |       1402 |       1402 |       0 |    0 |   2690 |      0 |      0 |    0 |          0 |
|                 gen_mux.i_w_spill_reg                                                       |                                     hemaia_system_occamy_chip_0_spill_register__parameterized36_1300 |        296 |        296 |       0 |    0 |   1156 |      0 |      0 |    0 |          0 |
|                 gen_mux.i_ar_spill_reg                                                      |                                     hemaia_system_occamy_chip_0_spill_register__parameterized42_1296 |         38 |         38 |       0 |    0 |    150 |      0 |      0 |    0 |          0 |
|                 gen_mux.i_aw_spill_reg                                                      |                                     hemaia_system_occamy_chip_0_spill_register__parameterized40_1297 |         45 |         45 |       0 |    0 |    162 |      0 |      0 |    0 |          0 |
|                 gen_mux.i_r_spill_reg                                                       |                                     hemaia_system_occamy_chip_0_spill_register__parameterized43_1299 |        265 |        265 |       0 |    0 |   1044 |      0 |      0 |    0 |          0 |
|                 gen_mux.i_w_fifo                                                            |                                                 hemaia_system_occamy_chip_0_fifo_v3__parameterized35 |        706 |        706 |       0 |    0 |    147 |      0 |      0 |    0 |          0 |
|               gen_slv_port_demux[0].i_axi_ar_decode                                         |                                              hemaia_system_occamy_chip_0_addr_decode__parameterized3 |        600 |        600 |       0 |    0 |      0 |      0 |      0 |    0 |          0 |
|               gen_slv_port_demux[0].i_axi_aw_decode                                         |                                         hemaia_system_occamy_chip_0_addr_decode__parameterized3_1072 |        600 |        600 |       0 |    0 |      0 |      0 |      0 |    0 |          0 |
|               gen_slv_port_demux[0].i_axi_demux                                             |                                                hemaia_system_occamy_chip_0_axi_demux__parameterized1 |       2176 |       2176 |       0 |    0 |   2852 |      0 |      0 |    0 |          0 |
|                 (gen_slv_port_demux[0].i_axi_demux)                                         |                                                hemaia_system_occamy_chip_0_axi_demux__parameterized1 |        279 |        279 |       0 |    0 |      0 |      0 |      0 |    0 |          0 |
|                 i_ar_spill_reg                                                              |                                     hemaia_system_occamy_chip_0_spill_register__parameterized37_1244 |         66 |         66 |       0 |    0 |    146 |      0 |      0 |    0 |          0 |
|                 i_aw_select_spill_reg                                                       |                                     hemaia_system_occamy_chip_0_spill_register__parameterized35_1245 |        129 |        129 |       0 |    0 |      6 |      0 |      0 |    0 |          0 |
|                 i_aw_spill_reg                                                              |                                     hemaia_system_occamy_chip_0_spill_register__parameterized34_1246 |         84 |         84 |       0 |    0 |    158 |      0 |      0 |    0 |          0 |
|                 i_demux_simple                                                              |                                    hemaia_system_occamy_chip_0_axi_demux_simple__parameterized2_1248 |        727 |        727 |       0 |    0 |    316 |      0 |      0 |    0 |          0 |
|                 i_r_spill_reg                                                               |                                     hemaia_system_occamy_chip_0_spill_register__parameterized39_1249 |        615 |        615 |       0 |    0 |   1045 |      0 |      0 |    0 |          0 |
|                 i_w_spill_reg                                                               |                                     hemaia_system_occamy_chip_0_spill_register__parameterized36_1250 |        290 |        290 |       0 |    0 |   1161 |      0 |      0 |    0 |          0 |
|               gen_slv_port_demux[1].i_axi_ar_decode                                         |                                         hemaia_system_occamy_chip_0_addr_decode__parameterized3_1073 |        434 |        434 |       0 |    0 |      0 |      0 |      0 |    0 |          0 |
|               gen_slv_port_demux[1].i_axi_aw_decode                                         |                                         hemaia_system_occamy_chip_0_addr_decode__parameterized3_1074 |        600 |        600 |       0 |    0 |      0 |      0 |      0 |    0 |          0 |
|               gen_slv_port_demux[1].i_axi_demux                                             |                                           hemaia_system_occamy_chip_0_axi_demux__parameterized1_1075 |       2549 |       2549 |       0 |    0 |   2669 |      0 |      0 |    0 |          0 |
|                 (gen_slv_port_demux[1].i_axi_demux)                                         |                                           hemaia_system_occamy_chip_0_axi_demux__parameterized1_1075 |        593 |        593 |       0 |    0 |      0 |      0 |      0 |    0 |          0 |
|                 i_ar_spill_reg                                                              |                                     hemaia_system_occamy_chip_0_spill_register__parameterized37_1187 |         26 |         26 |       0 |    0 |    106 |      0 |      0 |    0 |          0 |
|                 i_aw_spill_reg                                                              |                                     hemaia_system_occamy_chip_0_spill_register__parameterized34_1189 |         71 |         71 |       0 |    0 |    106 |      0 |      0 |    0 |          0 |
|                 i_demux_simple                                                              |                                    hemaia_system_occamy_chip_0_axi_demux_simple__parameterized2_1191 |        265 |        265 |       0 |    0 |    254 |      0 |      0 |    0 |          0 |
|                 i_r_spill_reg                                                               |                                     hemaia_system_occamy_chip_0_spill_register__parameterized39_1192 |       1283 |       1283 |       0 |    0 |   1028 |      0 |      0 |    0 |          0 |
|                 i_w_spill_reg                                                               |                                     hemaia_system_occamy_chip_0_spill_register__parameterized36_1193 |        289 |        289 |       0 |    0 |   1161 |      0 |      0 |    0 |          0 |
|               gen_slv_port_demux[2].i_axi_aw_decode                                         |                                         hemaia_system_occamy_chip_0_addr_decode__parameterized3_1078 |        600 |        600 |       0 |    0 |      0 |      0 |      0 |    0 |          0 |
|               gen_slv_port_demux[2].i_axi_demux                                             |                                           hemaia_system_occamy_chip_0_axi_demux__parameterized1_1079 |        580 |        580 |       0 |    0 |   1270 |      0 |      0 |    0 |          0 |
|                 (gen_slv_port_demux[2].i_axi_demux)                                         |                                           hemaia_system_occamy_chip_0_axi_demux__parameterized1_1079 |        150 |        150 |       0 |    0 |      0 |      0 |      0 |    0 |          0 |
|                 i_aw_spill_reg                                                              |                                     hemaia_system_occamy_chip_0_spill_register__parameterized34_1153 |         35 |         35 |       0 |    0 |     62 |      0 |      0 |    0 |          0 |
|                 i_demux_simple                                                              |                                    hemaia_system_occamy_chip_0_axi_demux_simple__parameterized2_1154 |        113 |        113 |       0 |    0 |    165 |      0 |      0 |    0 |          0 |
|                 i_w_spill_reg                                                               |                                     hemaia_system_occamy_chip_0_spill_register__parameterized36_1156 |        261 |        261 |       0 |    0 |   1035 |      0 |      0 |    0 |          0 |
|               gen_slv_port_demux[3].i_axi_ar_decode                                         |                                         hemaia_system_occamy_chip_0_addr_decode__parameterized3_1081 |        600 |        600 |       0 |    0 |      0 |      0 |      0 |    0 |          0 |
|               gen_slv_port_demux[3].i_axi_aw_decode                                         |                                         hemaia_system_occamy_chip_0_addr_decode__parameterized3_1082 |        600 |        600 |       0 |    0 |      0 |      0 |      0 |    0 |          0 |
|               gen_slv_port_demux[3].i_axi_demux                                             |                                           hemaia_system_occamy_chip_0_axi_demux__parameterized1_1083 |       1664 |       1664 |       0 |    0 |   2851 |      0 |      0 |    0 |          0 |
|                 (gen_slv_port_demux[3].i_axi_demux)                                         |                                           hemaia_system_occamy_chip_0_axi_demux__parameterized1_1083 |        273 |        273 |       0 |    0 |      0 |      0 |      0 |    0 |          0 |
|                 i_ar_spill_reg                                                              |                                     hemaia_system_occamy_chip_0_spill_register__parameterized37_1102 |         57 |         57 |       0 |    0 |    146 |      0 |      0 |    0 |          0 |
|                 i_aw_spill_reg                                                              |                                     hemaia_system_occamy_chip_0_spill_register__parameterized34_1104 |         62 |         62 |       0 |    0 |    158 |      0 |      0 |    0 |          0 |
|                 i_demux_simple                                                              |                                         hemaia_system_occamy_chip_0_axi_demux_simple__parameterized2 |        717 |        717 |       0 |    0 |    316 |      0 |      0 |    0 |          0 |
|                 i_r_spill_reg                                                               |                                     hemaia_system_occamy_chip_0_spill_register__parameterized39_1106 |        264 |        264 |       0 |    0 |   1045 |      0 |      0 |    0 |          0 |
|                 i_w_spill_reg                                                               |                                     hemaia_system_occamy_chip_0_spill_register__parameterized36_1107 |        292 |        292 |       0 |    0 |   1160 |      0 |      0 |    0 |          0 |
|             i_spm_narrow_amo_adapter                                                        |                                                    hemaia_system_occamy_chip_0_axi_riscv_atomics_980 |       3720 |       3720 |       0 |    0 |   2553 |      0 |      0 |    0 |          0 |
|               (i_spm_narrow_amo_adapter)                                                    |                                                    hemaia_system_occamy_chip_0_axi_riscv_atomics_980 |       1245 |       1245 |       0 |    0 |      0 |      0 |      0 |    0 |          0 |
|               i_amos                                                                        |                                                           hemaia_system_occamy_chip_0_axi_riscv_amos |        661 |        661 |       0 |    0 |    318 |      0 |      0 |    0 |          0 |
|               i_axi_wide_in_cut                                                             |                                        hemaia_system_occamy_chip_0_axi_multicut__parameterized3_1056 |        376 |        376 |       0 |    0 |    614 |      0 |      0 |    0 |          0 |
|                 gen_axi_cut.gen_axi_cuts[0].i_cut                                           |                                                             hemaia_system_occamy_chip_0_axi_cut_1058 |        376 |        376 |       0 |    0 |    614 |      0 |      0 |    0 |          0 |
|               i_lrsc                                                                        |                                                           hemaia_system_occamy_chip_0_axi_riscv_lrsc |       1442 |       1442 |       0 |    0 |   1621 |      0 |      0 |    0 |          0 |
|                 (i_lrsc)                                                                    |                                                           hemaia_system_occamy_chip_0_axi_riscv_lrsc |         56 |         56 |       0 |    0 |     61 |      0 |      0 |    0 |          0 |
|                 i_art                                                                       |                                                              hemaia_system_occamy_chip_0_axi_res_tbl |        115 |        115 |       0 |    0 |    360 |      0 |      0 |    0 |          0 |
|                 i_aw_trans_reg                                                              |                                                    hemaia_system_occamy_chip_0_fall_through_register |         38 |         38 |       0 |    0 |     72 |      0 |      0 |    0 |          0 |
|                 i_b_inj_fifo                                                                |                                                 hemaia_system_occamy_chip_0_fifo_v3__parameterized38 |         32 |         32 |       0 |    0 |     66 |      0 |      0 |    0 |          0 |
|                 i_b_status_queue                                                            |                                                 hemaia_system_occamy_chip_0_id_queue__parameterized0 |        218 |        218 |       0 |    0 |    160 |      0 |      0 |    0 |          0 |
|                 i_read_in_flight_queue                                                      |                                                                 hemaia_system_occamy_chip_0_id_queue |        214 |        214 |       0 |    0 |    152 |      0 |      0 |    0 |          0 |
|                 i_w_cmd_fifo                                                                |                                                 hemaia_system_occamy_chip_0_fifo_v3__parameterized37 |         32 |         32 |       0 |    0 |     74 |      0 |      0 |    0 |          0 |
|                 i_wifq_exists_arb                                                           |                                           hemaia_system_occamy_chip_0_stream_arbiter__parameterized1 |        195 |        195 |       0 |    0 |      1 |      0 |      0 |    0 |          0 |
|                 i_write_in_flight_queue                                                     |                                                 hemaia_system_occamy_chip_0_id_queue__parameterized1 |        492 |        492 |       0 |    0 |    512 |      0 |      0 |    0 |          0 |
|                 slv_r_reg                                                                   |                                          hemaia_system_occamy_chip_0_spill_register__parameterized59 |         38 |         38 |       0 |    0 |    148 |      0 |      0 |    0 |          0 |
|             i_spm_narrow_amo_adapter_cut                                                    |                                         hemaia_system_occamy_chip_0_axi_multicut__parameterized3_981 |        268 |        268 |       0 |    0 |    464 |      0 |      0 |    0 |          0 |
|               gen_axi_cut.gen_axi_cuts[0].i_cut                                             |                                                                  hemaia_system_occamy_chip_0_axi_cut |        268 |        268 |       0 |    0 |    464 |      0 |      0 |    0 |          0 |
|                 i_reg_ar                                                                    |                                     hemaia_system_occamy_chip_0_spill_register__parameterized52_1046 |         50 |         50 |       0 |    0 |     76 |      0 |      0 |    0 |          0 |
|                 i_reg_aw                                                                    |                                     hemaia_system_occamy_chip_0_spill_register__parameterized50_1047 |         57 |         57 |       0 |    0 |     76 |      0 |      0 |    0 |          0 |
|                 i_reg_b                                                                     |                                     hemaia_system_occamy_chip_0_spill_register__parameterized51_1048 |         61 |         61 |       0 |    0 |     18 |      0 |      0 |    0 |          0 |
|                 i_reg_r                                                                     |                                     hemaia_system_occamy_chip_0_spill_register__parameterized53_1049 |         61 |         61 |       0 |    0 |    146 |      0 |      0 |    0 |          0 |
|                 i_reg_w                                                                     |                                     hemaia_system_occamy_chip_0_spill_register__parameterized46_1050 |         39 |         39 |       0 |    0 |    148 |      0 |      0 |    0 |          0 |
|             i_sys_idma_transfer_id_gen                                                      |                                                     hemaia_system_occamy_chip_0_idma_transfer_id_gen |        116 |        116 |       0 |    0 |     64 |      0 |      0 |    0 |          0 |
|             i_wide_in                                                                       |                                             hemaia_system_occamy_chip_0_axi_multicut__parameterized9 |       1923 |       1923 |       0 |    0 |   7590 |      0 |      0 |    0 |          0 |
|               gen_axi_cut.gen_axi_cuts[0].i_cut                                             |                                             hemaia_system_occamy_chip_0_axi_cut__parameterized3_1013 |        643 |        643 |       0 |    0 |   2530 |      0 |      0 |    0 |          0 |
|                 i_reg_ar                                                                    |                                     hemaia_system_occamy_chip_0_spill_register__parameterized42_1036 |         40 |         40 |       0 |    0 |    150 |      0 |      0 |    0 |          0 |
|                 i_reg_aw                                                                    |                                     hemaia_system_occamy_chip_0_spill_register__parameterized40_1037 |         43 |         43 |       0 |    0 |    162 |      0 |      0 |    0 |          0 |
|                 i_reg_r                                                                     |                                     hemaia_system_occamy_chip_0_spill_register__parameterized43_1039 |        262 |        262 |       0 |    0 |   1044 |      0 |      0 |    0 |          0 |
|                 i_reg_w                                                                     |                                     hemaia_system_occamy_chip_0_spill_register__parameterized36_1040 |        293 |        293 |       0 |    0 |   1156 |      0 |      0 |    0 |          0 |
|               gen_axi_cut.gen_axi_cuts[1].i_cut                                             |                                             hemaia_system_occamy_chip_0_axi_cut__parameterized3_1014 |        641 |        641 |       0 |    0 |   2530 |      0 |      0 |    0 |          0 |
|                 i_reg_ar                                                                    |                                     hemaia_system_occamy_chip_0_spill_register__parameterized42_1026 |         39 |         39 |       0 |    0 |    150 |      0 |      0 |    0 |          0 |
|                 i_reg_aw                                                                    |                                     hemaia_system_occamy_chip_0_spill_register__parameterized40_1027 |         42 |         42 |       0 |    0 |    162 |      0 |      0 |    0 |          0 |
|                 i_reg_r                                                                     |                                     hemaia_system_occamy_chip_0_spill_register__parameterized43_1029 |        263 |        263 |       0 |    0 |   1044 |      0 |      0 |    0 |          0 |
|                 i_reg_w                                                                     |                                     hemaia_system_occamy_chip_0_spill_register__parameterized36_1030 |        291 |        291 |       0 |    0 |   1156 |      0 |      0 |    0 |          0 |
|               gen_axi_cut.gen_axi_cuts[2].i_cut                                             |                                             hemaia_system_occamy_chip_0_axi_cut__parameterized3_1015 |        639 |        639 |       0 |    0 |   2530 |      0 |      0 |    0 |          0 |
|                 i_reg_ar                                                                    |                                     hemaia_system_occamy_chip_0_spill_register__parameterized42_1016 |         38 |         38 |       0 |    0 |    150 |      0 |      0 |    0 |          0 |
|                 i_reg_aw                                                                    |                                     hemaia_system_occamy_chip_0_spill_register__parameterized40_1017 |         41 |         41 |       0 |    0 |    162 |      0 |      0 |    0 |          0 |
|                 i_reg_r                                                                     |                                     hemaia_system_occamy_chip_0_spill_register__parameterized43_1019 |        263 |        263 |       0 |    0 |   1044 |      0 |      0 |    0 |          0 |
|                 i_reg_w                                                                     |                                     hemaia_system_occamy_chip_0_spill_register__parameterized36_1020 |        290 |        290 |       0 |    0 |   1156 |      0 |      0 |    0 |          0 |
|             i_wide_memory_mst_cut                                                           |                                            hemaia_system_occamy_chip_0_axi_multicut__parameterized13 |       1046 |       1046 |       0 |    0 |   2498 |      0 |      0 |    0 |          0 |
|               gen_axi_cut.gen_axi_cuts[0].i_cut                                             |                                                  hemaia_system_occamy_chip_0_axi_cut__parameterized3 |       1046 |       1046 |       0 |    0 |   2498 |      0 |      0 |    0 |          0 |
|                 i_reg_ar                                                                    |                                          hemaia_system_occamy_chip_0_spill_register__parameterized42 |        220 |        220 |       0 |    0 |    140 |      0 |      0 |    0 |          0 |
|                 i_reg_aw                                                                    |                                          hemaia_system_occamy_chip_0_spill_register__parameterized40 |        230 |        230 |       0 |    0 |    142 |      0 |      0 |    0 |          0 |
|                 i_reg_r                                                                     |                                          hemaia_system_occamy_chip_0_spill_register__parameterized43 |        264 |        264 |       0 |    0 |   1042 |      0 |      0 |    0 |          0 |
|                 i_reg_w                                                                     |                                     hemaia_system_occamy_chip_0_spill_register__parameterized36_1011 |        324 |        324 |       0 |    0 |   1156 |      0 |      0 |    0 |          0 |
|             i_wide_memory_slv_cut                                                           |                                            hemaia_system_occamy_chip_0_axi_multicut__parameterized14 |        281 |        281 |       0 |    0 |   1094 |      0 |      0 |    0 |          0 |
|               gen_axi_cut.gen_axi_cuts[0].i_cut                                             |                                             hemaia_system_occamy_chip_0_axi_cut__parameterized4_1004 |        281 |        281 |       0 |    0 |   1094 |      0 |      0 |    0 |          0 |
|                 i_reg_aw                                                                    |                                     hemaia_system_occamy_chip_0_spill_register__parameterized34_1005 |         22 |         22 |       0 |    0 |     62 |      0 |      0 |    0 |          0 |
|                 i_reg_w                                                                     |                                     hemaia_system_occamy_chip_0_spill_register__parameterized36_1007 |        258 |        258 |       0 |    0 |   1030 |      0 |      0 |    0 |          0 |
|             i_wide_out_cut                                                                  |                                            hemaia_system_occamy_chip_0_axi_multicut__parameterized10 |       1927 |       1927 |       0 |    0 |   7542 |      0 |      0 |    0 |          0 |
|               gen_axi_cut.gen_axi_cuts[0].i_cut                                             |                                                  hemaia_system_occamy_chip_0_axi_cut__parameterized4 |        637 |        637 |       0 |    0 |   2514 |      0 |      0 |    0 |          0 |
|                 i_reg_ar                                                                    |                                      hemaia_system_occamy_chip_0_spill_register__parameterized37_994 |         39 |         39 |       0 |    0 |    146 |      0 |      0 |    0 |          0 |
|                 i_reg_aw                                                                    |                                      hemaia_system_occamy_chip_0_spill_register__parameterized34_995 |         42 |         42 |       0 |    0 |    158 |      0 |      0 |    0 |          0 |
|                 i_reg_r                                                                     |                                      hemaia_system_occamy_chip_0_spill_register__parameterized39_997 |        261 |        261 |       0 |    0 |   1040 |      0 |      0 |    0 |          0 |
|                 i_reg_w                                                                     |                                      hemaia_system_occamy_chip_0_spill_register__parameterized36_998 |        291 |        291 |       0 |    0 |   1156 |      0 |      0 |    0 |          0 |
|               gen_axi_cut.gen_axi_cuts[1].i_cut                                             |                                              hemaia_system_occamy_chip_0_axi_cut__parameterized4_982 |        637 |        637 |       0 |    0 |   2514 |      0 |      0 |    0 |          0 |
|                 i_reg_ar                                                                    |                                      hemaia_system_occamy_chip_0_spill_register__parameterized37_984 |         38 |         38 |       0 |    0 |    146 |      0 |      0 |    0 |          0 |
|                 i_reg_aw                                                                    |                                      hemaia_system_occamy_chip_0_spill_register__parameterized34_985 |         41 |         41 |       0 |    0 |    158 |      0 |      0 |    0 |          0 |
|                 i_reg_r                                                                     |                                      hemaia_system_occamy_chip_0_spill_register__parameterized39_987 |        262 |        262 |       0 |    0 |   1040 |      0 |      0 |    0 |          0 |
|                 i_reg_w                                                                     |                                      hemaia_system_occamy_chip_0_spill_register__parameterized36_988 |        291 |        291 |       0 |    0 |   1156 |      0 |      0 |    0 |          0 |
|               gen_axi_cut.gen_axi_cuts[2].i_cut                                             |                                              hemaia_system_occamy_chip_0_axi_cut__parameterized4_983 |        653 |        653 |       0 |    0 |   2514 |      0 |      0 |    0 |          0 |
|                 i_reg_ar                                                                    |                                          hemaia_system_occamy_chip_0_spill_register__parameterized37 |         47 |         47 |       0 |    0 |    146 |      0 |      0 |    0 |          0 |
|                 i_reg_aw                                                                    |                                          hemaia_system_occamy_chip_0_spill_register__parameterized34 |         50 |         50 |       0 |    0 |    158 |      0 |      0 |    0 |          0 |
|                 i_reg_r                                                                     |                                          hemaia_system_occamy_chip_0_spill_register__parameterized39 |        262 |        262 |       0 |    0 |   1040 |      0 |      0 |    0 |          0 |
|                 i_reg_w                                                                     |                                          hemaia_system_occamy_chip_0_spill_register__parameterized36 |        289 |        289 |       0 |    0 |   1156 |      0 |      0 |    0 |          0 |
|           i_periph_cdc                                                                      |                                                hemaia_system_occamy_chip_0_axi_cdc__parameterized3_8 |        730 |        730 |       0 |    0 |   1858 |      0 |      0 |    0 |          0 |
|             i_axi_cdc_dst                                                                   |                                              hemaia_system_occamy_chip_0_axi_cdc_dst__parameterized3 |        447 |        447 |       0 |    0 |    803 |      0 |      0 |    0 |          0 |
|               i_cdc_fifo_gray_dst_ar                                                        |                                       hemaia_system_occamy_chip_0_cdc_fifo_gray_dst__parameterized25 |        196 |        196 |       0 |    0 |    149 |      0 |      0 |    0 |          0 |
|                 i_spill_register                                                            |                                          hemaia_system_occamy_chip_0_spill_register__parameterized52 |        194 |        194 |       0 |    0 |    140 |      0 |      0 |    0 |          0 |
|               i_cdc_fifo_gray_dst_aw                                                        |                                       hemaia_system_occamy_chip_0_cdc_fifo_gray_dst__parameterized23 |        113 |        113 |       0 |    0 |    149 |      0 |      0 |    0 |          0 |
|                 i_spill_register                                                            |                                          hemaia_system_occamy_chip_0_spill_register__parameterized50 |        111 |        111 |       0 |    0 |    140 |      0 |      0 |    0 |          0 |
|               i_cdc_fifo_gray_dst_w                                                         |                                        hemaia_system_occamy_chip_0_cdc_fifo_gray_dst__parameterized2 |         43 |         43 |       0 |    0 |    155 |      0 |      0 |    0 |          0 |
|                 i_spill_register                                                            |                                          hemaia_system_occamy_chip_0_spill_register__parameterized46 |         41 |         41 |       0 |    0 |    146 |      0 |      0 |    0 |          0 |
|               i_cdc_fifo_gray_src_r                                                         |                                       hemaia_system_occamy_chip_0_cdc_fifo_gray_src__parameterized25 |         79 |         79 |       0 |    0 |    305 |      0 |      0 |    0 |          0 |
|                 (i_cdc_fifo_gray_src_r)                                                     |                                       hemaia_system_occamy_chip_0_cdc_fifo_gray_src__parameterized25 |         76 |         76 |       0 |    0 |    299 |      0 |      0 |    0 |          0 |
|             i_axi_cdc_src                                                                   |                                              hemaia_system_occamy_chip_0_axi_cdc_src__parameterized3 |        283 |        283 |       0 |    0 |   1055 |      0 |      0 |    0 |          0 |
|               i_cdc_fifo_gray_dst_r                                                         |                                       hemaia_system_occamy_chip_0_cdc_fifo_gray_dst__parameterized22 |         42 |         42 |       0 |    0 |    159 |      0 |      0 |    0 |          0 |
|                 i_spill_register                                                            |                                          hemaia_system_occamy_chip_0_spill_register__parameterized53 |         40 |         40 |       0 |    0 |    150 |      0 |      0 |    0 |          0 |
|               i_cdc_fifo_gray_src_ar                                                        |                                       hemaia_system_occamy_chip_0_cdc_fifo_gray_src__parameterized23 |         76 |         76 |       0 |    0 |    285 |      0 |      0 |    0 |          0 |
|                 (i_cdc_fifo_gray_src_ar)                                                    |                                       hemaia_system_occamy_chip_0_cdc_fifo_gray_src__parameterized23 |         71 |         71 |       0 |    0 |    279 |      0 |      0 |    0 |          0 |
|               i_cdc_fifo_gray_src_aw                                                        |                                       hemaia_system_occamy_chip_0_cdc_fifo_gray_src__parameterized21 |         76 |         76 |       0 |    0 |    285 |      0 |      0 |    0 |          0 |
|                 (i_cdc_fifo_gray_src_aw)                                                    |                                       hemaia_system_occamy_chip_0_cdc_fifo_gray_src__parameterized21 |         71 |         71 |       0 |    0 |    279 |      0 |      0 |    0 |          0 |
|               i_cdc_fifo_gray_src_w                                                         |                                        hemaia_system_occamy_chip_0_cdc_fifo_gray_src__parameterized0 |         79 |         79 |       0 |    0 |    297 |      0 |      0 |    0 |          0 |
|                 (i_cdc_fifo_gray_src_w)                                                     |                                        hemaia_system_occamy_chip_0_cdc_fifo_gray_src__parameterized0 |         74 |         74 |       0 |    0 |    291 |      0 |      0 |    0 |          0 |
|           i_rv_plic                                                                         |                                                                  hemaia_system_occamy_chip_0_rv_plic |        784 |        784 |       0 |    0 |    698 |      0 |      0 |    0 |          0 |
|             gen_target[1].u_target                                                          |                                                       hemaia_system_occamy_chip_0_rv_plic_target_586 |         70 |         70 |       0 |    0 |      8 |      0 |      0 |    0 |          0 |
|             u_gateway                                                                       |                                                          hemaia_system_occamy_chip_0_rv_plic_gateway |        118 |        118 |       0 |    0 |    177 |      0 |      0 |    0 |          0 |
|             u_reg                                                                           |                                                          hemaia_system_occamy_chip_0_rv_plic_reg_top |        584 |        584 |       0 |    0 |    505 |      0 |      0 |    0 |          0 |
|               u_prio63                                                                      |                                          hemaia_system_occamy_chip_0_prim_subreg__parameterized5_926 |         51 |         51 |       0 |    0 |      3 |      0 |      0 |    0 |          0 |
|           i_soc_axi_lite_narrow_periph_xbar                                                 |                                            hemaia_system_occamy_chip_0_axi_lite_xbar__parameterized0 |       1099 |       1099 |       0 |    0 |   2451 |      0 |      0 |    0 |          0 |
|             gen_mst_port_mux[0].i_axi_lite_mux                                              |                                             hemaia_system_occamy_chip_0_axi_lite_mux__parameterized0 |         66 |         66 |       0 |    0 |    182 |      0 |      0 |    0 |          0 |
|               gen_no_mux.i_r_spill_reg                                                      |                                      hemaia_system_occamy_chip_0_spill_register__parameterized32_579 |         30 |         30 |       0 |    0 |     68 |      0 |      0 |    0 |          0 |
|                 spill_register_flushable_i                                                  |                            hemaia_system_occamy_chip_0_spill_register_flushable__parameterized32_582 |         30 |         30 |       0 |    0 |     68 |      0 |      0 |    0 |          0 |
|               gen_no_mux.i_w_spill_reg                                                      |                                      hemaia_system_occamy_chip_0_spill_register__parameterized29_580 |         20 |         20 |       0 |    0 |     74 |      0 |      0 |    0 |          0 |
|                 spill_register_flushable_i                                                  |                            hemaia_system_occamy_chip_0_spill_register_flushable__parameterized29_581 |         20 |         20 |       0 |    0 |     74 |      0 |      0 |    0 |          0 |
|             gen_mst_port_mux[10].i_axi_lite_mux                                             |                                         hemaia_system_occamy_chip_0_axi_lite_mux__parameterized0_446 |         44 |         44 |       0 |    0 |    118 |      0 |      0 |    0 |          0 |
|               gen_no_mux.i_r_spill_reg                                                      |                                      hemaia_system_occamy_chip_0_spill_register__parameterized32_569 |         28 |         28 |       0 |    0 |     66 |      0 |      0 |    0 |          0 |
|                 spill_register_flushable_i                                                  |                            hemaia_system_occamy_chip_0_spill_register_flushable__parameterized32_572 |         28 |         28 |       0 |    0 |     66 |      0 |      0 |    0 |          0 |
|             gen_mst_port_mux[11].i_axi_lite_mux                                             |                                         hemaia_system_occamy_chip_0_axi_lite_mux__parameterized0_447 |         70 |         70 |       0 |    0 |    214 |      0 |      0 |    0 |          0 |
|               gen_no_mux.i_r_spill_reg                                                      |                                      hemaia_system_occamy_chip_0_spill_register__parameterized32_559 |         31 |         31 |       0 |    0 |     68 |      0 |      0 |    0 |          0 |
|                 spill_register_flushable_i                                                  |                            hemaia_system_occamy_chip_0_spill_register_flushable__parameterized32_562 |         31 |         31 |       0 |    0 |     68 |      0 |      0 |    0 |          0 |
|               gen_no_mux.i_w_spill_reg                                                      |                                      hemaia_system_occamy_chip_0_spill_register__parameterized29_560 |         19 |         19 |       0 |    0 |     74 |      0 |      0 |    0 |          0 |
|                 spill_register_flushable_i                                                  |                            hemaia_system_occamy_chip_0_spill_register_flushable__parameterized29_561 |         19 |         19 |       0 |    0 |     74 |      0 |      0 |    0 |          0 |
|             gen_mst_port_mux[1].i_axi_lite_mux                                              |                                         hemaia_system_occamy_chip_0_axi_lite_mux__parameterized0_448 |         26 |         26 |       0 |    0 |     54 |      0 |      0 |    0 |          0 |
|             gen_mst_port_mux[2].i_axi_lite_mux                                              |                                         hemaia_system_occamy_chip_0_axi_lite_mux__parameterized0_449 |         57 |         57 |       0 |    0 |    174 |      0 |      0 |    0 |          0 |
|               gen_no_mux.i_r_spill_reg                                                      |                                      hemaia_system_occamy_chip_0_spill_register__parameterized32_539 |         28 |         28 |       0 |    0 |     68 |      0 |      0 |    0 |          0 |
|                 spill_register_flushable_i                                                  |                            hemaia_system_occamy_chip_0_spill_register_flushable__parameterized32_542 |         28 |         28 |       0 |    0 |     68 |      0 |      0 |    0 |          0 |
|               gen_no_mux.i_w_spill_reg                                                      |                                      hemaia_system_occamy_chip_0_spill_register__parameterized29_540 |         19 |         19 |       0 |    0 |     74 |      0 |      0 |    0 |          0 |
|                 spill_register_flushable_i                                                  |                            hemaia_system_occamy_chip_0_spill_register_flushable__parameterized29_541 |         19 |         19 |       0 |    0 |     74 |      0 |      0 |    0 |          0 |
|             gen_mst_port_mux[3].i_axi_lite_mux                                              |                                         hemaia_system_occamy_chip_0_axi_lite_mux__parameterized0_450 |         67 |         67 |       0 |    0 |    178 |      0 |      0 |    0 |          0 |
|               gen_no_mux.i_r_spill_reg                                                      |                                      hemaia_system_occamy_chip_0_spill_register__parameterized32_529 |         35 |         35 |       0 |    0 |     68 |      0 |      0 |    0 |          0 |
|                 spill_register_flushable_i                                                  |                            hemaia_system_occamy_chip_0_spill_register_flushable__parameterized32_532 |         35 |         35 |       0 |    0 |     68 |      0 |      0 |    0 |          0 |
|               gen_no_mux.i_w_spill_reg                                                      |                                      hemaia_system_occamy_chip_0_spill_register__parameterized29_530 |         19 |         19 |       0 |    0 |     74 |      0 |      0 |    0 |          0 |
|                 spill_register_flushable_i                                                  |                            hemaia_system_occamy_chip_0_spill_register_flushable__parameterized29_531 |         19 |         19 |       0 |    0 |     74 |      0 |      0 |    0 |          0 |
|             gen_mst_port_mux[4].i_axi_lite_mux                                              |                                         hemaia_system_occamy_chip_0_axi_lite_mux__parameterized0_451 |         54 |         54 |       0 |    0 |    174 |      0 |      0 |    0 |          0 |
|               gen_no_mux.i_r_spill_reg                                                      |                                      hemaia_system_occamy_chip_0_spill_register__parameterized32_519 |         22 |         22 |       0 |    0 |     68 |      0 |      0 |    0 |          0 |
|                 spill_register_flushable_i                                                  |                            hemaia_system_occamy_chip_0_spill_register_flushable__parameterized32_522 |         22 |         22 |       0 |    0 |     68 |      0 |      0 |    0 |          0 |
|               gen_no_mux.i_w_spill_reg                                                      |                                      hemaia_system_occamy_chip_0_spill_register__parameterized29_520 |         20 |         20 |       0 |    0 |     74 |      0 |      0 |    0 |          0 |
|                 spill_register_flushable_i                                                  |                            hemaia_system_occamy_chip_0_spill_register_flushable__parameterized29_521 |         20 |         20 |       0 |    0 |     74 |      0 |      0 |    0 |          0 |
|             gen_mst_port_mux[5].i_axi_lite_mux                                              |                                         hemaia_system_occamy_chip_0_axi_lite_mux__parameterized0_452 |         57 |         57 |       0 |    0 |    150 |      0 |      0 |    0 |          0 |
|               gen_no_mux.i_r_spill_reg                                                      |                                      hemaia_system_occamy_chip_0_spill_register__parameterized32_509 |         30 |         30 |       0 |    0 |     66 |      0 |      0 |    0 |          0 |
|                 spill_register_flushable_i                                                  |                            hemaia_system_occamy_chip_0_spill_register_flushable__parameterized32_512 |         30 |         30 |       0 |    0 |     66 |      0 |      0 |    0 |          0 |
|               gen_no_mux.i_w_spill_reg                                                      |                                      hemaia_system_occamy_chip_0_spill_register__parameterized29_510 |         18 |         18 |       0 |    0 |     66 |      0 |      0 |    0 |          0 |
|                 spill_register_flushable_i                                                  |                            hemaia_system_occamy_chip_0_spill_register_flushable__parameterized29_511 |         18 |         18 |       0 |    0 |     66 |      0 |      0 |    0 |          0 |
|             gen_mst_port_mux[7].i_axi_lite_mux                                              |                                         hemaia_system_occamy_chip_0_axi_lite_mux__parameterized0_454 |        212 |        212 |       0 |    0 |    342 |      0 |      0 |    0 |          0 |
|               gen_no_mux.i_ar_spill_reg                                                     |                                      hemaia_system_occamy_chip_0_spill_register__parameterized27_490 |         80 |         80 |       0 |    0 |     98 |      0 |      0 |    0 |          0 |
|                 spill_register_flushable_i                                                  |                            hemaia_system_occamy_chip_0_spill_register_flushable__parameterized27_499 |         80 |         80 |       0 |    0 |     98 |      0 |      0 |    0 |          0 |
|               gen_no_mux.i_aw_spill_reg                                                     |                                      hemaia_system_occamy_chip_0_spill_register__parameterized27_491 |         48 |         48 |       0 |    0 |     98 |      0 |      0 |    0 |          0 |
|                 spill_register_flushable_i                                                  |                            hemaia_system_occamy_chip_0_spill_register_flushable__parameterized27_498 |         48 |         48 |       0 |    0 |     98 |      0 |      0 |    0 |          0 |
|               gen_no_mux.i_r_spill_reg                                                      |                                      hemaia_system_occamy_chip_0_spill_register__parameterized32_493 |         34 |         34 |       0 |    0 |     68 |      0 |      0 |    0 |          0 |
|                 spill_register_flushable_i                                                  |                            hemaia_system_occamy_chip_0_spill_register_flushable__parameterized32_496 |         34 |         34 |       0 |    0 |     68 |      0 |      0 |    0 |          0 |
|               gen_no_mux.i_w_spill_reg                                                      |                                      hemaia_system_occamy_chip_0_spill_register__parameterized29_494 |         48 |         48 |       0 |    0 |     74 |      0 |      0 |    0 |          0 |
|                 spill_register_flushable_i                                                  |                            hemaia_system_occamy_chip_0_spill_register_flushable__parameterized29_495 |         48 |         48 |       0 |    0 |     74 |      0 |      0 |    0 |          0 |
|             gen_mst_port_mux[8].i_axi_lite_mux                                              |                                         hemaia_system_occamy_chip_0_axi_lite_mux__parameterized0_455 |         61 |         61 |       0 |    0 |    174 |      0 |      0 |    0 |          0 |
|               gen_no_mux.i_r_spill_reg                                                      |                                      hemaia_system_occamy_chip_0_spill_register__parameterized32_483 |         28 |         28 |       0 |    0 |     68 |      0 |      0 |    0 |          0 |
|                 spill_register_flushable_i                                                  |                            hemaia_system_occamy_chip_0_spill_register_flushable__parameterized32_486 |         28 |         28 |       0 |    0 |     68 |      0 |      0 |    0 |          0 |
|               gen_no_mux.i_w_spill_reg                                                      |                                      hemaia_system_occamy_chip_0_spill_register__parameterized29_484 |         20 |         20 |       0 |    0 |     74 |      0 |      0 |    0 |          0 |
|                 spill_register_flushable_i                                                  |                            hemaia_system_occamy_chip_0_spill_register_flushable__parameterized29_485 |         20 |         20 |       0 |    0 |     74 |      0 |      0 |    0 |          0 |
|             gen_mst_port_mux[9].i_axi_lite_mux                                              |                                         hemaia_system_occamy_chip_0_axi_lite_mux__parameterized0_456 |         92 |         92 |       0 |    0 |    238 |      0 |      0 |    0 |          0 |
|               gen_no_mux.i_r_spill_reg                                                      |                                      hemaia_system_occamy_chip_0_spill_register__parameterized32_473 |         43 |         43 |       0 |    0 |     68 |      0 |      0 |    0 |          0 |
|                 spill_register_flushable_i                                                  |                            hemaia_system_occamy_chip_0_spill_register_flushable__parameterized32_476 |         43 |         43 |       0 |    0 |     68 |      0 |      0 |    0 |          0 |
|               gen_no_mux.i_w_spill_reg                                                      |                                      hemaia_system_occamy_chip_0_spill_register__parameterized29_474 |         20 |         20 |       0 |    0 |     74 |      0 |      0 |    0 |          0 |
|                 spill_register_flushable_i                                                  |                            hemaia_system_occamy_chip_0_spill_register_flushable__parameterized29_475 |         20 |         20 |       0 |    0 |     74 |      0 |      0 |    0 |          0 |
|             gen_slv_port_demux[0].i_axi_lite_demux                                          |                                           hemaia_system_occamy_chip_0_axi_lite_demux__parameterized0 |        277 |        277 |       0 |    0 |    432 |      0 |      0 |    0 |          0 |
|               gen_demux.i_w_spill_reg                                                       |                                      hemaia_system_occamy_chip_0_spill_register__parameterized29_461 |         21 |         21 |       0 |    0 |     74 |      0 |      0 |    0 |          0 |
|                 spill_register_flushable_i                                                  |                            hemaia_system_occamy_chip_0_spill_register_flushable__parameterized29_462 |         21 |         21 |       0 |    0 |     74 |      0 |      0 |    0 |          0 |
|               gen_demux.i_ar_spill_reg                                                      |                                          hemaia_system_occamy_chip_0_spill_register__parameterized31 |         44 |         44 |       0 |    0 |    106 |      0 |      0 |    0 |          0 |
|                 spill_register_flushable_i                                                  |                                hemaia_system_occamy_chip_0_spill_register_flushable__parameterized31 |         44 |         44 |       0 |    0 |    106 |      0 |      0 |    0 |          0 |
|               gen_demux.i_aw_spill_reg                                                      |                                          hemaia_system_occamy_chip_0_spill_register__parameterized28 |         54 |         54 |       0 |    0 |    106 |      0 |      0 |    0 |          0 |
|                 spill_register_flushable_i                                                  |                                hemaia_system_occamy_chip_0_spill_register_flushable__parameterized28 |         54 |         54 |       0 |    0 |    106 |      0 |      0 |    0 |          0 |
|               gen_demux.i_r_fifo                                                            |                                             hemaia_system_occamy_chip_0_fifo_v3__parameterized29_458 |         58 |         58 |       0 |    0 |     23 |      0 |      0 |    0 |          0 |
|               gen_demux.i_r_spill_reg                                                       |                                      hemaia_system_occamy_chip_0_spill_register__parameterized32_459 |         18 |         18 |       0 |    0 |     70 |      0 |      0 |    0 |          0 |
|                 spill_register_flushable_i                                                  |                            hemaia_system_occamy_chip_0_spill_register_flushable__parameterized32_463 |         18 |         18 |       0 |    0 |     70 |      0 |      0 |    0 |          0 |
|           i_soc_axi_lite_narrow_periph_xbar_out_bootrom_cut                                 |                                            hemaia_system_occamy_chip_0_axi_multicut__parameterized21 |        125 |        125 |       0 |    0 |    354 |      0 |      0 |    0 |          0 |
|             gen_axi_cut.gen_axi_cuts[0].i_cut                                               |                                             hemaia_system_occamy_chip_0_axi_cut__parameterized10_413 |         43 |         43 |       0 |    0 |    118 |      0 |      0 |    0 |          0 |
|               i_reg_r                                                                       |                                      hemaia_system_occamy_chip_0_spill_register__parameterized32_439 |         18 |         18 |       0 |    0 |     66 |      0 |      0 |    0 |          0 |
|                 spill_register_flushable_i                                                  |                            hemaia_system_occamy_chip_0_spill_register_flushable__parameterized32_442 |         18 |         18 |       0 |    0 |     66 |      0 |      0 |    0 |          0 |
|             gen_axi_cut.gen_axi_cuts[1].i_cut                                               |                                             hemaia_system_occamy_chip_0_axi_cut__parameterized10_414 |         41 |         41 |       0 |    0 |    118 |      0 |      0 |    0 |          0 |
|               i_reg_r                                                                       |                                      hemaia_system_occamy_chip_0_spill_register__parameterized32_429 |         19 |         19 |       0 |    0 |     66 |      0 |      0 |    0 |          0 |
|                 spill_register_flushable_i                                                  |                            hemaia_system_occamy_chip_0_spill_register_flushable__parameterized32_432 |         19 |         19 |       0 |    0 |     66 |      0 |      0 |    0 |          0 |
|             gen_axi_cut.gen_axi_cuts[2].i_cut                                               |                                             hemaia_system_occamy_chip_0_axi_cut__parameterized10_415 |         41 |         41 |       0 |    0 |    118 |      0 |      0 |    0 |          0 |
|               i_reg_r                                                                       |                                      hemaia_system_occamy_chip_0_spill_register__parameterized32_419 |         19 |         19 |       0 |    0 |     66 |      0 |      0 |    0 |          0 |
|                 spill_register_flushable_i                                                  |                            hemaia_system_occamy_chip_0_spill_register_flushable__parameterized32_422 |         19 |         19 |       0 |    0 |     66 |      0 |      0 |    0 |          0 |
|           i_soc_axi_lite_narrow_periph_xbar_out_clint_cut                                   |                                            hemaia_system_occamy_chip_0_axi_multicut__parameterized20 |         68 |         68 |       0 |    0 |    214 |      0 |      0 |    0 |          0 |
|             gen_axi_cut.gen_axi_cuts[0].i_cut                                               |                                             hemaia_system_occamy_chip_0_axi_cut__parameterized10_402 |         68 |         68 |       0 |    0 |    214 |      0 |      0 |    0 |          0 |
|               i_reg_r                                                                       |                                      hemaia_system_occamy_chip_0_spill_register__parameterized32_406 |         20 |         20 |       0 |    0 |     68 |      0 |      0 |    0 |          0 |
|                 spill_register_flushable_i                                                  |                            hemaia_system_occamy_chip_0_spill_register_flushable__parameterized32_409 |         20 |         20 |       0 |    0 |     68 |      0 |      0 |    0 |          0 |
|               i_reg_w                                                                       |                                      hemaia_system_occamy_chip_0_spill_register__parameterized29_407 |         20 |         20 |       0 |    0 |     74 |      0 |      0 |    0 |          0 |
|                 spill_register_flushable_i                                                  |                            hemaia_system_occamy_chip_0_spill_register_flushable__parameterized29_408 |         20 |         20 |       0 |    0 |     74 |      0 |      0 |    0 |          0 |
|           i_soc_axi_lite_narrow_periph_xbar_out_gpio_cut                                    |                                          hemaia_system_occamy_chip_0_axi_multicut__parameterized20_9 |         57 |         57 |       0 |    0 |    174 |      0 |      0 |    0 |          0 |
|             gen_axi_cut.gen_axi_cuts[0].i_cut                                               |                                             hemaia_system_occamy_chip_0_axi_cut__parameterized10_391 |         57 |         57 |       0 |    0 |    174 |      0 |      0 |    0 |          0 |
|               i_reg_r                                                                       |                                      hemaia_system_occamy_chip_0_spill_register__parameterized32_395 |         20 |         20 |       0 |    0 |     68 |      0 |      0 |    0 |          0 |
|                 spill_register_flushable_i                                                  |                            hemaia_system_occamy_chip_0_spill_register_flushable__parameterized32_398 |         20 |         20 |       0 |    0 |     68 |      0 |      0 |    0 |          0 |
|               i_reg_w                                                                       |                                      hemaia_system_occamy_chip_0_spill_register__parameterized29_396 |         21 |         21 |       0 |    0 |     74 |      0 |      0 |    0 |          0 |
|                 spill_register_flushable_i                                                  |                            hemaia_system_occamy_chip_0_spill_register_flushable__parameterized29_397 |         21 |         21 |       0 |    0 |     74 |      0 |      0 |    0 |          0 |
|           i_soc_axi_lite_narrow_periph_xbar_out_hemaia_clk_rst_controller_cut               |                                         hemaia_system_occamy_chip_0_axi_multicut__parameterized21_10 |        170 |        170 |       0 |    0 |    522 |      0 |      0 |    0 |          0 |
|             gen_axi_cut.gen_axi_cuts[0].i_cut                                               |                                             hemaia_system_occamy_chip_0_axi_cut__parameterized10_358 |         58 |         58 |       0 |    0 |    174 |      0 |      0 |    0 |          0 |
|               i_reg_r                                                                       |                                      hemaia_system_occamy_chip_0_spill_register__parameterized32_384 |         19 |         19 |       0 |    0 |     68 |      0 |      0 |    0 |          0 |
|                 spill_register_flushable_i                                                  |                            hemaia_system_occamy_chip_0_spill_register_flushable__parameterized32_387 |         19 |         19 |       0 |    0 |     68 |      0 |      0 |    0 |          0 |
|               i_reg_w                                                                       |                                      hemaia_system_occamy_chip_0_spill_register__parameterized29_385 |         22 |         22 |       0 |    0 |     74 |      0 |      0 |    0 |          0 |
|                 spill_register_flushable_i                                                  |                            hemaia_system_occamy_chip_0_spill_register_flushable__parameterized29_386 |         22 |         22 |       0 |    0 |     74 |      0 |      0 |    0 |          0 |
|             gen_axi_cut.gen_axi_cuts[1].i_cut                                               |                                             hemaia_system_occamy_chip_0_axi_cut__parameterized10_359 |         55 |         55 |       0 |    0 |    174 |      0 |      0 |    0 |          0 |
|               i_reg_r                                                                       |                                      hemaia_system_occamy_chip_0_spill_register__parameterized32_374 |         20 |         20 |       0 |    0 |     68 |      0 |      0 |    0 |          0 |
|                 spill_register_flushable_i                                                  |                            hemaia_system_occamy_chip_0_spill_register_flushable__parameterized32_377 |         20 |         20 |       0 |    0 |     68 |      0 |      0 |    0 |          0 |
|               i_reg_w                                                                       |                                      hemaia_system_occamy_chip_0_spill_register__parameterized29_375 |         21 |         21 |       0 |    0 |     74 |      0 |      0 |    0 |          0 |
|                 spill_register_flushable_i                                                  |                            hemaia_system_occamy_chip_0_spill_register_flushable__parameterized29_376 |         21 |         21 |       0 |    0 |     74 |      0 |      0 |    0 |          0 |
|             gen_axi_cut.gen_axi_cuts[2].i_cut                                               |                                             hemaia_system_occamy_chip_0_axi_cut__parameterized10_360 |         58 |         58 |       0 |    0 |    174 |      0 |      0 |    0 |          0 |
|               i_reg_r                                                                       |                                      hemaia_system_occamy_chip_0_spill_register__parameterized32_364 |         20 |         20 |       0 |    0 |     68 |      0 |      0 |    0 |          0 |
|                 spill_register_flushable_i                                                  |                            hemaia_system_occamy_chip_0_spill_register_flushable__parameterized32_367 |         20 |         20 |       0 |    0 |     68 |      0 |      0 |    0 |          0 |
|               i_reg_w                                                                       |                                      hemaia_system_occamy_chip_0_spill_register__parameterized29_365 |         21 |         21 |       0 |    0 |     74 |      0 |      0 |    0 |          0 |
|                 spill_register_flushable_i                                                  |                            hemaia_system_occamy_chip_0_spill_register_flushable__parameterized29_366 |         21 |         21 |       0 |    0 |     74 |      0 |      0 |    0 |          0 |
|           i_soc_axi_lite_narrow_periph_xbar_out_i2c_cut                                     |                                         hemaia_system_occamy_chip_0_axi_multicut__parameterized20_11 |         59 |         59 |       0 |    0 |    178 |      0 |      0 |    0 |          0 |
|             gen_axi_cut.gen_axi_cuts[0].i_cut                                               |                                             hemaia_system_occamy_chip_0_axi_cut__parameterized10_347 |         59 |         59 |       0 |    0 |    178 |      0 |      0 |    0 |          0 |
|               i_reg_r                                                                       |                                      hemaia_system_occamy_chip_0_spill_register__parameterized32_351 |         20 |         20 |       0 |    0 |     68 |      0 |      0 |    0 |          0 |
|                 spill_register_flushable_i                                                  |                            hemaia_system_occamy_chip_0_spill_register_flushable__parameterized32_354 |         20 |         20 |       0 |    0 |     68 |      0 |      0 |    0 |          0 |
|               i_reg_w                                                                       |                                      hemaia_system_occamy_chip_0_spill_register__parameterized29_352 |         21 |         21 |       0 |    0 |     74 |      0 |      0 |    0 |          0 |
|                 spill_register_flushable_i                                                  |                            hemaia_system_occamy_chip_0_spill_register_flushable__parameterized29_353 |         21 |         21 |       0 |    0 |     74 |      0 |      0 |    0 |          0 |
|           i_soc_axi_lite_narrow_periph_xbar_out_plic_cut                                    |                                         hemaia_system_occamy_chip_0_axi_multicut__parameterized20_12 |         68 |         68 |       0 |    0 |    238 |      0 |      0 |    0 |          0 |
|             gen_axi_cut.gen_axi_cuts[0].i_cut                                               |                                             hemaia_system_occamy_chip_0_axi_cut__parameterized10_336 |         68 |         68 |       0 |    0 |    238 |      0 |      0 |    0 |          0 |
|               i_reg_r                                                                       |                                      hemaia_system_occamy_chip_0_spill_register__parameterized32_340 |         18 |         18 |       0 |    0 |     68 |      0 |      0 |    0 |          0 |
|                 spill_register_flushable_i                                                  |                            hemaia_system_occamy_chip_0_spill_register_flushable__parameterized32_343 |         18 |         18 |       0 |    0 |     68 |      0 |      0 |    0 |          0 |
|               i_reg_w                                                                       |                                      hemaia_system_occamy_chip_0_spill_register__parameterized29_341 |         21 |         21 |       0 |    0 |     74 |      0 |      0 |    0 |          0 |
|                 spill_register_flushable_i                                                  |                            hemaia_system_occamy_chip_0_spill_register_flushable__parameterized29_342 |         21 |         21 |       0 |    0 |     74 |      0 |      0 |    0 |          0 |
|           i_soc_axi_lite_narrow_periph_xbar_out_soc_ctrl_cut                                |                                         hemaia_system_occamy_chip_0_axi_multicut__parameterized20_13 |         61 |         61 |       0 |    0 |    182 |      0 |      0 |    0 |          0 |
|             gen_axi_cut.gen_axi_cuts[0].i_cut                                               |                                             hemaia_system_occamy_chip_0_axi_cut__parameterized10_325 |         61 |         61 |       0 |    0 |    182 |      0 |      0 |    0 |          0 |
|               i_reg_r                                                                       |                                      hemaia_system_occamy_chip_0_spill_register__parameterized32_329 |         20 |         20 |       0 |    0 |     68 |      0 |      0 |    0 |          0 |
|                 spill_register_flushable_i                                                  |                            hemaia_system_occamy_chip_0_spill_register_flushable__parameterized32_332 |         20 |         20 |       0 |    0 |     68 |      0 |      0 |    0 |          0 |
|               i_reg_w                                                                       |                                      hemaia_system_occamy_chip_0_spill_register__parameterized29_330 |         22 |         22 |       0 |    0 |     74 |      0 |      0 |    0 |          0 |
|                 spill_register_flushable_i                                                  |                            hemaia_system_occamy_chip_0_spill_register_flushable__parameterized29_331 |         22 |         22 |       0 |    0 |     74 |      0 |      0 |    0 |          0 |
|           i_soc_axi_lite_narrow_periph_xbar_out_spim_cut                                    |                                         hemaia_system_occamy_chip_0_axi_multicut__parameterized20_14 |         58 |         58 |       0 |    0 |    174 |      0 |      0 |    0 |          0 |
|             gen_axi_cut.gen_axi_cuts[0].i_cut                                               |                                             hemaia_system_occamy_chip_0_axi_cut__parameterized10_314 |         58 |         58 |       0 |    0 |    174 |      0 |      0 |    0 |          0 |
|               i_reg_r                                                                       |                                      hemaia_system_occamy_chip_0_spill_register__parameterized32_318 |         20 |         20 |       0 |    0 |     68 |      0 |      0 |    0 |          0 |
|                 spill_register_flushable_i                                                  |                            hemaia_system_occamy_chip_0_spill_register_flushable__parameterized32_321 |         20 |         20 |       0 |    0 |     68 |      0 |      0 |    0 |          0 |
|               i_reg_w                                                                       |                                      hemaia_system_occamy_chip_0_spill_register__parameterized29_319 |         22 |         22 |       0 |    0 |     74 |      0 |      0 |    0 |          0 |
|                 spill_register_flushable_i                                                  |                            hemaia_system_occamy_chip_0_spill_register_flushable__parameterized29_320 |         22 |         22 |       0 |    0 |     74 |      0 |      0 |    0 |          0 |
|           i_soc_axi_lite_narrow_periph_xbar_out_timer_cut                                   |                                         hemaia_system_occamy_chip_0_axi_multicut__parameterized20_15 |         50 |         50 |       0 |    0 |    150 |      0 |      0 |    0 |          0 |
|             gen_axi_cut.gen_axi_cuts[0].i_cut                                               |                                             hemaia_system_occamy_chip_0_axi_cut__parameterized10_303 |         50 |         50 |       0 |    0 |    150 |      0 |      0 |    0 |          0 |
|               i_reg_r                                                                       |                                      hemaia_system_occamy_chip_0_spill_register__parameterized32_307 |         19 |         19 |       0 |    0 |     66 |      0 |      0 |    0 |          0 |
|                 spill_register_flushable_i                                                  |                            hemaia_system_occamy_chip_0_spill_register_flushable__parameterized32_310 |         19 |         19 |       0 |    0 |     66 |      0 |      0 |    0 |          0 |
|               i_reg_w                                                                       |                                      hemaia_system_occamy_chip_0_spill_register__parameterized29_308 |         18 |         18 |       0 |    0 |     66 |      0 |      0 |    0 |          0 |
|                 spill_register_flushable_i                                                  |                            hemaia_system_occamy_chip_0_spill_register_flushable__parameterized29_309 |         18 |         18 |       0 |    0 |     66 |      0 |      0 |    0 |          0 |
|           i_soc_axi_lite_narrow_periph_xbar_out_uart_cut                                    |                                         hemaia_system_occamy_chip_0_axi_multicut__parameterized20_16 |         28 |         28 |       0 |    0 |     54 |      0 |      0 |    0 |          0 |
|             gen_axi_cut.gen_axi_cuts[0].i_cut                                               |                                                 hemaia_system_occamy_chip_0_axi_cut__parameterized10 |         28 |         28 |       0 |    0 |     54 |      0 |      0 |    0 |          0 |
|           i_soc_axi_lite_periph_xbar                                                        |                                                            hemaia_system_occamy_chip_0_axi_lite_xbar |       1754 |       1754 |       0 |    0 |   2564 |      0 |      0 |    0 |          0 |
|             gen_mst_port_mux[0].i_axi_lite_mux                                              |                                                             hemaia_system_occamy_chip_0_axi_lite_mux |        178 |        178 |       0 |    0 |    537 |      0 |      0 |    0 |          0 |
|               gen_mux.i_w_spill_reg                                                         |                                      hemaia_system_occamy_chip_0_spill_register__parameterized23_291 |         40 |         40 |       0 |    0 |    146 |      0 |      0 |    0 |          0 |
|                 spill_register_flushable_i                                                  |                            hemaia_system_occamy_chip_0_spill_register_flushable__parameterized23_292 |         40 |         40 |       0 |    0 |    146 |      0 |      0 |    0 |          0 |
|               gen_mux.i_ar_spill_reg                                                        |                                      hemaia_system_occamy_chip_0_spill_register__parameterized27_283 |         28 |         28 |       0 |    0 |     98 |      0 |      0 |    0 |          0 |
|                 spill_register_flushable_i                                                  |                            hemaia_system_occamy_chip_0_spill_register_flushable__parameterized27_296 |         28 |         28 |       0 |    0 |     98 |      0 |      0 |    0 |          0 |
|               gen_mux.i_aw_spill_reg                                                        |                                      hemaia_system_occamy_chip_0_spill_register__parameterized27_285 |         29 |         29 |       0 |    0 |     98 |      0 |      0 |    0 |          0 |
|                 spill_register_flushable_i                                                  |                            hemaia_system_occamy_chip_0_spill_register_flushable__parameterized27_295 |         29 |         29 |       0 |    0 |     98 |      0 |      0 |    0 |          0 |
|               gen_mux.i_r_spill_reg                                                         |                                      hemaia_system_occamy_chip_0_spill_register__parameterized26_289 |         38 |         38 |       0 |    0 |    134 |      0 |      0 |    0 |          0 |
|                 spill_register_flushable_i                                                  |                            hemaia_system_occamy_chip_0_spill_register_flushable__parameterized26_293 |         38 |         38 |       0 |    0 |    134 |      0 |      0 |    0 |          0 |
|             gen_mst_port_mux[1].i_axi_lite_mux                                              |                                                         hemaia_system_occamy_chip_0_axi_lite_mux_224 |        140 |        140 |       0 |    0 |    385 |      0 |      0 |    0 |          0 |
|               gen_mux.i_w_spill_reg                                                         |                                      hemaia_system_occamy_chip_0_spill_register__parameterized23_276 |         40 |         40 |       0 |    0 |    146 |      0 |      0 |    0 |          0 |
|                 spill_register_flushable_i                                                  |                            hemaia_system_occamy_chip_0_spill_register_flushable__parameterized23_277 |         40 |         40 |       0 |    0 |    146 |      0 |      0 |    0 |          0 |
|               gen_mux.i_r_spill_reg                                                         |                                      hemaia_system_occamy_chip_0_spill_register__parameterized26_274 |         35 |         35 |       0 |    0 |    130 |      0 |      0 |    0 |          0 |
|                 spill_register_flushable_i                                                  |                            hemaia_system_occamy_chip_0_spill_register_flushable__parameterized26_278 |         35 |         35 |       0 |    0 |    130 |      0 |      0 |    0 |          0 |
|             gen_mst_port_mux[2].i_axi_lite_mux                                              |                                                         hemaia_system_occamy_chip_0_axi_lite_mux_225 |        411 |        411 |       0 |    0 |    533 |      0 |      0 |    0 |          0 |
|               gen_mux.i_w_spill_reg                                                         |                                      hemaia_system_occamy_chip_0_spill_register__parameterized23_262 |        142 |        142 |       0 |    0 |    146 |      0 |      0 |    0 |          0 |
|                 spill_register_flushable_i                                                  |                            hemaia_system_occamy_chip_0_spill_register_flushable__parameterized23_263 |        142 |        142 |       0 |    0 |    146 |      0 |      0 |    0 |          0 |
|               gen_mux.i_ar_spill_reg                                                        |                                          hemaia_system_occamy_chip_0_spill_register__parameterized27 |        143 |        143 |       0 |    0 |     98 |      0 |      0 |    0 |          0 |
|                 spill_register_flushable_i                                                  |                            hemaia_system_occamy_chip_0_spill_register_flushable__parameterized27_266 |        143 |        143 |       0 |    0 |     98 |      0 |      0 |    0 |          0 |
|               gen_mux.i_aw_spill_reg                                                        |                                      hemaia_system_occamy_chip_0_spill_register__parameterized27_256 |         46 |         46 |       0 |    0 |     98 |      0 |      0 |    0 |          0 |
|                 spill_register_flushable_i                                                  |                                hemaia_system_occamy_chip_0_spill_register_flushable__parameterized27 |         46 |         46 |       0 |    0 |     98 |      0 |      0 |    0 |          0 |
|               gen_mux.i_r_spill_reg                                                         |                                      hemaia_system_occamy_chip_0_spill_register__parameterized26_260 |         39 |         39 |       0 |    0 |    132 |      0 |      0 |    0 |          0 |
|                 spill_register_flushable_i                                                  |                            hemaia_system_occamy_chip_0_spill_register_flushable__parameterized26_264 |         39 |         39 |       0 |    0 |    132 |      0 |      0 |    0 |          0 |
|             gen_slv_port_demux[0].i_axi_lite_demux                                          |                                                           hemaia_system_occamy_chip_0_axi_lite_demux |        454 |        454 |       0 |    0 |    536 |      0 |      0 |    0 |          0 |
|               gen_demux.i_w_spill_reg                                                       |                                      hemaia_system_occamy_chip_0_spill_register__parameterized23_244 |         44 |         44 |       0 |    0 |    146 |      0 |      0 |    0 |          0 |
|                 spill_register_flushable_i                                                  |                            hemaia_system_occamy_chip_0_spill_register_flushable__parameterized23_245 |         44 |         44 |       0 |    0 |    146 |      0 |      0 |    0 |          0 |
|               gen_demux.i_ar_spill_reg                                                      |                                      hemaia_system_occamy_chip_0_spill_register__parameterized25_237 |        124 |        124 |       0 |    0 |    102 |      0 |      0 |    0 |          0 |
|                 spill_register_flushable_i                                                  |                            hemaia_system_occamy_chip_0_spill_register_flushable__parameterized25_249 |        124 |        124 |       0 |    0 |    102 |      0 |      0 |    0 |          0 |
|               gen_demux.i_aw_spill_reg                                                      |                                      hemaia_system_occamy_chip_0_spill_register__parameterized22_238 |        125 |        125 |       0 |    0 |    102 |      0 |      0 |    0 |          0 |
|                 spill_register_flushable_i                                                  |                            hemaia_system_occamy_chip_0_spill_register_flushable__parameterized22_248 |        125 |        125 |       0 |    0 |    102 |      0 |      0 |    0 |          0 |
|               gen_demux.i_r_fifo                                                            |                                             hemaia_system_occamy_chip_0_fifo_v3__parameterized25_241 |         78 |         78 |       0 |    0 |     15 |      0 |      0 |    0 |          0 |
|               gen_demux.i_r_spill_reg                                                       |                                      hemaia_system_occamy_chip_0_spill_register__parameterized26_242 |         50 |         50 |       0 |    0 |    134 |      0 |      0 |    0 |          0 |
|                 spill_register_flushable_i                                                  |                            hemaia_system_occamy_chip_0_spill_register_flushable__parameterized26_246 |         50 |         50 |       0 |    0 |    134 |      0 |      0 |    0 |          0 |
|             gen_slv_port_demux[1].i_axi_lite_demux                                          |                                                       hemaia_system_occamy_chip_0_axi_lite_demux_227 |        532 |        532 |       0 |    0 |    533 |      0 |      0 |    0 |          0 |
|               gen_demux.i_w_spill_reg                                                       |                                          hemaia_system_occamy_chip_0_spill_register__parameterized23 |        223 |        223 |       0 |    0 |    147 |      0 |      0 |    0 |          0 |
|                 spill_register_flushable_i                                                  |                                hemaia_system_occamy_chip_0_spill_register_flushable__parameterized23 |        223 |        223 |       0 |    0 |    147 |      0 |      0 |    0 |          0 |
|               gen_demux.i_ar_spill_reg                                                      |                                          hemaia_system_occamy_chip_0_spill_register__parameterized25 |         34 |         34 |       0 |    0 |    102 |      0 |      0 |    0 |          0 |
|                 spill_register_flushable_i                                                  |                                hemaia_system_occamy_chip_0_spill_register_flushable__parameterized25 |         34 |         34 |       0 |    0 |    102 |      0 |      0 |    0 |          0 |
|               gen_demux.i_aw_spill_reg                                                      |                                          hemaia_system_occamy_chip_0_spill_register__parameterized22 |         42 |         42 |       0 |    0 |    102 |      0 |      0 |    0 |          0 |
|                 spill_register_flushable_i                                                  |                                hemaia_system_occamy_chip_0_spill_register_flushable__parameterized22 |         42 |         42 |       0 |    0 |    102 |      0 |      0 |    0 |          0 |
|               gen_demux.i_r_fifo                                                            |                                             hemaia_system_occamy_chip_0_fifo_v3__parameterized25_232 |         78 |         78 |       0 |    0 |     15 |      0 |      0 |    0 |          0 |
|               gen_demux.i_r_spill_reg                                                       |                                      hemaia_system_occamy_chip_0_spill_register__parameterized26_233 |        115 |        115 |       0 |    0 |    132 |      0 |      0 |    0 |          0 |
|                 spill_register_flushable_i                                                  |                            hemaia_system_occamy_chip_0_spill_register_flushable__parameterized26_235 |        115 |        115 |       0 |    0 |    132 |      0 |      0 |    0 |          0 |
|           i_soc_ctrl                                                                        |                                                          hemaia_system_occamy_chip_0_occamy_soc_ctrl |        145 |        145 |       0 |    0 |    550 |      0 |      0 |    0 |          0 |
|             i_soc_ctrl                                                                      |                                                       hemaia_system_occamy_chip_0_occamy_soc_reg_top |        106 |        106 |       0 |    0 |    516 |      0 |      0 |    0 |          0 |
|           i_spi_host                                                                        |                                                                 hemaia_system_occamy_chip_0_spi_host |        640 |        558 |      82 |    0 |    847 |      0 |      0 |    0 |          0 |
|             u_spi_core                                                                      |                                                            hemaia_system_occamy_chip_0_spi_host_core |        183 |        183 |       0 |    0 |    189 |      0 |      0 |    0 |          0 |
|               u_fsm                                                                         |                                                             hemaia_system_occamy_chip_0_spi_host_fsm |        100 |        100 |       0 |    0 |     88 |      0 |      0 |    0 |          0 |
|             u_data_cdc                                                                      |                                                        hemaia_system_occamy_chip_0_spi_host_data_cdc |        341 |        259 |      82 |    0 |    419 |      0 |      0 |    0 |          0 |
|               (u_rx_async_fifo)                                                             |                                          hemaia_system_occamy_chip_0_prim_fifo_async__parameterized0 |         61 |         21 |      40 |    0 |     33 |      0 |      0 |    0 |          0 |
|               (u_tx_async_fifo)                                                             |                                                          hemaia_system_occamy_chip_0_prim_fifo_async |         95 |         53 |      42 |    0 |     33 |      0 |      0 |    0 |          0 |
|               gen_tx_async_plus_sync.u_tx_sync_fifo                                         |                                                           hemaia_system_occamy_chip_0_prim_fifo_sync |        144 |        144 |       0 |    0 |    297 |      0 |      0 |    0 |          0 |
|             u_reg                                                                           |                                                         hemaia_system_occamy_chip_0_spi_host_reg_top |         94 |         94 |       0 |    0 |    167 |      0 |      0 |    0 |          0 |
|               u_csid                                                                        |                                              hemaia_system_occamy_chip_0_prim_subreg__parameterized1 |         57 |         57 |       0 |    0 |     32 |      0 |      0 |    0 |          0 |
|         i_quad_axi_lite_narrow_mux                                                          |                                           hemaia_system_occamy_chip_0_i_quad_axi_lite_narrow_mux_mod |        836 |        836 |       0 |    0 |      0 |      0 |      0 |    0 |          0 |
|         i_quad_ctrl_quad_to_soc_xbar                                                        |                                         hemaia_system_occamy_chip_0_i_quad_ctrl_quad_to_soc_xbar_mod |       1168 |       1168 |       0 |    0 |      0 |      0 |      0 |    0 |          0 |
|         i_soc_axi_lite_narrow_periph_xbar                                                   |                                    hemaia_system_occamy_chip_0_i_soc_axi_lite_narrow_periph_xbar_mod |        969 |        969 |       0 |    0 |      0 |      0 |      0 |    0 |          0 |
|     axis_vio_0                                                                              |                                                                           hemaia_system_axis_vio_0_0 |        564 |        564 |       0 |    0 |   1094 |      0 |      0 |    0 |          0 |
|       inst                                                                                  |                                                      hemaia_system_axis_vio_0_0_axis_vio_v1_0_15_vio |        564 |        564 |       0 |    0 |   1094 |      0 |      0 |    0 |          0 |
|         (inst)                                                                              |                                                      hemaia_system_axis_vio_0_0_axis_vio_v1_0_15_vio |        115 |        115 |       0 |    0 |    228 |      0 |      0 |    0 |          0 |
|         probe_out_all_inst                                                                  |                                            hemaia_system_axis_vio_0_0_axis_vio_v1_0_15_probe_out_all |        148 |        148 |       0 |    0 |    236 |      0 |      0 |    0 |          0 |
|           (probe_out_all_inst)                                                              |                                            hemaia_system_axis_vio_0_0_axis_vio_v1_0_15_probe_out_all |        114 |        114 |       0 |    0 |     10 |      0 |      0 |    0 |          0 |
|           G_PROBE_OUT[0].probe_out_one_inst                                                 |                             hemaia_system_axis_vio_0_0_axis_vio_v1_0_15_reg_array__parameterized0__1 |          2 |          2 |       0 |    0 |     65 |      0 |      0 |    0 |          0 |
|           G_PROBE_OUT[1].probe_out_one_inst                                                 |                             hemaia_system_axis_vio_0_0_axis_vio_v1_0_15_reg_array__parameterized0__2 |          2 |          2 |       0 |    0 |     65 |      0 |      0 |    0 |          0 |
|           G_PROBE_OUT[2].probe_out_one_inst                                                 |                                hemaia_system_axis_vio_0_0_axis_vio_v1_0_15_reg_array__parameterized0 |          2 |          2 |       0 |    0 |     65 |      0 |      0 |    0 |          0 |
|         u_core_ctrl_reg                                                                     |                                hemaia_system_axis_vio_0_0_axis_vio_v1_0_15_reg_array__parameterized2 |          2 |          2 |       0 |    0 |     65 |      0 |      0 |    0 |          0 |
|         u_core_info_reg                                                                     |                             hemaia_system_axis_vio_0_0_axis_vio_v1_0_15_reg_array__parameterized1__1 |        146 |        146 |       0 |    0 |    240 |      0 |      0 |    0 |          0 |
|         u_core_probe_in_width_reg                                                           |                                                hemaia_system_axis_vio_0_0_axis_vio_v1_0_15_reg_array |          1 |          1 |       0 |    0 |     65 |      0 |      0 |    0 |          0 |
|         u_core_probe_no                                                                     |                                hemaia_system_axis_vio_0_0_axis_vio_v1_0_15_reg_array__parameterized1 |        144 |        144 |       0 |    0 |    240 |      0 |      0 |    0 |          0 |
|   u_ila_0                                                                                   |                                                                                    u_ila_0_u_ila_0_0 |       2849 |       2371 |     112 |  366 |   3047 |      2 |      0 |    0 |          0 |
|     inst                                                                                    |                                                                            u_ila_0_u_ila_0_0_bd_3768 |       2849 |       2371 |     112 |  366 |   3047 |      2 |      0 |    0 |          0 |
|       axis_mem                                                                              |                                                                 u_ila_0_u_ila_0_0_bd_3768_axis_mem_0 |         46 |         44 |       0 |    2 |    127 |      2 |      0 |    0 |          0 |
|         inst                                                                                |                                                           u_ila_0_u_ila_0_0_axis_mem_v1_0_3_axis_mem |         46 |         44 |       0 |    2 |    127 |      2 |      0 |    0 |          0 |
|           (inst)                                                                            |                                                           u_ila_0_u_ila_0_0_axis_mem_v1_0_3_axis_mem |          1 |          1 |       0 |    0 |     50 |      0 |      0 |    0 |          0 |
|       axis_cap_ctrl                                                                         |                                                            u_ila_0_u_ila_0_0_bd_3768_axis_cap_ctrl_0 |        135 |        135 |       0 |    0 |     84 |      0 |      0 |    0 |          0 |
|         inst                                                                                |                                                 u_ila_0_u_ila_0_0_axis_cap_ctrl_v1_0_1_axis_cap_ctrl |        135 |        135 |       0 |    0 |     84 |      0 |      0 |    0 |          0 |
|           (inst)                                                                            |                                                 u_ila_0_u_ila_0_0_axis_cap_ctrl_v1_0_1_axis_cap_ctrl |         70 |         70 |       0 |    0 |     49 |      0 |      0 |    0 |          0 |
|       axis_ila_adv_trig                                                                     |                                                        u_ila_0_u_ila_0_0_bd_3768_axis_ila_adv_trig_0 |        263 |        151 |     112 |    0 |    226 |      0 |      0 |    0 |          0 |
|         inst                                                                                |                                               u_ila_0_u_ila_0_0_axis_ila_adv_trig_v1_0_1_adv_trigger |        263 |        151 |     112 |    0 |    226 |      0 |      0 |    0 |          0 |
|           u_count                                                                           |                                               u_ila_0_u_ila_0_0_axis_ila_adv_trig_v1_0_1_ila_counter |         82 |         82 |       0 |    0 |    140 |      0 |      0 |    0 |          0 |
|           u_adv_trig                                                                        |                                     u_ila_0_u_ila_0_0_axis_ila_adv_trig_v1_0_1_adv_trigger_sequencer |        176 |         64 |     112 |    0 |     59 |      0 |      0 |    0 |          0 |
|       axis_ila_intf                                                                         |                                                            u_ila_0_u_ila_0_0_bd_3768_axis_ila_intf_0 |       1039 |       1039 |       0 |    0 |   1506 |      0 |      0 |    0 |          0 |
|         inst                                                                                |                                                 u_ila_0_u_ila_0_0_axis_ila_intf_v1_0_2_axis_ila_intf |       1039 |       1039 |       0 |    0 |   1506 |      0 |      0 |    0 |          0 |
|           (inst)                                                                            |                                                 u_ila_0_u_ila_0_0_axis_ila_intf_v1_0_2_axis_ila_intf |        330 |        330 |       0 |    0 |    985 |      0 |      0 |    0 |          0 |
|           u_core_reg                                                                        |                                                     u_ila_0_u_ila_0_0_axis_ila_intf_v1_0_2_reg_array |        695 |        695 |       0 |    0 |    501 |      0 |      0 |    0 |          0 |
|             (u_core_reg)                                                                    |                                                     u_ila_0_u_ila_0_0_axis_ila_intf_v1_0_2_reg_array |        692 |        692 |       0 |    0 |    417 |      0 |      0 |    0 |          0 |
|             u_done_sync                                                                     |                                                 u_ila_0_u_ila_0_0_axis_ila_intf_v1_0_2_axis_dbg_sync |          3 |          3 |       0 |    0 |     84 |      0 |      0 |    0 |          0 |
|               genblk1_0.xpm_cdc_handshake_inst                                              |                                                                  u_ila_0_u_ila_0_0_xpm_cdc_handshake |          2 |          2 |       0 |    0 |     84 |      0 |      0 |    0 |          0 |
|                 (genblk1_0.xpm_cdc_handshake_inst)                                          |                                                                  u_ila_0_u_ila_0_0_xpm_cdc_handshake |          2 |          2 |       0 |    0 |     80 |      0 |      0 |    0 |          0 |
|       axis_itct                                                                             |                                                                u_ila_0_u_ila_0_0_bd_3768_axis_itct_0 |        149 |        149 |       0 |    0 |    163 |      0 |      0 |    0 |          0 |
|         inst                                                                                |                                                         u_ila_0_u_ila_0_0_axis_itct_v1_0_1_axis_itct |        149 |        149 |       0 |    0 |    163 |      0 |      0 |    0 |          0 |
|           u_mu_itct                                                                         |                                                           u_ila_0_u_ila_0_0_axis_itct_v1_0_1_mu_itct |        149 |        149 |       0 |    0 |    163 |      0 |      0 |    0 |          0 |
|             (u_mu_itct)                                                                     |                                                           u_ila_0_u_ila_0_0_axis_itct_v1_0_1_mu_itct |         77 |         77 |       0 |    0 |     75 |      0 |      0 |    0 |          0 |
|             u_cfg_en                                                                        |                                                            u_ila_0_u_ila_0_0_axis_itct_v1_0_1_cfg_en |         72 |         72 |       0 |    0 |     88 |      0 |      0 |    0 |          0 |
+---------------------------------------------------------------------------------------------+------------------------------------------------------------------------------------------------------+------------+------------+---------+------+--------+--------+--------+------+------------+
* Note: The sum of lower-level cells may be larger than their parent cells total, due to cross-hierarchy LUT combining


